#include "MIDISong.h"

// xxd -i Beethoven-Hammerklaviersonate-3.mid

const uint8_t MIDISong[57082]{
  0x4d, 0x54, 0x68, 0x64, 0x00, 0x00, 0x00, 0x06, 0x00, 0x01, 0x00, 0x04, 0x01, 0xe0, 0x4d, 0x54, 0x72, 0x6b, 0x00,
  0x00, 0x21, 0x00, 0x00, 0xff, 0x03, 0x2a, 0x42, 0x65, 0x65, 0x74, 0x68, 0x6f, 0x76, 0x65, 0x6e, 0x20, 0xe2, 0x80,
  0x93, 0x20, 0x48, 0x61, 0x6d, 0x6d, 0x65, 0x72, 0x6b, 0x6c, 0x61, 0x76, 0x69, 0x65, 0x72, 0x73, 0x6f, 0x6e, 0x61,
  0x74, 0x65, 0x2c, 0x20, 0x33, 0x2e, 0x20, 0x53, 0x61, 0x74, 0x7a, 0x00, 0xff, 0x02, 0x13, 0x42, 0x65, 0x72, 0x6e,
  0x64, 0x20, 0x4b, 0x72, 0x75, 0x65, 0x67, 0x65, 0x72, 0x2c, 0x20, 0x32, 0x30, 0x30, 0x38, 0x00, 0xff, 0x01, 0x15,
  0x44, 0x61, 0x75, 0x65, 0x72, 0x3a, 0x20, 0x31, 0x32, 0x3a, 0x34, 0x34, 0x20, 0x4d, 0x69, 0x6e, 0x75, 0x74, 0x65,
  0x6e, 0x0a, 0x00, 0xff, 0x58, 0x04, 0x06, 0x03, 0x0c, 0x08, 0x00, 0xff, 0x59, 0x02, 0x03, 0x00, 0x00, 0xff, 0x51,
  0x03, 0x13, 0xe7, 0x1c, 0x8f, 0x00, 0xff, 0x51, 0x03, 0x14, 0x92, 0xdb, 0x81, 0x70, 0xff, 0x51, 0x03, 0x14, 0x1f,
  0x19, 0x81, 0x70, 0xff, 0x51, 0x03, 0x13, 0x7a, 0xb4, 0x81, 0x70, 0xff, 0x51, 0x03, 0x15, 0x8a, 0xb5, 0x81, 0x70,
  0xff, 0x51, 0x03, 0x13, 0xe7, 0x1c, 0x89, 0x30, 0xff, 0x51, 0x03, 0x15, 0x0b, 0xee, 0x81, 0x70, 0xff, 0x51, 0x03,
  0x13, 0xb0, 0x53, 0x87, 0x40, 0xff, 0x51, 0x03, 0x13, 0x12, 0xd0, 0x81, 0x70, 0xff, 0x51, 0x03, 0x15, 0x0b, 0xee,
  0x81, 0x70, 0xff, 0x51, 0x03, 0x13, 0xe7, 0x1c, 0x8b, 0x20, 0xff, 0x51, 0x03, 0x13, 0xe7, 0x1c, 0x81, 0x70, 0xff,
  0x51, 0x03, 0x13, 0x46, 0x36, 0x81, 0x70, 0xff, 0x51, 0x03, 0x14, 0xce, 0xb4, 0x81, 0x70, 0xff, 0x51, 0x03, 0x14,
  0x1f, 0x19, 0x83, 0x60, 0xff, 0x51, 0x03, 0x15, 0x4a, 0x95, 0x81, 0x70, 0xff, 0x51, 0x03, 0x14, 0x1f, 0x19, 0x87,
  0x40, 0xff, 0x51, 0x03, 0x13, 0x7a, 0xb4, 0x81, 0x70, 0xff, 0x51, 0x03, 0x14, 0x1f, 0x19, 0x81, 0x70, 0xff, 0x51,
  0x03, 0x14, 0x58, 0x55, 0x83, 0x60, 0xff, 0x51, 0x03, 0x15, 0x0b, 0xee, 0x81, 0x70, 0xff, 0x51, 0x03, 0x14, 0x1f,
  0x19, 0x83, 0x60, 0xff, 0x51, 0x03, 0x15, 0x8a, 0xb5, 0x81, 0x70, 0xff, 0x51, 0x03, 0x13, 0x7a, 0xb4, 0x81, 0x70,
  0xff, 0x51, 0x03, 0x14, 0x1f, 0x19, 0x81, 0x70, 0xff, 0x51, 0x03, 0x15, 0x0b, 0xee, 0x81, 0x70, 0xff, 0x51, 0x03,
  0x14, 0x1f, 0x19, 0x83, 0x60, 0xff, 0x51, 0x03, 0x15, 0x4a, 0x95, 0x81, 0x70, 0xff, 0x51, 0x03, 0x13, 0xe7, 0x1c,
  0x83, 0x60, 0xff, 0x51, 0x03, 0x14, 0xce, 0xb4, 0x81, 0x70, 0xff, 0x51, 0x03, 0x13, 0xe7, 0x1c, 0x84, 0x58, 0xff,
  0x51, 0x03, 0x16, 0x9b, 0x09, 0x78, 0xff, 0x51, 0x03, 0x14, 0x1f, 0x19, 0x87, 0x40, 0xff, 0x51, 0x03, 0x13, 0x7a,
  0xb4, 0x81, 0x70, 0xff, 0x51, 0x03, 0x13, 0xe7, 0x1c, 0x78, 0xff, 0x51, 0x03, 0x18, 0x17, 0xc3, 0x78, 0xff, 0x51,
  0x03, 0x13, 0x7a, 0xb4, 0x81, 0x70, 0xff, 0x51, 0x03, 0x14, 0x1f, 0x19, 0x81, 0x70, 0xff, 0x51, 0x03, 0x15, 0x4a,
  0x95, 0x81, 0x70, 0xff, 0x51, 0x03, 0x14, 0x92, 0xdb, 0x83, 0x60, 0xff, 0x51, 0x03, 0x16, 0x9b, 0x09, 0x81, 0x70,
  0xff, 0x51, 0x03, 0x14, 0x58, 0x55, 0x81, 0x70, 0xff, 0x51, 0x03, 0x13, 0xb0, 0x53, 0x81, 0x70, 0xff, 0x51, 0x03,
  0x14, 0x58, 0x55, 0x85, 0x50, 0xff, 0x51, 0x03, 0x15, 0xcc, 0x5b, 0x81, 0x70, 0xff, 0x51, 0x03, 0x14, 0x58, 0x55,
  0x83, 0x60, 0xff, 0x51, 0x03, 0x15, 0xcc, 0x5b, 0x81, 0x70, 0xff, 0x51, 0x03, 0x14, 0x58, 0x55, 0x83, 0x60, 0xff,
  0x51, 0x03, 0x15, 0x0b, 0xee, 0x81, 0x70, 0xff, 0x51, 0x03, 0x13, 0xb0, 0x53, 0x83, 0x60, 0xff, 0x51, 0x03, 0x15,
  0xcc, 0x5b, 0x81, 0x70, 0xff, 0x51, 0x03, 0x14, 0x1f, 0x19, 0x83, 0x60, 0xff, 0x51, 0x03, 0x15, 0x8a, 0xb5, 0x81,
  0x70, 0xff, 0x51, 0x03, 0x14, 0x1f, 0x19, 0x81, 0x70, 0xff, 0x51, 0x03, 0x13, 0x7a, 0xb4, 0x81, 0x70, 0xff, 0x51,
  0x03, 0x14, 0x1f, 0x19, 0x81, 0x70, 0xff, 0x51, 0x03, 0x14, 0x58, 0x55, 0x83, 0x60, 0xff, 0x51, 0x03, 0x15, 0x0b,
  0xee, 0x81, 0x70, 0xff, 0x51, 0x03, 0x14, 0x58, 0x55, 0x83, 0x60, 0xff, 0x51, 0x03, 0x15, 0x0b, 0xee, 0x81, 0x70,
  0xff, 0x51, 0x03, 0x14, 0x1f, 0x19, 0x81, 0x70, 0xff, 0x51, 0x03, 0x13, 0x7a, 0xb4, 0x81, 0x70, 0xff, 0x51, 0x03,
  0x14, 0x1f, 0x19, 0x81, 0x70, 0xff, 0x51, 0x03, 0x13, 0x12, 0xd0, 0x81, 0x70, 0xff, 0x51, 0x03, 0x13, 0xb0, 0x53,
  0x81, 0x70, 0xff, 0x51, 0x03, 0x15, 0x0b, 0xee, 0x81, 0x70, 0xff, 0x51, 0x03, 0x14, 0x92, 0xdb, 0x81, 0x70, 0xff,
  0x51, 0x03, 0x13, 0x7a, 0xb4, 0x81, 0x70, 0xff, 0x51, 0x03, 0x13, 0xe7, 0x1c, 0x81, 0x70, 0xff, 0x51, 0x03, 0x14,
  0x1f, 0x19, 0x83, 0x60, 0xff, 0x51, 0x03, 0x14, 0xce, 0xb4, 0x81, 0x70, 0xff, 0x51, 0x03, 0x14, 0x1f, 0x19, 0x81,
  0x70, 0xff, 0x51, 0x03, 0x13, 0x7a, 0xb4, 0x81, 0x70, 0xff, 0x51, 0x03, 0x13, 0xe7, 0x1c, 0x78, 0xff, 0x51, 0x03,
  0x18, 0x17, 0xc3, 0x78, 0xff, 0x51, 0x03, 0x13, 0xe7, 0x1c, 0x81, 0x70, 0xff, 0x51, 0x03, 0x14, 0x92, 0xdb, 0x81,
  0x70, 0xff, 0x51, 0x03, 0x14, 0xce, 0xb4, 0x81, 0x70, 0xff, 0x51, 0x03, 0x14, 0x92, 0xdb, 0x81, 0x70, 0xff, 0x51,
  0x03, 0x13, 0x7a, 0xb4, 0x78, 0xff, 0x51, 0x03, 0x13, 0xb0, 0x53, 0x78, 0xff, 0x51, 0x03, 0x14, 0xce, 0xb4, 0x78,
  0xff, 0x51, 0x03, 0x15, 0xcc, 0x5b, 0x78, 0xff, 0x51, 0x03, 0x14, 0x58, 0x55, 0x89, 0x30, 0xff, 0x51, 0x03, 0x15,
  0xcc, 0x5b, 0x81, 0x70, 0xff, 0x51, 0x03, 0x14, 0x58, 0x55, 0x83, 0x60, 0xff, 0x51, 0x03, 0x14, 0x92, 0xdb, 0x81,
  0x70, 0xff, 0x51, 0x03, 0x13, 0xb0, 0x53, 0x81, 0x70, 0xff, 0x51, 0x03, 0x14, 0x1f, 0x19, 0x81, 0x70, 0xff, 0x51,
  0x03, 0x15, 0x0b, 0xee, 0x81, 0x70, 0xff, 0x51, 0x03, 0x13, 0xb0, 0x53, 0x83, 0x60, 0xff, 0x51, 0x03, 0x13, 0xe7,
  0x1c, 0x81, 0x70, 0xff, 0x51, 0x03, 0x15, 0x4a, 0x95, 0x81, 0x70, 0xff, 0x51, 0x03, 0x13, 0xe7, 0x1c, 0x81, 0x70,
  0xff, 0x51, 0x03, 0x14, 0x92, 0xdb, 0x81, 0x70, 0xff, 0x51, 0x03, 0x14, 0x1f, 0x19, 0x81, 0x70, 0xff, 0x51, 0x03,
  0x13, 0x7a, 0xb4, 0x81, 0x70, 0xff, 0x51, 0x03, 0x14, 0x1f, 0x19, 0x81, 0x70, 0xff, 0x51, 0x03, 0x14, 0x58, 0x55,
  0x83, 0x60, 0xff, 0x51, 0x03, 0x15, 0x0b, 0xee, 0x81, 0x70, 0xff, 0x51, 0x03, 0x14, 0x1f, 0x19, 0x81, 0x70, 0xff,
  0x51, 0x03, 0x13, 0x7a, 0xb4, 0x81, 0x70, 0xff, 0x51, 0x03, 0x14, 0x1f, 0x19, 0x81, 0x70, 0xff, 0x51, 0x03, 0x14,
  0x1f, 0x19, 0x81, 0x70, 0xff, 0x51, 0x03, 0x13, 0x7a, 0xb4, 0x81, 0x70, 0xff, 0x51, 0x03, 0x14, 0x1f, 0x19, 0x81,
  0x70, 0xff, 0x51, 0x03, 0x15, 0x4a, 0x95, 0x81, 0x70, 0xff, 0x51, 0x03, 0x13, 0x7a, 0xb4, 0x81, 0x70, 0xff, 0x51,
  0x03, 0x14, 0x1f, 0x19, 0x81, 0x70, 0xff, 0x51, 0x03, 0x16, 0x54, 0x77, 0x81, 0x70, 0xff, 0x51, 0x03, 0x13, 0x7a,
  0xb4, 0x81, 0x70, 0xff, 0x51, 0x03, 0x14, 0x1f, 0x19, 0x81, 0x70, 0xff, 0x51, 0x03, 0x14, 0x1f, 0x19, 0x81, 0x70,
  0xff, 0x51, 0x03, 0x15, 0x0b, 0xee, 0x81, 0x70, 0xff, 0x51, 0x03, 0x13, 0xe7, 0x1c, 0x81, 0x70, 0xff, 0x51, 0x03,
  0x14, 0x1f, 0x19, 0x81, 0x70, 0xff, 0x51, 0x03, 0x15, 0x0b, 0xee, 0x81, 0x70, 0xff, 0x51, 0x03, 0x13, 0xb0, 0x53,
  0x81, 0x70, 0xff, 0x51, 0x03, 0x14, 0x58, 0x55, 0x87, 0x40, 0xff, 0x51, 0x03, 0x14, 0x1f, 0x19, 0x81, 0x70, 0xff,
  0x51, 0x03, 0x15, 0x0b, 0xee, 0x81, 0x70, 0xff, 0x51, 0x03, 0x14, 0x1f, 0x19, 0x82, 0x68, 0xff, 0x51, 0x03, 0x16,
  0x0f, 0x97, 0x78, 0xff, 0x51, 0x03, 0x14, 0x1f, 0x19, 0x87, 0x40, 0xff, 0x51, 0x03, 0x15, 0x0b, 0xee, 0x81, 0x70,
  0xff, 0x51, 0x03, 0x14, 0x1f, 0x19, 0x78, 0xff, 0x51, 0x03, 0x15, 0x4a, 0x95, 0x78, 0xff, 0x51, 0x03, 0x13, 0xe7,
  0x1c, 0x87, 0x40, 0xff, 0x51, 0x03, 0x14, 0x58, 0x55, 0x87, 0x40, 0xff, 0x51, 0x03, 0x14, 0x1f, 0x19, 0x81, 0x70,
  0xff, 0x51, 0x03, 0x15, 0x0b, 0xee, 0x81, 0x61, 0xff, 0x51, 0x03, 0x15, 0x0b, 0xee, 0x27, 0xff, 0x51, 0x03, 0x14,
  0xce, 0xb4, 0x13, 0xff, 0x51, 0x03, 0x14, 0x92, 0xdb, 0x13, 0xff, 0x51, 0x03, 0x14, 0x58, 0x55, 0x27, 0xff, 0x51,
  0x03, 0x14, 0x1f, 0x19, 0x13, 0xff, 0x51, 0x03, 0x13, 0xe7, 0x1c, 0x13, 0xff, 0x51, 0x03, 0x13, 0xb0, 0x53, 0x26,
  0xff, 0x51, 0x03, 0x13, 0x7a, 0xb4, 0x14, 0xff, 0x51, 0x03, 0x13, 0x46, 0x36, 0x13, 0xff, 0x51, 0x03, 0x13, 0x12,
  0xd0, 0x13, 0xff, 0x51, 0x03, 0x12, 0xe0, 0x79, 0x7d, 0xff, 0x51, 0x03, 0x16, 0x0f, 0x97, 0x78, 0xff, 0x51, 0x03,
  0x14, 0x1f, 0x19, 0x78, 0xff, 0x51, 0x03, 0x15, 0x0b, 0xee, 0x78, 0xff, 0x51, 0x03, 0x14, 0x1f, 0x19, 0x82, 0x68,
  0xff, 0x51, 0x03, 0x15, 0x8a, 0xb5, 0x78, 0xff, 0x51, 0x03, 0x14, 0x1f, 0x19, 0x81, 0x70, 0xff, 0x51, 0x03, 0x15,
  0x0b, 0xee, 0x81, 0x70, 0xff, 0x51, 0x03, 0x14, 0x1f, 0x19, 0x78, 0xff, 0x51, 0x03, 0x15, 0x4a, 0x95, 0x78, 0xff,
  0x51, 0x03, 0x13, 0xe7, 0x1c, 0x87, 0x40, 0xff, 0x51, 0x03, 0x14, 0x58, 0x55, 0x87, 0x40, 0xff, 0x51, 0x03, 0x14,
  0x1f, 0x19, 0x81, 0x70, 0xff, 0x51, 0x03, 0x15, 0x0b, 0xee, 0x81, 0x70, 0xff, 0x51, 0x03, 0x14, 0x58, 0x55, 0x81,
  0x62, 0xff, 0x51, 0x03, 0x13, 0xb0, 0x53, 0x83, 0x3a, 0xff, 0x51, 0x03, 0x14, 0x1f, 0x19, 0x81, 0x40, 0xff, 0x51,
  0x03, 0x14, 0x58, 0x55, 0x81, 0x40, 0xff, 0x51, 0x03, 0x14, 0x92, 0xdb, 0x81, 0x2c, 0xff, 0x51, 0x03, 0x14, 0xce,
  0xb4, 0x81, 0x58, 0xff, 0x51, 0x03, 0x14, 0x58, 0x55, 0x82, 0x68, 0xff, 0x51, 0x03, 0x13, 0xb0, 0x53, 0x83, 0x60,
  0xff, 0x51, 0x03, 0x14, 0x58, 0x55, 0x78, 0xff, 0x51, 0x03, 0x14, 0x1f, 0x19, 0x78, 0xff, 0x51, 0x03, 0x13, 0xb0,
  0x53, 0x78, 0xff, 0x51, 0x03, 0x14, 0x92, 0xdb, 0x81, 0x70, 0xff, 0x51, 0x03, 0x13, 0xb0, 0x53, 0x78, 0xff, 0x51,
  0x03, 0x14, 0xce, 0xb4, 0x78, 0xff, 0x51, 0x03, 0x14, 0x58, 0x55, 0x78, 0xff, 0x51, 0x03, 0x13, 0xe7, 0x1c, 0x78,
  0xff, 0x51, 0x03, 0x13, 0xe7, 0x1c, 0x82, 0x68, 0xff, 0x51, 0x03, 0x14, 0xce, 0xb4, 0x78, 0xff, 0x51, 0x03, 0x14,
  0x1f, 0x19, 0x78, 0xff, 0x51, 0x03, 0x13, 0xe7, 0x1c, 0x78, 0xff, 0x51, 0x03, 0x14, 0x58, 0x55, 0x81, 0x70, 0xff,
  0x51, 0x03, 0x14, 0x58, 0x55, 0x85, 0x50, 0xff, 0x51, 0x03, 0x16, 0x0f, 0x97, 0x78, 0xff, 0x51, 0x03, 0x14, 0x58,
  0x55, 0x78, 0xff, 0x51, 0x03, 0x14, 0x58, 0x55, 0x12, 0xff, 0x51, 0x03, 0x14, 0x92, 0xdb, 0x4d, 0xff, 0x51, 0x03,
  0x14, 0xce, 0xb4, 0x3a, 0xff, 0x51, 0x03, 0x15, 0x0b, 0xee, 0x39, 0xff, 0x51, 0x03, 0x15, 0x4a, 0x95, 0x3a, 0xff,
  0x51, 0x03, 0x15, 0x8a, 0xb5, 0x3a, 0xff, 0x51, 0x03, 0x15, 0xcc, 0x5b, 0x22, 0xff, 0x51, 0x03, 0x19, 0x15, 0x3c,
  0x78, 0xff, 0x51, 0x03, 0x13, 0xb0, 0x53, 0x84, 0x58, 0xff, 0x51, 0x03, 0x15, 0x4a, 0x95, 0x78, 0xff, 0x51, 0x03,
  0x13, 0xb0, 0x53, 0x84, 0x58, 0xff, 0x51, 0x03, 0x15, 0x4a, 0x95, 0x78, 0xff, 0x51, 0x03, 0x13, 0xb0, 0x53, 0x84,
  0x58, 0xff, 0x51, 0x03, 0x15, 0x4a, 0x95, 0x78, 0xff, 0x51, 0x03, 0x13, 0xb0, 0x53, 0x84, 0x58, 0xff, 0x51, 0x03,
  0x15, 0x4a, 0x95, 0x78, 0xff, 0x59, 0x02, 0x02, 0x00, 0x00, 0xff, 0x51, 0x03, 0x13, 0xb0, 0x53, 0x84, 0x58, 0xff,
  0x51, 0x03, 0x15, 0x0b, 0xee, 0x78, 0xff, 0x51, 0x03, 0x13, 0x7a, 0xb4, 0x84, 0x58, 0xff, 0x51, 0x03, 0x16, 0x9b,
  0x09, 0x78, 0xff, 0x51, 0x03, 0x14, 0x58, 0x55, 0x81, 0x70, 0xff, 0x51, 0x03, 0x13, 0xe7, 0x1c, 0x82, 0x68, 0xff,
  0x51, 0x03, 0x15, 0xcc, 0x5b, 0x78, 0xff, 0x51, 0x03, 0x14, 0x1f, 0x19, 0x84, 0x58, 0xff, 0x51, 0x03, 0x16, 0x54,
  0x77, 0x78, 0xff, 0x51, 0x03, 0x14, 0x58, 0x55, 0x82, 0x68, 0xff, 0x51, 0x03, 0x16, 0x54, 0x77, 0x78, 0xff, 0x51,
  0x03, 0x14, 0x92, 0xdb, 0x84, 0x58, 0xff, 0x51, 0x03, 0x16, 0x54, 0x77, 0x83, 0x36, 0xff, 0x51, 0x03, 0x16, 0xe3,
  0x60, 0x39, 0xff, 0x51, 0x03, 0x16, 0x9b, 0x09, 0x3a, 0xff, 0x51, 0x03, 0x16, 0x54, 0x77, 0x3a, 0xff, 0x51, 0x03,
  0x16, 0x0f, 0x97, 0x26, 0xff, 0x51, 0x03, 0x15, 0xcc, 0x5b, 0x13, 0xff, 0x51, 0x03, 0x15, 0x8a, 0xb5, 0x81, 0x53,
  0xff, 0x51, 0x03, 0x15, 0xcc, 0x5b, 0x81, 0x54, 0xff, 0x51, 0x03, 0x16, 0x0f, 0x97, 0x81, 0x40, 0xff, 0x51, 0x03,
  0x16, 0x54, 0x77, 0x13, 0xff, 0x51, 0x03, 0x16, 0xe3, 0x60, 0x13, 0xff, 0x51, 0x03, 0x17, 0x2d, 0x8b, 0x26, 0xff,
  0x51, 0x03, 0x17, 0x79, 0x9e, 0x27, 0xff, 0x51, 0x03, 0x17, 0xc7, 0xaa, 0x13, 0xff, 0x51, 0x03, 0x18, 0x17, 0xc3,
  0x26, 0xff, 0x51, 0x03, 0x19, 0x15, 0x3c, 0x4d, 0xff, 0x51, 0x03, 0x19, 0x6e, 0x6b, 0x60, 0xff, 0x51, 0x03, 0x19,
  0xca, 0x1d, 0x4d, 0xff, 0x51, 0x03, 0x1a, 0x28, 0x6e, 0x5f, 0xff, 0x51, 0x03, 0x14, 0x58, 0x55, 0x89, 0x30, 0xff,
  0x51, 0x03, 0x13, 0x12, 0xd0, 0x78, 0xff, 0x51, 0x03, 0x15, 0x0b, 0xee, 0x78, 0xff, 0x51, 0x03, 0x14, 0x1f, 0x19,
  0x81, 0x70, 0xff, 0x51, 0x03, 0x13, 0x7a, 0xb4, 0x81, 0x70, 0xff, 0x51, 0x03, 0x12, 0xaf, 0x2a, 0x78, 0xff, 0x51,
  0x03, 0x15, 0x0b, 0xee, 0x78, 0xff, 0x51, 0x03, 0x12, 0xe0, 0x79, 0x78, 0xff, 0x51, 0x03, 0x14, 0x58, 0x55, 0x78,
  0xff, 0x51, 0x03, 0x14, 0x1f, 0x19, 0x82, 0x68, 0xff, 0x51, 0x03, 0x15, 0xcc, 0x5b, 0x78, 0xff, 0x51, 0x03, 0x13,
  0xe7, 0x1c, 0x81, 0x70, 0xff, 0x51, 0x03, 0x14, 0x92, 0xdb, 0x81, 0x70, 0xff, 0x51, 0x03, 0x14, 0x1f, 0x19, 0x81,
  0x70, 0xff, 0x51, 0x03, 0x14, 0x1f, 0x19, 0x81, 0x70, 0xff, 0x51, 0x03, 0x13, 0xb0, 0x53, 0x81, 0x70, 0xff, 0x51,
  0x03, 0x12, 0xe0, 0x79, 0x78, 0xff, 0x51, 0x03, 0x15, 0x0b, 0xee, 0x78, 0xff, 0x51, 0x03, 0x14, 0x1f, 0x19, 0x81,
  0x70, 0xff, 0x51, 0x03, 0x13, 0xb0, 0x53, 0x81, 0x70, 0xff, 0x51, 0x03, 0x12, 0xaf, 0x2a, 0x78, 0xff, 0x51, 0x03,
  0x15, 0x0b, 0xee, 0x78, 0xff, 0x51, 0x03, 0x12, 0xe0, 0x79, 0x78, 0xff, 0x51, 0x03, 0x14, 0x58, 0x55, 0x78, 0xff,
  0x51, 0x03, 0x14, 0x1f, 0x19, 0x82, 0x68, 0xff, 0x51, 0x03, 0x15, 0xcc, 0x5b, 0x78, 0xff, 0x51, 0x03, 0x14, 0x58,
  0x55, 0x81, 0x70, 0xff, 0x51, 0x03, 0x13, 0xe7, 0x1c, 0x82, 0x68, 0xff, 0x51, 0x03, 0x14, 0xce, 0xb4, 0x78, 0xff,
  0x51, 0x03, 0x14, 0x1f, 0x19, 0x83, 0x60, 0xff, 0x51, 0x03, 0x15, 0x0b, 0xee, 0x78, 0xff, 0x51, 0x03, 0x16, 0xe3,
  0x60, 0x78, 0xff, 0x51, 0x03, 0x14, 0x1f, 0x19, 0x81, 0x70, 0xff, 0x51, 0x03, 0x13, 0x7a, 0xb4, 0x81, 0x70, 0xff,
  0x51, 0x03, 0x12, 0xaf, 0x2a, 0x78, 0xff, 0x51, 0x03, 0x16, 0x0f, 0x97, 0x78, 0xff, 0x51, 0x03, 0x13, 0x12, 0xd0,
  0x78, 0xff, 0x51, 0x03, 0x14, 0x58, 0x55, 0x78, 0xff, 0x51, 0x03, 0x13, 0xb0, 0x53, 0x82, 0x68, 0xff, 0x51, 0x03,
  0x15, 0xcc, 0x5b, 0x78, 0xff, 0x51, 0x03, 0x14, 0x58, 0x55, 0x81, 0x70, 0xff, 0x51, 0x03, 0x13, 0xe7, 0x1c, 0x78,
  0xff, 0x51, 0x03, 0x15, 0x0b, 0xee, 0x78, 0xff, 0x51, 0x03, 0x14, 0x1f, 0x19, 0x81, 0x70, 0xff, 0x51, 0x03, 0x14,
  0x1f, 0x19, 0x83, 0x60, 0xff, 0x51, 0x03, 0x13, 0xb0, 0x53, 0x78, 0xff, 0x51, 0x03, 0x15, 0x0b, 0xee, 0x78, 0xff,
  0x51, 0x03, 0x14, 0x1f, 0x19, 0x81, 0x70, 0xff, 0x51, 0x03, 0x13, 0xb0, 0x53, 0x81, 0x70, 0xff, 0x51, 0x03, 0x13,
  0x46, 0x36, 0x78, 0xff, 0x51, 0x03, 0x15, 0x0b, 0xee, 0x78, 0xff, 0x51, 0x03, 0x13, 0x12, 0xd0, 0x78, 0xff, 0x51,
  0x03, 0x14, 0x58, 0x55, 0x78, 0xff, 0x51, 0x03, 0x13, 0xb0, 0x53, 0x81, 0x70, 0xff, 0x51, 0x03, 0x14, 0x1f, 0x19,
  0x78, 0xff, 0x51, 0x03, 0x15, 0xcc, 0x5b, 0x78, 0xff, 0x51, 0x03, 0x13, 0xb0, 0x53, 0x81, 0x70, 0xff, 0x51, 0x03,
  0x13, 0x46, 0x36, 0x83, 0x10, 0xff, 0x51, 0x03, 0x15, 0x4a, 0x95, 0x50, 0xff, 0x51, 0x03, 0x13, 0x7a, 0xb4, 0x81,
  0x70, 0xff, 0x51, 0x03, 0x12, 0x4f, 0x80, 0x50, 0xff, 0x51, 0x03, 0x12, 0xaf, 0x2a, 0x82, 0x40, 0xff, 0x51, 0x03,
  0x14, 0xce, 0xb4, 0x50, 0xff, 0x51, 0x03, 0x13, 0xb0, 0x53, 0x81, 0x70, 0xff, 0x51, 0x03, 0x13, 0x46, 0x36, 0x83,
  0x10, 0xff, 0x51, 0x03, 0x15, 0x4a, 0x95, 0x50, 0xff, 0x51, 0x03, 0x13, 0x7a, 0xb4, 0x81, 0x70, 0xff, 0x51, 0x03,
  0x12, 0x4f, 0x80, 0x50, 0xff, 0x51, 0x03, 0x12, 0xaf, 0x2a, 0x82, 0x40, 0xff, 0x51, 0x03, 0x14, 0xce, 0xb4, 0x50,
  0xff, 0x51, 0x03, 0x13, 0xb0, 0x53, 0x81, 0x70, 0xff, 0x51, 0x03, 0x13, 0x46, 0x36, 0x83, 0x10, 0xff, 0x51, 0x03,
  0x15, 0x4a, 0x95, 0x50, 0xff, 0x51, 0x03, 0x13, 0x7a, 0xb4, 0x81, 0x70, 0xff, 0x51, 0x03, 0x12, 0x4f, 0x80, 0x50,
  0xff, 0x51, 0x03, 0x12, 0xaf, 0x2a, 0x82, 0x40, 0xff, 0x51, 0x03, 0x14, 0xce, 0xb4, 0x50, 0xff, 0x51, 0x03, 0x13,
  0x7a, 0xb4, 0x81, 0x70, 0xff, 0x51, 0x03, 0x12, 0x4f, 0x80, 0x50, 0xff, 0x51, 0x03, 0x12, 0xaf, 0x2a, 0x82, 0x40,
  0xff, 0x51, 0x03, 0x14, 0xce, 0xb4, 0x50, 0xff, 0x51, 0x03, 0x13, 0x7a, 0xb4, 0x81, 0x70, 0xff, 0x51, 0x03, 0x14,
  0x1f, 0x19, 0x81, 0x70, 0xff, 0x51, 0x03, 0x14, 0xce, 0xb4, 0x08, 0xff, 0x51, 0x03, 0x14, 0x1f, 0x19, 0x26, 0xff,
  0x51, 0x03, 0x14, 0x58, 0x55, 0x27, 0xff, 0x51, 0x03, 0x14, 0x92, 0xdb, 0x13, 0xff, 0x51, 0x03, 0x14, 0xce, 0xb4,
  0x10, 0xff, 0x51, 0x03, 0x1a, 0x89, 0x7a, 0x78, 0xff, 0x51, 0x03, 0x15, 0x0b, 0xee, 0x8d, 0x10, 0xff, 0x51, 0x03,
  0x15, 0x0b, 0xee, 0x81, 0x70, 0xff, 0x51, 0x03, 0x14, 0xce, 0xb4, 0x78, 0xff, 0x51, 0x03, 0x16, 0xe3, 0x60, 0x78,
  0xff, 0x51, 0x03, 0x15, 0x0b, 0xee, 0x81, 0x70, 0xff, 0x51, 0x03, 0x14, 0x58, 0x55, 0x83, 0x60, 0xff, 0x51, 0x03,
  0x13, 0x46, 0x36, 0x81, 0x7a, 0xff, 0x51, 0x03, 0x13, 0x46, 0x36, 0x73, 0xff, 0x51, 0x03, 0x13, 0x7a, 0xb4, 0x60,
  0xff, 0x51, 0x03, 0x13, 0xb0, 0x53, 0x60, 0xff, 0x51, 0x03, 0x13, 0xe7, 0x1c, 0x60, 0xff, 0x51, 0x03, 0x14, 0x1f,
  0x19, 0x07, 0xff, 0x51, 0x03, 0x18, 0x17, 0xc3, 0x3c, 0xff, 0x51, 0x03, 0x14, 0x58, 0x55, 0x1d, 0xff, 0x51, 0x03,
  0x14, 0x58, 0x55, 0x84, 0x77, 0xff, 0x51, 0x03, 0x13, 0x12, 0xd0, 0x3c, 0xff, 0x51, 0x03, 0x12, 0xaf, 0x2a, 0x81,
  0x20, 0xff, 0x51, 0x03, 0x15, 0xcc, 0x5b, 0x50, 0xff, 0x51, 0x03, 0x12, 0x7e, 0xd9, 0x81, 0x34, 0xff, 0x51, 0x03,
  0x16, 0x54, 0x77, 0x2a, 0xff, 0x51, 0x03, 0x11, 0x9b, 0x36, 0x26, 0xff, 0x51, 0x03, 0x11, 0xc6, 0xf9, 0x27, 0xff,
  0x51, 0x03, 0x11, 0xf3, 0x97, 0x13, 0xff, 0x51, 0x03, 0x12, 0x21, 0x17, 0x26, 0xff, 0x51, 0x03, 0x12, 0x4f, 0x80,
  0x13, 0xff, 0x51, 0x03, 0x12, 0x7e, 0xd9, 0x2d, 0xff, 0x51, 0x03, 0x1b, 0x54, 0x45, 0x2b, 0xff, 0x51, 0x03, 0x13,
  0xe7, 0x1c, 0x89, 0x41, 0xff, 0x51, 0x03, 0x13, 0x7a, 0xb4, 0x81, 0x70, 0xff, 0x51, 0x03, 0x14, 0x1f, 0x19, 0x83,
  0x60, 0xff, 0x51, 0x03, 0x13, 0xe7, 0x1c, 0x81, 0x70, 0xff, 0x51, 0x03, 0x13, 0xb0, 0x53, 0x81, 0x70, 0xff, 0x51,
  0x03, 0x14, 0x92, 0xdb, 0x81, 0x70, 0xff, 0x51, 0x03, 0x13, 0xe7, 0x1c, 0x81, 0x70, 0xff, 0x51, 0x03, 0x13, 0x7a,
  0xb4, 0x81, 0x70, 0xff, 0x51, 0x03, 0x14, 0x92, 0xdb, 0x81, 0x70, 0xff, 0x51, 0x03, 0x15, 0x4a, 0x95, 0x81, 0x70,
  0xff, 0x51, 0x03, 0x14, 0x58, 0x55, 0x89, 0x30, 0xff, 0x51, 0x03, 0x16, 0x9b, 0x09, 0x81, 0x70, 0xff, 0x51, 0x03,
  0x14, 0x1f, 0x19, 0x8b, 0x20, 0xff, 0x51, 0x03, 0x14, 0x58, 0x55, 0x89, 0x30, 0xff, 0x51, 0x03, 0x15, 0xcc, 0x5b,
  0x81, 0x70, 0xff, 0x51, 0x03, 0x14, 0x1f, 0x19, 0x85, 0x50, 0xff, 0x51, 0x03, 0x13, 0x12, 0xd0, 0x81, 0x70, 0xff,
  0x51, 0x03, 0x14, 0x1f, 0x19, 0x89, 0x30, 0xff, 0x51, 0x03, 0x13, 0xe7, 0x1c, 0x89, 0x30, 0xff, 0x51, 0x03, 0x13,
  0x7a, 0xb4, 0x81, 0x70, 0xff, 0x51, 0x03, 0x13, 0xe7, 0x1c, 0x81, 0x63, 0xff, 0x51, 0x03, 0x13, 0x7a, 0xb4, 0x3c,
  0xff, 0x51, 0x03, 0x13, 0xb0, 0x53, 0x3c, 0xff, 0x51, 0x03, 0x13, 0xe7, 0x1c, 0x3c, 0xff, 0x51, 0x03, 0x14, 0x1f,
  0x19, 0x3c, 0xff, 0x51, 0x03, 0x14, 0x58, 0x55, 0x3c, 0xff, 0x51, 0x03, 0x14, 0x92, 0xdb, 0x3c, 0xff, 0x51, 0x03,
  0x14, 0xce, 0xb4, 0x3c, 0xff, 0x51, 0x03, 0x15, 0x0b, 0xee, 0x3c, 0xff, 0x51, 0x03, 0x15, 0x4a, 0x95, 0x0d, 0xff,
  0x51, 0x03, 0x13, 0x7a, 0xb4, 0x81, 0x70, 0xff, 0x51, 0x03, 0x12, 0x7e, 0xd9, 0x81, 0x70, 0xff, 0x51, 0x03, 0x13,
  0x7a, 0xb4, 0x85, 0x50, 0xff, 0x51, 0x03, 0x14, 0x1f, 0x19, 0x81, 0x70, 0xff, 0x51, 0x03, 0x13, 0x46, 0x36, 0x81,
  0x70, 0xff, 0x51, 0x03, 0x12, 0xaf, 0x2a, 0x87, 0x40, 0xff, 0x51, 0x03, 0x14, 0x1f, 0x19, 0x81, 0x70, 0xff, 0x51,
  0x03, 0x13, 0x7a, 0xb4, 0x83, 0x60, 0xff, 0x51, 0x03, 0x14, 0x1f, 0x19, 0x81, 0x70, 0xff, 0x51, 0x03, 0x13, 0x12,
  0xd0, 0x84, 0x58, 0xff, 0x51, 0x03, 0x15, 0x4a, 0x95, 0x78, 0xff, 0x51, 0x03, 0x13, 0x46, 0x36, 0x85, 0x50, 0xff,
  0x51, 0x03, 0x13, 0x12, 0xd0, 0x81, 0x48, 0xff, 0x51, 0x03, 0x13, 0x12, 0xd0, 0x69, 0xff, 0x51, 0x03, 0x13, 0x46,
  0x36, 0x69, 0xff, 0x51, 0x03, 0x13, 0x7a, 0xb4, 0x5a, 0xff, 0x51, 0x03, 0x13, 0xb0, 0x53, 0x69, 0xff, 0x51, 0x03,
  0x13, 0xe7, 0x1c, 0x5a, 0xff, 0x51, 0x03, 0x14, 0x1f, 0x19, 0x19, 0xff, 0x59, 0x02, 0x03, 0x00, 0x85, 0x50, 0xff,
  0x51, 0x03, 0x14, 0x1f, 0x19, 0x81, 0x70, 0xff, 0x51, 0x03, 0x13, 0x46, 0x36, 0x81, 0x70, 0xff, 0x51, 0x03, 0x14,
  0x92, 0xdb, 0x81, 0x70, 0xff, 0x51, 0x03, 0x13, 0xe7, 0x1c, 0x81, 0x70, 0xff, 0x51, 0x03, 0x13, 0x46, 0x36, 0x81,
  0x70, 0xff, 0x51, 0x03, 0x14, 0x1f, 0x19, 0x81, 0x70, 0xff, 0x51, 0x03, 0x13, 0xe7, 0x1c, 0x81, 0x70, 0xff, 0x51,
  0x03, 0x13, 0x46, 0x36, 0x81, 0x70, 0xff, 0x51, 0x03, 0x15, 0x0b, 0xee, 0x81, 0x70, 0xff, 0x51, 0x03, 0x13, 0xe7,
  0x1c, 0x81, 0x70, 0xff, 0x51, 0x03, 0x13, 0x7a, 0xb4, 0x81, 0x70, 0xff, 0x51, 0x03, 0x14, 0x92, 0xdb, 0x81, 0x70,
  0xff, 0x51, 0x03, 0x13, 0xe7, 0x1c, 0x81, 0x70, 0xff, 0x51, 0x03, 0x13, 0x46, 0x36, 0x81, 0x70, 0xff, 0x51, 0x03,
  0x13, 0xe7, 0x1c, 0x81, 0x70, 0xff, 0x59, 0x02, 0xfd, 0x00, 0x00, 0xff, 0x51, 0x03, 0x13, 0x46, 0x36, 0x84, 0x58,
  0xff, 0x51, 0x03, 0x15, 0x0b, 0xee, 0x78, 0xff, 0x51, 0x03, 0x13, 0x46, 0x36, 0x81, 0x70, 0xff, 0x51, 0x03, 0x12,
  0xaf, 0x2a, 0x81, 0x70, 0xff, 0x51, 0x03, 0x13, 0x7a, 0xb4, 0x81, 0x70, 0xff, 0x51, 0x03, 0x13, 0x7a, 0xb4, 0x81,
  0x70, 0xff, 0x51, 0x03, 0x12, 0xaf, 0x2a, 0x81, 0x70, 0xff, 0x51, 0x03, 0x13, 0xe7, 0x1c, 0x81, 0x70, 0xff, 0x51,
  0x03, 0x13, 0x12, 0xd0, 0x81, 0x70, 0xff, 0x51, 0x03, 0x13, 0xb0, 0x53, 0x81, 0x70, 0xff, 0x51, 0x03, 0x13, 0xe7,
  0x1c, 0x81, 0x70, 0xff, 0x51, 0x03, 0x13, 0x7a, 0xb4, 0x83, 0x60, 0xff, 0x51, 0x03, 0x14, 0x1f, 0x19, 0x81, 0x70,
  0xff, 0x51, 0x03, 0x13, 0x7a, 0xb4, 0x81, 0x70, 0xff, 0x51, 0x03, 0x13, 0x12, 0xd0, 0x81, 0x70, 0xff, 0x51, 0x03,
  0x13, 0xe7, 0x1c, 0x81, 0x70, 0xff, 0x51, 0x03, 0x13, 0xe7, 0x1c, 0x81, 0x70, 0xff, 0x51, 0x03, 0x13, 0x46, 0x36,
  0x81, 0x70, 0xff, 0x51, 0x03, 0x14, 0x92, 0xdb, 0x81, 0x70, 0xff, 0x51, 0x03, 0x13, 0x46, 0x36, 0x83, 0x60, 0xff,
  0x51, 0x03, 0x14, 0x1f, 0x19, 0x81, 0x70, 0xff, 0x51, 0x03, 0x13, 0x7a, 0xb4, 0x81, 0x70, 0xff, 0x51, 0x03, 0x13,
  0x46, 0x36, 0x81, 0x70, 0xff, 0x51, 0x03, 0x14, 0x1f, 0x19, 0x81, 0x70, 0xff, 0x51, 0x03, 0x13, 0xb0, 0x53, 0x81,
  0x70, 0xff, 0x51, 0x03, 0x13, 0x12, 0xd0, 0x81, 0x70, 0xff, 0x51, 0x03, 0x14, 0x58, 0x55, 0x81, 0x70, 0xff, 0x59,
  0x02, 0x00, 0x00, 0x00, 0xff, 0x51, 0x03, 0x13, 0x7a, 0xb4, 0x81, 0x70, 0xff, 0x51, 0x03, 0x13, 0x46, 0x36, 0x81,
  0x70, 0xff, 0x51, 0x03, 0x14, 0x1f, 0x19, 0x81, 0x70, 0xff, 0x51, 0x03, 0x13, 0xb0, 0x53, 0x81, 0x70, 0xff, 0x51,
  0x03, 0x13, 0x12, 0xd0, 0x81, 0x70, 0xff, 0x51, 0x03, 0x14, 0x58, 0x55, 0x81, 0x70, 0xff, 0x51, 0x03, 0x13, 0x7a,
  0xb4, 0x81, 0x70, 0xff, 0x51, 0x03, 0x13, 0x46, 0x36, 0x81, 0x70, 0xff, 0x51, 0x03, 0x14, 0x1f, 0x19, 0x81, 0x70,
  0xff, 0x51, 0x03, 0x13, 0xb0, 0x53, 0x81, 0x70, 0xff, 0x51, 0x03, 0x13, 0x12, 0xd0, 0x81, 0x70, 0xff, 0x51, 0x03,
  0x14, 0x58, 0x55, 0x81, 0x70, 0xff, 0x51, 0x03, 0x13, 0x7a, 0xb4, 0x81, 0x70, 0xff, 0x51, 0x03, 0x13, 0x46, 0x36,
  0x81, 0x70, 0xff, 0x51, 0x03, 0x14, 0x1f, 0x19, 0x81, 0x70, 0xff, 0x51, 0x03, 0x13, 0xb0, 0x53, 0x81, 0x70, 0xff,
  0x51, 0x03, 0x13, 0x12, 0xd0, 0x81, 0x70, 0xff, 0x51, 0x03, 0x14, 0x58, 0x55, 0x81, 0x70, 0xff, 0x51, 0x03, 0x13,
  0x7a, 0xb4, 0x81, 0x70, 0xff, 0x51, 0x03, 0x13, 0x46, 0x36, 0x81, 0x70, 0xff, 0x51, 0x03, 0x14, 0x1f, 0x19, 0x81,
  0x70, 0xff, 0x51, 0x03, 0x13, 0xb0, 0x53, 0x81, 0x70, 0xff, 0x51, 0x03, 0x13, 0x12, 0xd0, 0x81, 0x70, 0xff, 0x51,
  0x03, 0x14, 0x58, 0x55, 0x81, 0x70, 0xff, 0x59, 0x02, 0x03, 0x00, 0x85, 0x52, 0xff, 0x51, 0x03, 0x14, 0x1f, 0x19,
  0x81, 0x2d, 0xff, 0x51, 0x03, 0x14, 0x58, 0x55, 0x81, 0x2c, 0xff, 0x51, 0x03, 0x14, 0x92, 0xdb, 0x81, 0x2d, 0xff,
  0x51, 0x03, 0x14, 0xce, 0xb4, 0x81, 0x2d, 0xff, 0x51, 0x03, 0x15, 0x0b, 0xee, 0x85, 0x5a, 0xff, 0x51, 0x03, 0x15,
  0x0b, 0xee, 0x39, 0xff, 0x51, 0x03, 0x15, 0x4a, 0x95, 0x3a, 0xff, 0x51, 0x03, 0x15, 0x8a, 0xb5, 0x26, 0xff, 0x51,
  0x03, 0x15, 0xcc, 0x5b, 0x3a, 0xff, 0x51, 0x03, 0x16, 0x0f, 0x97, 0x26, 0xff, 0x51, 0x03, 0x16, 0x54, 0x77, 0x3a,
  0xff, 0x51, 0x03, 0x16, 0x9b, 0x09, 0x39, 0xff, 0x51, 0x03, 0x16, 0xe3, 0x60, 0x27, 0xff, 0x51, 0x03, 0x17, 0x2d,
  0x8b, 0x39, 0xff, 0x51, 0x03, 0x17, 0x79, 0x9e, 0x27, 0xff, 0x51, 0x03, 0x17, 0xc7, 0xaa, 0x81, 0x6e, 0xff, 0x51,
  0x03, 0x13, 0xe7, 0x1c, 0x83, 0x45, 0xff, 0x51, 0x03, 0x13, 0x7a, 0xb4, 0x81, 0x66, 0xff, 0x51, 0x03, 0x13, 0xb0,
  0x53, 0x81, 0x54, 0xff, 0x51, 0x03, 0x13, 0xe7, 0x1c, 0x41, 0xff, 0x51, 0x03, 0x14, 0xce, 0xb4, 0x81, 0x34, 0xff,
  0x51, 0x03, 0x19, 0x6e, 0x6b, 0x17, 0xff, 0x51, 0x03, 0x16, 0x0f, 0x97, 0x3a, 0xff, 0x51, 0x03, 0x15, 0xcc, 0x5b,
  0x26, 0xff, 0x51, 0x03, 0x15, 0x8a, 0xb5, 0x27, 0xff, 0x51, 0x03, 0x15, 0x4a, 0x95, 0x39, 0xff, 0x51, 0x03, 0x15,
  0x0b, 0xee, 0x27, 0xff, 0x51, 0x03, 0x14, 0xce, 0xb4, 0x26, 0xff, 0x51, 0x03, 0x14, 0x92, 0xdb, 0x85, 0x1c, 0xff,
  0x51, 0x03, 0x17, 0xc7, 0xaa, 0x3c, 0xff, 0x51, 0x03, 0x14, 0x1f, 0x19, 0x81, 0x70, 0xff, 0x51, 0x03, 0x14, 0x92,
  0xdb, 0x81, 0x34, 0xff, 0x51, 0x03, 0x16, 0xe3, 0x60, 0x3c, 0xff, 0x51, 0x03, 0x14, 0x1f, 0x19, 0x82, 0x2c, 0xff,
  0x51, 0x03, 0x14, 0x58, 0x55, 0x88, 0x38, 0xff, 0x51, 0x03, 0x17, 0xc7, 0xaa, 0x3c, 0xff, 0x51, 0x03, 0x14, 0x92,
  0xdb, 0x81, 0x70, 0xff, 0x51, 0x03, 0x13, 0xe7, 0x1c, 0x81, 0x70, 0xff, 0x51, 0x03, 0x14, 0x1f, 0x19, 0x81, 0x34,
  0xff, 0x51, 0x03, 0x17, 0x2d, 0x8b, 0x3c, 0xff, 0x51, 0x03, 0x14, 0x92, 0xdb, 0x83, 0x60, 0xff, 0x51, 0x03, 0x14,
  0x58, 0x55, 0x81, 0x34, 0xff, 0x51, 0x03, 0x16, 0xe3, 0x60, 0x3c, 0xff, 0x51, 0x03, 0x14, 0x58, 0x55, 0x81, 0x34,
  0xff, 0x51, 0x03, 0x16, 0xe3, 0x60, 0x3c, 0xff, 0x51, 0x03, 0x14, 0x1f, 0x19, 0x81, 0x70, 0xff, 0x51, 0x03, 0x13,
  0xb0, 0x53, 0x3c, 0xff, 0x51, 0x03, 0x14, 0x58, 0x55, 0x82, 0x68, 0xff, 0x51, 0x03, 0x16, 0x54, 0x77, 0x3c, 0xff,
  0x51, 0x03, 0x13, 0xe7, 0x1c, 0x81, 0x70, 0xff, 0x51, 0x03, 0x14, 0x58, 0x55, 0x85, 0x14, 0xff, 0x51, 0x03, 0x17,
  0x79, 0x9e, 0x3c, 0xff, 0x51, 0x03, 0x14, 0x92, 0xdb, 0x81, 0x70, 0xff, 0x51, 0x03, 0x14, 0x1f, 0x19, 0x81, 0x70,
  0xff, 0x51, 0x03, 0x14, 0x58, 0x55, 0x81, 0x34, 0xff, 0x51, 0x03, 0x16, 0x54, 0x77, 0x3c, 0xff, 0x51, 0x03, 0x14,
  0x92, 0xdb, 0x81, 0x70, 0xff, 0x51, 0x03, 0x14, 0x1f, 0x19, 0x81, 0x70, 0xff, 0x51, 0x03, 0x14, 0x58, 0x55, 0x81,
  0x34, 0xff, 0x51, 0x03, 0x16, 0x9b, 0x09, 0x3c, 0xff, 0x51, 0x03, 0x14, 0x92, 0xdb, 0x85, 0x14, 0xff, 0x51, 0x03,
  0x16, 0xe3, 0x60, 0x3c, 0xff, 0x51, 0x03, 0x13, 0xb0, 0x53, 0x81, 0x70, 0xff, 0x51, 0x03, 0x13, 0xe7, 0x1c, 0x81,
  0x70, 0xff, 0x51, 0x03, 0x13, 0xe7, 0x1c, 0x87, 0x04, 0xff, 0x51, 0x03, 0x17, 0xc7, 0xaa, 0x3c, 0xff, 0x51, 0x03,
  0x14, 0x58, 0x55, 0x83, 0x24, 0xff, 0x51, 0x03, 0x16, 0x54, 0x77, 0x3c, 0xff, 0x51, 0x03, 0x13, 0xe7, 0x1c, 0x81,
  0x70, 0xff, 0x51, 0x03, 0x14, 0x1f, 0x19, 0x85, 0x50, 0xff, 0x51, 0x03, 0x13, 0xb0, 0x53, 0x83, 0x24, 0xff, 0x51,
  0x03, 0x17, 0x2d, 0x8b, 0x3c, 0xff, 0x51, 0x03, 0x13, 0xb0, 0x53, 0x83, 0x24, 0xff, 0x51, 0x03, 0x17, 0x2d, 0x8b,
  0x3c, 0xff, 0x51, 0x03, 0x14, 0x58, 0x55, 0x3c, 0xff, 0x51, 0x03, 0x13, 0xb0, 0x53, 0x78, 0xff, 0x51, 0x03, 0x13,
  0xb0, 0x53, 0x3c, 0xff, 0x51, 0x03, 0x13, 0xe7, 0x1c, 0x85, 0x14, 0xff, 0x51, 0x03, 0x16, 0x0f, 0x97, 0x3c, 0xff,
  0x51, 0x03, 0x13, 0x7a, 0xb4, 0x81, 0x70, 0xff, 0x51, 0x03, 0x13, 0xe7, 0x1c, 0x87, 0x04, 0xff, 0x51, 0x03, 0x16,
  0x9b, 0x09, 0x3c, 0xff, 0x51, 0x03, 0x13, 0xe7, 0x1c, 0x81, 0x70, 0xff, 0x51, 0x03, 0x13, 0xb0, 0x53, 0x81, 0x70,
  0xff, 0x51, 0x03, 0x14, 0x1f, 0x19, 0x81, 0x34, 0xff, 0x51, 0x03, 0x16, 0x54, 0x77, 0x3c, 0xff, 0x51, 0x03, 0x13,
  0xb0, 0x53, 0x85, 0x14, 0xff, 0x51, 0x03, 0x16, 0x0f, 0x97, 0x3c, 0xff, 0x51, 0x03, 0x13, 0xb0, 0x53, 0x82, 0x2c,
  0xff, 0x51, 0x03, 0x13, 0x12, 0xd0, 0x81, 0x34, 0xff, 0x51, 0x03, 0x13, 0x7a, 0xb4, 0x81, 0x34, 0xff, 0x51, 0x03,
  0x16, 0x0f, 0x97, 0x3c, 0xff, 0x51, 0x03, 0x13, 0xb0, 0x53, 0x83, 0x24, 0xff, 0x51, 0x03, 0x15, 0x8a, 0xb5, 0x3c,
  0xff, 0x51, 0x03, 0x13, 0xb0, 0x53, 0x81, 0x70, 0xff, 0x51, 0x03, 0x13, 0x7a, 0xb4, 0x83, 0x24, 0xff, 0x51, 0x03,
  0x16, 0x9b, 0x09, 0x3c, 0xff, 0x51, 0x03, 0x13, 0xb0, 0x53, 0x81, 0x70, 0xff, 0x51, 0x03, 0x13, 0x46, 0x36, 0x83,
  0x60, 0xff, 0x51, 0x03, 0x13, 0xb0, 0x53, 0x83, 0x24, 0xff, 0x51, 0x03, 0x15, 0xcc, 0x5b, 0x3c, 0xff, 0x51, 0x03,
  0x13, 0xb0, 0x53, 0x81, 0x70, 0xff, 0x51, 0x03, 0x13, 0x7a, 0xb4, 0x81, 0x70, 0xff, 0x51, 0x03, 0x13, 0xe7, 0x1c,
  0x81, 0x34, 0xff, 0x51, 0x03, 0x15, 0x0b, 0xee, 0x3c, 0xff, 0x51, 0x03, 0x13, 0x7a, 0xb4, 0x83, 0x60, 0xff, 0x51,
  0x03, 0x13, 0x12, 0xd0, 0x85, 0x50, 0xff, 0x51, 0x03, 0x13, 0xb0, 0x53, 0x81, 0x34, 0xff, 0x51, 0x03, 0x15, 0xcc,
  0x5b, 0x3c, 0xff, 0x51, 0x03, 0x13, 0x7a, 0xb4, 0x81, 0x70, 0xff, 0x51, 0x03, 0x13, 0x12, 0xd0, 0x83, 0x60, 0xff,
  0x51, 0x03, 0x13, 0xb0, 0x53, 0x82, 0x68, 0xff, 0x51, 0x03, 0x13, 0x7a, 0xb4, 0x3c, 0xff, 0x51, 0x03, 0x16, 0x54,
  0x77, 0x3c, 0xff, 0x51, 0x03, 0x13, 0x7a, 0xb4, 0x84, 0x58, 0xff, 0x51, 0x03, 0x13, 0xe7, 0x1c, 0x81, 0x70, 0xff,
  0x51, 0x03, 0x15, 0x0b, 0xee, 0x78, 0xff, 0x51, 0x03, 0x13, 0xb0, 0x53, 0x84, 0x58, 0xff, 0x51, 0x03, 0x14, 0xce,
  0xb4, 0x78, 0xff, 0x51, 0x03, 0x13, 0x7a, 0xb4, 0x84, 0x58, 0xff, 0x51, 0x03, 0x15, 0x0b, 0xee, 0x78, 0xff, 0x51,
  0x03, 0x13, 0x46, 0x36, 0x87, 0x40, 0xff, 0x51, 0x03, 0x14, 0x58, 0x55, 0x78, 0xff, 0x51, 0x03, 0x13, 0x46, 0x36,
  0x82, 0x68, 0xff, 0x51, 0x03, 0x13, 0xb0, 0x53, 0x84, 0x58, 0xff, 0x51, 0x03, 0x14, 0xce, 0xb4, 0x78, 0xff, 0x51,
  0x03, 0x13, 0x7a, 0xb4, 0x84, 0x58, 0xff, 0x51, 0x03, 0x15, 0x0b, 0xee, 0x78, 0xff, 0x51, 0x03, 0x13, 0x46, 0x36,
  0x10, 0xff, 0x51, 0x03, 0x13, 0x46, 0x36, 0x81, 0x19, 0xff, 0x51, 0x03, 0x13, 0x7a, 0xb4, 0x81, 0x07, 0xff, 0x51,
  0x03, 0x13, 0xb0, 0x53, 0x81, 0x19, 0xff, 0x51, 0x03, 0x13, 0xe7, 0x1c, 0x81, 0x07, 0xff, 0x51, 0x03, 0x14, 0x1f,
  0x19, 0x81, 0x06, 0xff, 0x51, 0x03, 0x14, 0x58, 0x55, 0x81, 0x6a, 0xff, 0x51, 0x03, 0x14, 0x92, 0xdb, 0x85, 0x50,
  0xff, 0x51, 0x03, 0x14, 0x1f, 0x19, 0x82, 0x68, 0xff, 0x51, 0x03, 0x16, 0x0f, 0x97, 0x78, 0xff, 0x51, 0x03, 0x14,
  0xce, 0xb4, 0x81, 0x70, 0xff, 0x51, 0x03, 0x14, 0x58, 0x55, 0x82, 0x68, 0xff, 0x51, 0x03, 0x15, 0xcc, 0x5b, 0x78,
  0xff, 0x51, 0x03, 0x14, 0x92, 0xdb, 0x83, 0x60, 0xff, 0x51, 0x03, 0x15, 0x4a, 0x95, 0x81, 0x70, 0xff, 0x51, 0x03,
  0x16, 0x54, 0x77, 0x78, 0xff, 0x51, 0x03, 0x15, 0x4a, 0x95, 0x78, 0xff, 0x51, 0x03, 0x15, 0x4a, 0x95, 0x81, 0x70,
  0xff, 0x51, 0x03, 0x14, 0xce, 0xb4, 0x78, 0xff, 0x51, 0x03, 0x16, 0x54, 0x77, 0x82, 0x68, 0xff, 0x51, 0x03, 0x15,
  0xcc, 0x5b, 0x82, 0x68, 0xff, 0x51, 0x03, 0x17, 0xc7, 0xaa, 0x78, 0xff, 0x51, 0x03, 0x16, 0x54, 0x77, 0x81, 0x70,
  0xff, 0x51, 0x03, 0x15, 0xcc, 0x5b, 0x82, 0x68, 0xff, 0x51, 0x03, 0x18, 0x6a, 0x00, 0x78, 0xff, 0x51, 0x03, 0x16,
  0x9b, 0x09, 0x85, 0x50, 0xff, 0x51, 0x03, 0x18, 0x17, 0xc3, 0x84, 0x58, 0xff, 0x51, 0x03, 0x1a, 0x89, 0x7a, 0x78,
  0xff, 0x51, 0x03, 0x18, 0xbe, 0x76, 0x81, 0x70, 0xff, 0x51, 0x03, 0x18, 0x17, 0xc3, 0x82, 0x68, 0xff, 0x51, 0x03,
  0x1b, 0x54, 0x45, 0x78, 0xff, 0x51, 0x03, 0x19, 0xca, 0x1d, 0x84, 0x58, 0xff, 0x51, 0x03, 0x1c, 0x9c, 0x38, 0x78,
  0xff, 0x51, 0x03, 0x13, 0xe7, 0x1c, 0x8f, 0x00, 0xff, 0x51, 0x03, 0x13, 0xb0, 0x53, 0x83, 0x60, 0xff, 0x51, 0x03,
  0x13, 0x7a, 0xb4, 0x82, 0x68, 0xff, 0x51, 0x03, 0x13, 0xe7, 0x1c, 0x62, 0xff, 0x51, 0x03, 0x16, 0xe3, 0x60, 0x12,
  0xff, 0x51, 0x03, 0x19, 0x6e, 0x6b, 0x09, 0xff, 0x51, 0x03, 0x18, 0x6a, 0x00, 0x0a, 0xff, 0x51, 0x03, 0x17, 0x2d,
  0x8b, 0x09, 0xff, 0x51, 0x03, 0x16, 0x0f, 0x97, 0x0a, 0xff, 0x51, 0x03, 0x15, 0x0b, 0xee, 0x0a, 0xff, 0x51, 0x03,
  0x14, 0x1f, 0x19, 0x09, 0xff, 0x51, 0x03, 0x13, 0x46, 0x36, 0x0a, 0xff, 0x51, 0x03, 0x12, 0x7e, 0xd9, 0x09, 0xff,
  0x51, 0x03, 0x11, 0xc6, 0xf9, 0x0a, 0xff, 0x51, 0x03, 0x11, 0x1c, 0xd7, 0x0a, 0xff, 0x51, 0x03, 0x10, 0x7e, 0xf9,
  0x13, 0xff, 0x51, 0x03, 0x10, 0xa5, 0x5d, 0x13, 0xff, 0x51, 0x03, 0x10, 0x59, 0x45, 0x13, 0xff, 0x51, 0x03, 0x10,
  0x7e, 0xf9, 0x0a, 0xff, 0x51, 0x03, 0x10, 0xa5, 0x5d, 0x09, 0xff, 0x51, 0x03, 0x10, 0xcc, 0x75, 0x0a, 0xff, 0x51,
  0x03, 0x10, 0xf4, 0x47, 0x0a, 0xff, 0x51, 0x03, 0x11, 0x1c, 0xd7, 0x09, 0xff, 0x51, 0x03, 0x11, 0x46, 0x2b, 0x0a,
  0xff, 0x51, 0x03, 0x11, 0x70, 0x49, 0x09, 0xff, 0x51, 0x03, 0x11, 0x9b, 0x36, 0x0a, 0xff, 0x51, 0x03, 0x11, 0xc6,
  0xf9, 0x0e, 0xff, 0x51, 0x03, 0x14, 0x92, 0xdb, 0x78, 0xff, 0x51, 0x03, 0x12, 0xe0, 0x79, 0x87, 0x7c, 0xff, 0x51,
  0x03, 0x15, 0x8a, 0xb5, 0x3c, 0xff, 0x51, 0x03, 0x11, 0xf3, 0x97, 0x81, 0x34, 0xff, 0x51, 0x03, 0x14, 0x92, 0xdb,
  0x3c, 0xff, 0x51, 0x03, 0x12, 0x7e, 0xd9, 0x81, 0x70, 0xff, 0x51, 0x03, 0x12, 0x21, 0x17, 0x81, 0x70, 0xff, 0x51,
  0x03, 0x11, 0xc6, 0xf9, 0x81, 0x34, 0xff, 0x51, 0x03, 0x13, 0x7a, 0xb4, 0x3c, 0xff, 0x51, 0x03, 0x12, 0x21, 0x17,
  0x81, 0x34, 0xff, 0x51, 0x03, 0x14, 0xce, 0xb4, 0x3c, 0xff, 0x51, 0x03, 0x12, 0x7e, 0xd9, 0x81, 0x34, 0xff, 0x51,
  0x03, 0x15, 0xcc, 0x5b, 0x3c, 0xff, 0x51, 0x03, 0x13, 0x7a, 0xb4, 0x81, 0x70, 0xff, 0x51, 0x03, 0x12, 0xaf, 0x2a,
  0x85, 0x50, 0xff, 0x51, 0x03, 0x13, 0xb0, 0x53, 0x78, 0xff, 0x51, 0x03, 0x11, 0xf3, 0x97, 0x82, 0x2c, 0xff, 0x51,
  0x03, 0x15, 0x4a, 0x95, 0x30, 0xff, 0x51, 0x03, 0x18, 0x17, 0xc3, 0x0a, 0xff, 0x51, 0x03, 0x17, 0xc7, 0xaa, 0x09,
  0xff, 0x51, 0x03, 0x17, 0x2d, 0x8b, 0x0a, 0xff, 0x51, 0x03, 0x16, 0x9b, 0x09, 0x09, 0xff, 0x51, 0x03, 0x16, 0x0f,
  0x97, 0x0a, 0xff, 0x51, 0x03, 0x15, 0x8a, 0xb5, 0x0a, 0xff, 0x51, 0x03, 0x15, 0x0b, 0xee, 0x09, 0xff, 0x51, 0x03,
  0x14, 0x92, 0xdb, 0x0a, 0xff, 0x51, 0x03, 0x14, 0x1f, 0x19, 0x09, 0xff, 0x51, 0x03, 0x13, 0xb0, 0x53, 0x0a, 0xff,
  0x51, 0x03, 0x13, 0x46, 0x36, 0x0a, 0xff, 0x51, 0x03, 0x12, 0xe0, 0x79, 0x09, 0xff, 0x51, 0x03, 0x12, 0x7e, 0xd9,
  0x13, 0xff, 0x51, 0x03, 0x12, 0x4f, 0x80, 0x27, 0xff, 0x51, 0x03, 0x12, 0x21, 0x17, 0x26, 0xff, 0x51, 0x03, 0x11,
  0xf3, 0x97, 0x27, 0xff, 0x51, 0x03, 0x11, 0xc6, 0xf9, 0x26, 0xff, 0x51, 0x03, 0x11, 0x9b, 0x36, 0x13, 0xff, 0x51,
  0x03, 0x11, 0x46, 0x2b, 0x13, 0xff, 0x51, 0x03, 0x11, 0x70, 0x49, 0x14, 0xff, 0x51, 0x03, 0x11, 0x9b, 0x36, 0x13,
  0xff, 0x51, 0x03, 0x11, 0xc6, 0xf9, 0x13, 0xff, 0x51, 0x03, 0x11, 0xf3, 0x97, 0x0a, 0xff, 0x51, 0x03, 0x12, 0x4f,
  0x80, 0x09, 0xff, 0x51, 0x03, 0x12, 0xe0, 0x79, 0x0a, 0xff, 0x51, 0x03, 0x13, 0x7a, 0xb4, 0x09, 0xff, 0x51, 0x03,
  0x14, 0x1f, 0x19, 0x0a, 0xff, 0x51, 0x03, 0x1b, 0x54, 0x45, 0x3c, 0xff, 0x51, 0x03, 0x14, 0xce, 0xb4, 0x78, 0xff,
  0x51, 0x03, 0x13, 0x7a, 0xb4, 0x82, 0x68, 0xff, 0x51, 0x03, 0x13, 0xb0, 0x53, 0x83, 0x24, 0xff, 0x51, 0x03, 0x16,
  0x54, 0x77, 0x3c, 0xff, 0x51, 0x03, 0x13, 0xb0, 0x53, 0x83, 0x60, 0xff, 0x51, 0x03, 0x13, 0x7a, 0xb4, 0x81, 0x34,
  0xff, 0x51, 0x03, 0x16, 0xe3, 0x60, 0x3c, 0xff, 0x51, 0x03, 0x13, 0x7a, 0xb4, 0x81, 0x70, 0xff, 0x51, 0x03, 0x13,
  0x12, 0xd0, 0x81, 0x70, 0xff, 0x51, 0x03, 0x13, 0x46, 0x36, 0x81, 0x70, 0xff, 0x51, 0x03, 0x15, 0x0b, 0xee, 0x81,
  0x70, 0xff, 0x51, 0x03, 0x13, 0x46, 0x36, 0x83, 0x60, 0xff, 0x51, 0x03, 0x14, 0x58, 0x55, 0x78, 0xff, 0x51, 0x03,
  0x13, 0x12, 0xd0, 0x83, 0x60, 0xff, 0x51, 0x03, 0x15, 0x0b, 0xee, 0x78, 0xff, 0x51, 0x03, 0x14, 0x92, 0xdb, 0x78,
  0xff, 0x51, 0x03, 0x12, 0xe0, 0x79, 0x84, 0x1c, 0xff, 0x51, 0x03, 0x19, 0x6e, 0x6b, 0x3c, 0xff, 0x51, 0x03, 0x15,
  0x0b, 0xee, 0x78, 0xff, 0x51, 0x03, 0x13, 0x46, 0x36, 0x83, 0x60, 0xff, 0x51, 0x03, 0x14, 0x92, 0xdb, 0x78, 0xff,
  0x51, 0x03, 0x13, 0xe7, 0x1c, 0x78, 0xff, 0x51, 0x03, 0x11, 0xf3, 0x97, 0x78, 0xff, 0x51, 0x03, 0x13, 0x46, 0x36,
  0x82, 0x68, 0xff, 0x51, 0x03, 0x14, 0xce, 0xb4, 0x78, 0xff, 0x51, 0x03, 0x13, 0x46, 0x36, 0x78, 0xff, 0x51, 0x03,
  0x12, 0x4f, 0x80, 0x78, 0xff, 0x51, 0x03, 0x13, 0x46, 0x36, 0x82, 0x68, 0xff, 0x51, 0x03, 0x15, 0x4a, 0x95, 0x78,
  0xff, 0x51, 0x03, 0x13, 0xe7, 0x1c, 0x84, 0x58, 0xff, 0x51, 0x03, 0x15, 0x4a, 0x95, 0x78, 0xff, 0x51, 0x03, 0x14,
  0x1f, 0x19, 0x3c, 0xff, 0x51, 0x03, 0x13, 0xe7, 0x1c, 0x84, 0x1c, 0xff, 0x51, 0x03, 0x15, 0x0b, 0xee, 0x78, 0xff,
  0x51, 0x03, 0x14, 0x1f, 0x19, 0x84, 0x58, 0xff, 0x51, 0x03, 0x15, 0x8a, 0xb5, 0x78, 0xff, 0x51, 0x03, 0x14, 0x58,
  0x55, 0x81, 0x70, 0xff, 0x51, 0x03, 0x14, 0x92, 0xdb, 0x81, 0x70, 0xff, 0x51, 0x03, 0x15, 0x0b, 0xee, 0x81, 0x70,
  0xff, 0x59, 0x02, 0x06, 0x00, 0x00, 0xff, 0x51, 0x03, 0x14, 0x1f, 0x19, 0x84, 0x58, 0xff, 0x51, 0x03, 0x15, 0x8a,
  0xb5, 0x78, 0xff, 0x51, 0x03, 0x14, 0x58, 0x55, 0x81, 0x70, 0xff, 0x51, 0x03, 0x14, 0x92, 0xdb, 0x81, 0x70, 0xff,
  0x51, 0x03, 0x15, 0x0b, 0xee, 0x81, 0x70, 0xff, 0x51, 0x03, 0x14, 0x1f, 0x19, 0x84, 0x58, 0xff, 0x51, 0x03, 0x15,
  0x8a, 0xb5, 0x78, 0xff, 0x51, 0x03, 0x14, 0x58, 0x55, 0x81, 0x70, 0xff, 0x51, 0x03, 0x14, 0x92, 0xdb, 0x81, 0x70,
  0xff, 0x51, 0x03, 0x15, 0x0b, 0xee, 0x86, 0x48, 0xff, 0x51, 0x03, 0x16, 0x9b, 0x09, 0x78, 0xff, 0x51, 0x03, 0x14,
  0xce, 0xb4, 0x84, 0x58, 0xff, 0x51, 0x03, 0x16, 0x54, 0x77, 0x78, 0xff, 0x51, 0x03, 0x14, 0xce, 0xb4, 0x82, 0x68,
  0xff, 0x51, 0x03, 0x16, 0xe3, 0x60, 0x78, 0xff, 0x51, 0x03, 0x14, 0xce, 0xb4, 0x81, 0x4b, 0xff, 0x51, 0x03, 0x14,
  0xce, 0xb4, 0x4b, 0xff, 0x51, 0x03, 0x15, 0x0b, 0xee, 0x4b, 0xff, 0x51, 0x03, 0x15, 0x4a, 0x95, 0x4b, 0xff, 0x51,
  0x03, 0x15, 0x8a, 0xb5, 0x4b, 0xff, 0x51, 0x03, 0x15, 0xcc, 0x5b, 0x4b, 0xff, 0x51, 0x03, 0x16, 0x0f, 0x97, 0x16,
  0xff, 0x51, 0x03, 0x16, 0xe3, 0x60, 0x78, 0xff, 0x51, 0x03, 0x15, 0x8a, 0xb5, 0x78, 0xff, 0x51, 0x03, 0x19, 0xca,
  0x1d, 0x78, 0xff, 0x51, 0x03, 0x16, 0x9b, 0x09, 0x83, 0x77, 0xff, 0x51, 0x03, 0x16, 0x9b, 0x09, 0x3c, 0xff, 0x51,
  0x03, 0x16, 0xe3, 0x60, 0x2d, 0xff, 0x51, 0x03, 0x17, 0x2d, 0x8b, 0x2d, 0xff, 0x51, 0x03, 0x17, 0x79, 0x9e, 0x3c,
  0xff, 0x51, 0x03, 0x17, 0xc7, 0xaa, 0x2d, 0xff, 0x51, 0x03, 0x18, 0x17, 0xc3, 0x2d, 0xff, 0x51, 0x03, 0x18, 0x6a,
  0x00, 0x3c, 0xff, 0x51, 0x03, 0x18, 0xbe, 0x76, 0x2d, 0xff, 0x51, 0x03, 0x19, 0x15, 0x3c, 0x2d, 0xff, 0x51, 0x03,
  0x19, 0x6e, 0x6b, 0x3c, 0xff, 0x51, 0x03, 0x19, 0xca, 0x1d, 0x2d, 0xff, 0x51, 0x03, 0x1a, 0x28, 0x6e, 0x2d, 0xff,
  0x51, 0x03, 0x1a, 0x89, 0x7a, 0x3c, 0xff, 0x51, 0x03, 0x1a, 0xed, 0x62, 0x2d, 0xff, 0x51, 0x03, 0x1b, 0x54, 0x45,
  0x2d, 0xff, 0x51, 0x03, 0x1b, 0xbe, 0x46, 0x3c, 0xff, 0x51, 0x03, 0x1c, 0x2b, 0x8a, 0x2d, 0xff, 0x51, 0x03, 0x1c,
  0x9c, 0x38, 0x2d, 0xff, 0x51, 0x03, 0x1d, 0x10, 0x7a, 0x25, 0xff, 0x51, 0x03, 0x14, 0x58, 0x55, 0x89, 0x30, 0xff,
  0x51, 0x03, 0x13, 0x12, 0xd0, 0x78, 0xff, 0x51, 0x03, 0x15, 0x0b, 0xee, 0x78, 0xff, 0x51, 0x03, 0x14, 0x1f, 0x19,
  0x81, 0x70, 0xff, 0x51, 0x03, 0x13, 0x7a, 0xb4, 0x81, 0x70, 0xff, 0x51, 0x03, 0x12, 0xaf, 0x2a, 0x78, 0xff, 0x51,
  0x03, 0x15, 0x0b, 0xee, 0x78, 0xff, 0x51, 0x03, 0x12, 0xe0, 0x79, 0x78, 0xff, 0x51, 0x03, 0x14, 0x58, 0x55, 0x78,
  0xff, 0x51, 0x03, 0x14, 0x1f, 0x19, 0x82, 0x68, 0xff, 0x51, 0x03, 0x15, 0xcc, 0x5b, 0x78, 0xff, 0x51, 0x03, 0x13,
  0xe7, 0x1c, 0x81, 0x70, 0xff, 0x51, 0x03, 0x14, 0x92, 0xdb, 0x81, 0x70, 0xff, 0x51, 0x03, 0x14, 0x1f, 0x19, 0x81,
  0x70, 0xff, 0x51, 0x03, 0x14, 0x1f, 0x19, 0x81, 0x70, 0xff, 0x51, 0x03, 0x13, 0xb0, 0x53, 0x81, 0x70, 0xff, 0x51,
  0x03, 0x12, 0xe0, 0x79, 0x78, 0xff, 0x51, 0x03, 0x15, 0x0b, 0xee, 0x78, 0xff, 0x51, 0x03, 0x14, 0x1f, 0x19, 0x81,
  0x70, 0xff, 0x51, 0x03, 0x13, 0xb0, 0x53, 0x81, 0x70, 0xff, 0x51, 0x03, 0x12, 0xaf, 0x2a, 0x78, 0xff, 0x51, 0x03,
  0x15, 0x0b, 0xee, 0x78, 0xff, 0x51, 0x03, 0x12, 0xe0, 0x79, 0x78, 0xff, 0x51, 0x03, 0x14, 0x58, 0x55, 0x78, 0xff,
  0x51, 0x03, 0x14, 0x1f, 0x19, 0x82, 0x68, 0xff, 0x51, 0x03, 0x15, 0xcc, 0x5b, 0x78, 0xff, 0x51, 0x03, 0x14, 0x58,
  0x55, 0x81, 0x70, 0xff, 0x51, 0x03, 0x13, 0xe7, 0x1c, 0x82, 0x68, 0xff, 0x51, 0x03, 0x14, 0xce, 0xb4, 0x78, 0xff,
  0x51, 0x03, 0x14, 0x1f, 0x19, 0x83, 0x60, 0xff, 0x51, 0x03, 0x15, 0x0b, 0xee, 0x78, 0xff, 0x51, 0x03, 0x16, 0xe3,
  0x60, 0x78, 0xff, 0x51, 0x03, 0x14, 0x1f, 0x19, 0x81, 0x70, 0xff, 0x51, 0x03, 0x13, 0x7a, 0xb4, 0x81, 0x70, 0xff,
  0x51, 0x03, 0x12, 0xaf, 0x2a, 0x78, 0xff, 0x51, 0x03, 0x16, 0x0f, 0x97, 0x78, 0xff, 0x51, 0x03, 0x13, 0x12, 0xd0,
  0x78, 0xff, 0x51, 0x03, 0x14, 0x58, 0x55, 0x78, 0xff, 0x51, 0x03, 0x13, 0xb0, 0x53, 0x82, 0x68, 0xff, 0x51, 0x03,
  0x15, 0xcc, 0x5b, 0x78, 0xff, 0x51, 0x03, 0x14, 0x58, 0x55, 0x81, 0x70, 0xff, 0x51, 0x03, 0x13, 0xe7, 0x1c, 0x78,
  0xff, 0x51, 0x03, 0x15, 0x0b, 0xee, 0x78, 0xff, 0x51, 0x03, 0x14, 0x1f, 0x19, 0x81, 0x70, 0xff, 0x51, 0x03, 0x14,
  0x1f, 0x19, 0x83, 0x60, 0xff, 0x51, 0x03, 0x13, 0xb0, 0x53, 0x78, 0xff, 0x51, 0x03, 0x15, 0x0b, 0xee, 0x78, 0xff,
  0x51, 0x03, 0x14, 0x1f, 0x19, 0x81, 0x70, 0xff, 0x51, 0x03, 0x13, 0xb0, 0x53, 0x81, 0x70, 0xff, 0x51, 0x03, 0x13,
  0x46, 0x36, 0x78, 0xff, 0x51, 0x03, 0x15, 0x0b, 0xee, 0x78, 0xff, 0x51, 0x03, 0x13, 0x12, 0xd0, 0x78, 0xff, 0x51,
  0x03, 0x14, 0x58, 0x55, 0x78, 0xff, 0x51, 0x03, 0x13, 0xb0, 0x53, 0x81, 0x70, 0xff, 0x51, 0x03, 0x14, 0x1f, 0x19,
  0x78, 0xff, 0x51, 0x03, 0x15, 0xcc, 0x5b, 0x78, 0xff, 0x51, 0x03, 0x13, 0xb0, 0x53, 0x81, 0x70, 0xff, 0x51, 0x03,
  0x13, 0x46, 0x36, 0x83, 0x10, 0xff, 0x51, 0x03, 0x15, 0x4a, 0x95, 0x50, 0xff, 0x51, 0x03, 0x13, 0x7a, 0xb4, 0x81,
  0x70, 0xff, 0x51, 0x03, 0x12, 0x4f, 0x80, 0x50, 0xff, 0x51, 0x03, 0x12, 0xaf, 0x2a, 0x82, 0x40, 0xff, 0x51, 0x03,
  0x14, 0xce, 0xb4, 0x50, 0xff, 0x51, 0x03, 0x13, 0xb0, 0x53, 0x81, 0x70, 0xff, 0x51, 0x03, 0x13, 0x46, 0x36, 0x83,
  0x10, 0xff, 0x51, 0x03, 0x15, 0x4a, 0x95, 0x50, 0xff, 0x51, 0x03, 0x13, 0x7a, 0xb4, 0x81, 0x70, 0xff, 0x51, 0x03,
  0x12, 0x4f, 0x80, 0x50, 0xff, 0x51, 0x03, 0x12, 0xaf, 0x2a, 0x82, 0x40, 0xff, 0x51, 0x03, 0x14, 0xce, 0xb4, 0x50,
  0xff, 0x51, 0x03, 0x13, 0xb0, 0x53, 0x81, 0x70, 0xff, 0x51, 0x03, 0x13, 0x46, 0x36, 0x83, 0x10, 0xff, 0x51, 0x03,
  0x15, 0x4a, 0x95, 0x50, 0xff, 0x51, 0x03, 0x13, 0x7a, 0xb4, 0x81, 0x70, 0xff, 0x51, 0x03, 0x12, 0x4f, 0x80, 0x50,
  0xff, 0x51, 0x03, 0x12, 0xaf, 0x2a, 0x82, 0x40, 0xff, 0x51, 0x03, 0x14, 0xce, 0xb4, 0x50, 0xff, 0x51, 0x03, 0x13,
  0x7a, 0xb4, 0x81, 0x70, 0xff, 0x51, 0x03, 0x12, 0x4f, 0x80, 0x50, 0xff, 0x51, 0x03, 0x12, 0xaf, 0x2a, 0x82, 0x40,
  0xff, 0x51, 0x03, 0x14, 0xce, 0xb4, 0x50, 0xff, 0x51, 0x03, 0x13, 0x7a, 0xb4, 0x81, 0x70, 0xff, 0x51, 0x03, 0x14,
  0x1f, 0x19, 0x81, 0x70, 0xff, 0x51, 0x03, 0x14, 0xce, 0xb4, 0x08, 0xff, 0x51, 0x03, 0x14, 0x1f, 0x19, 0x26, 0xff,
  0x51, 0x03, 0x14, 0x58, 0x55, 0x27, 0xff, 0x51, 0x03, 0x14, 0x92, 0xdb, 0x13, 0xff, 0x51, 0x03, 0x14, 0xce, 0xb4,
  0x26, 0xff, 0x51, 0x03, 0x15, 0x0b, 0xee, 0x13, 0xff, 0x51, 0x03, 0x15, 0x4a, 0x95, 0x27, 0xff, 0x51, 0x03, 0x15,
  0x8a, 0xb5, 0x13, 0xff, 0x51, 0x03, 0x15, 0xcc, 0x5b, 0x8b, 0x35, 0xff, 0x51, 0x03, 0x15, 0xcc, 0x5b, 0x81, 0x70,
  0xff, 0x51, 0x03, 0x15, 0x0b, 0xee, 0x78, 0xff, 0x51, 0x03, 0x16, 0x54, 0x77, 0x78, 0xff, 0x51, 0x03, 0x15, 0x4a,
  0x95, 0x78, 0xff, 0x51, 0x03, 0x16, 0xe3, 0x60, 0x78, 0xff, 0x51, 0x03, 0x15, 0x0b, 0xee, 0x81, 0x70, 0xff, 0x51,
  0x03, 0x14, 0x58, 0x55, 0x81, 0x70, 0xff, 0x51, 0x03, 0x14, 0x92, 0xdb, 0x78, 0xff, 0x51, 0x03, 0x1a, 0xed, 0x62,
  0x78, 0xff, 0x51, 0x03, 0x13, 0x46, 0x36, 0x81, 0x7a, 0xff, 0x51, 0x03, 0x13, 0x46, 0x36, 0x73, 0xff, 0x51, 0x03,
  0x13, 0x7a, 0xb4, 0x60, 0xff, 0x51, 0x03, 0x13, 0xb0, 0x53, 0x60, 0xff, 0x51, 0x03, 0x13, 0xe7, 0x1c, 0x60, 0xff,
  0x51, 0x03, 0x14, 0x1f, 0x19, 0x07, 0xff, 0x51, 0x03, 0x18, 0x17, 0xc3, 0x3c, 0xff, 0x51, 0x03, 0x14, 0x58, 0x55,
  0x1d, 0xff, 0x51, 0x03, 0x14, 0x58, 0x55, 0x84, 0x77, 0xff, 0x51, 0x03, 0x13, 0x12, 0xd0, 0x3c, 0xff, 0x51, 0x03,
  0x13, 0x12, 0xd0, 0x83, 0x60, 0xff, 0x51, 0x03, 0x14, 0x1f, 0x19, 0x78, 0xff, 0x51, 0x03, 0x16, 0x54, 0x77, 0x3c,
  0xff, 0x51, 0x03, 0x19, 0x15, 0x3c, 0x3c, 0xff, 0x51, 0x03, 0x14, 0x58, 0x55, 0x81, 0x70, 0xff, 0x51, 0x03, 0x13,
  0xb0, 0x53, 0x87, 0x40, 0xff, 0x51, 0x03, 0x13, 0x7a, 0xb4, 0x81, 0x70, 0xff, 0x51, 0x03, 0x14, 0x1f, 0x19, 0x83,
  0x60, 0xff, 0x51, 0x03, 0x13, 0xe7, 0x1c, 0x81, 0x70, 0xff, 0x51, 0x03, 0x13, 0xb0, 0x53, 0x81, 0x70, 0xff, 0x51,
  0x03, 0x14, 0x92, 0xdb, 0x81, 0x70, 0xff, 0x51, 0x03, 0x13, 0xe7, 0x1c, 0x81, 0x70, 0xff, 0x51, 0x03, 0x13, 0x7a,
  0xb4, 0x81, 0x70, 0xff, 0x51, 0x03, 0x14, 0x92, 0xdb, 0x81, 0x70, 0xff, 0x51, 0x03, 0x15, 0x4a, 0x95, 0x81, 0x70,
  0xff, 0x51, 0x03, 0x14, 0x58, 0x55, 0x89, 0x30, 0xff, 0x51, 0x03, 0x16, 0x9b, 0x09, 0x81, 0x70, 0xff, 0x51, 0x03,
  0x14, 0x1f, 0x19, 0x8b, 0x20, 0xff, 0x51, 0x03, 0x14, 0x58, 0x55, 0x89, 0x30, 0xff, 0x51, 0x03, 0x15, 0xcc, 0x5b,
  0x81, 0x70, 0xff, 0x51, 0x03, 0x14, 0x1f, 0x19, 0x81, 0x70, 0xff, 0x51, 0x03, 0x14, 0x92, 0xdb, 0x85, 0x50, 0xff,
  0x51, 0x03, 0x14, 0xce, 0xb4, 0x81, 0x70, 0xff, 0x51, 0x03, 0x15, 0x0b, 0xee, 0x78, 0xff, 0x51, 0x03, 0x16, 0xe3,
  0x60, 0x78, 0xff, 0x51, 0x03, 0x16, 0xe3, 0x60, 0x89, 0x30, 0xff, 0x51, 0x03, 0x1a, 0x28, 0x6e, 0x81, 0x70, 0xff,
  0x51, 0x03, 0x18, 0x17, 0xc3, 0x83, 0x60, 0xff, 0x51, 0x03, 0x16, 0xe3, 0x60, 0x85, 0x50, 0xff, 0x51, 0x03, 0x18,
  0xbe, 0x76, 0x81, 0x34, 0xff, 0x51, 0x03, 0x20, 0xb2, 0x89, 0x3c, 0xff, 0x51, 0x03, 0x16, 0xe3, 0x60, 0x83, 0x60,
  0xff, 0x51, 0x03, 0x16, 0x0f, 0x97, 0x81, 0x70, 0xff, 0x51, 0x03, 0x16, 0x54, 0x77, 0x83, 0x60, 0xff, 0x51, 0x03,
  0x1a, 0x28, 0x6e, 0x81, 0x70, 0xff, 0x51, 0x03, 0x17, 0xc7, 0xaa, 0x8f, 0x00, 0xff, 0x51, 0x03, 0x16, 0x0f, 0x97,
  0x86, 0x48, 0xff, 0x51, 0x03, 0x1a, 0x28, 0x6e, 0x78, 0xff, 0x59, 0x02, 0x01, 0x00, 0x00, 0xff, 0x51, 0x03, 0x16,
  0x54, 0x77, 0x85, 0x50, 0xff, 0x51, 0x03, 0x16, 0xe3, 0x60, 0x81, 0x70, 0xff, 0x51, 0x03, 0x17, 0x2d, 0x8b, 0x78,
  0xff, 0x51, 0x03, 0x15, 0x0b, 0xee, 0x78, 0xff, 0x51, 0x03, 0x16, 0x0f, 0x97, 0x78, 0xff, 0x51, 0x03, 0x1a, 0xed,
  0x62, 0x78, 0xff, 0x51, 0x03, 0x14, 0x58, 0x55, 0x81, 0x70, 0xff, 0x51, 0x03, 0x13, 0xe7, 0x1c, 0x82, 0x68, 0xff,
  0x51, 0x03, 0x14, 0xce, 0xb4, 0x78, 0xff, 0x51, 0x03, 0x14, 0x1f, 0x19, 0x83, 0x60, 0xff, 0x51, 0x03, 0x15, 0x0b,
  0xee, 0x78, 0xff, 0x51, 0x03, 0x16, 0xe3, 0x60, 0x78, 0xff, 0x51, 0x03, 0x14, 0x1f, 0x19, 0x81, 0x70, 0xff, 0x51,
  0x03, 0x13, 0x7a, 0xb4, 0x81, 0x70, 0xff, 0x51, 0x03, 0x12, 0xaf, 0x2a, 0x78, 0xff, 0x51, 0x03, 0x16, 0x0f, 0x97,
  0x78, 0xff, 0x51, 0x03, 0x13, 0x12, 0xd0, 0x78, 0xff, 0x51, 0x03, 0x14, 0x58, 0x55, 0x78, 0xff, 0x51, 0x03, 0x13,
  0xb0, 0x53, 0x82, 0x68, 0xff, 0x51, 0x03, 0x15, 0xcc, 0x5b, 0x78, 0xff, 0x51, 0x03, 0x14, 0x58, 0x55, 0x81, 0x70,
  0xff, 0x51, 0x03, 0x13, 0xe7, 0x1c, 0x78, 0xff, 0x51, 0x03, 0x15, 0x0b, 0xee, 0x78, 0xff, 0x51, 0x03, 0x14, 0x1f,
  0x19, 0x81, 0x70, 0xff, 0x51, 0x03, 0x14, 0x1f, 0x19, 0x83, 0x60, 0xff, 0x51, 0x03, 0x13, 0xb0, 0x53, 0x78, 0xff,
  0x51, 0x03, 0x15, 0x0b, 0xee, 0x78, 0xff, 0x51, 0x03, 0x14, 0x1f, 0x19, 0x81, 0x70, 0xff, 0x51, 0x03, 0x13, 0xb0,
  0x53, 0x81, 0x70, 0xff, 0x51, 0x03, 0x13, 0x46, 0x36, 0x78, 0xff, 0x51, 0x03, 0x15, 0x0b, 0xee, 0x78, 0xff, 0x51,
  0x03, 0x13, 0x12, 0xd0, 0x78, 0xff, 0x51, 0x03, 0x14, 0x58, 0x55, 0x78, 0xff, 0x51, 0x03, 0x13, 0xb0, 0x53, 0x81,
  0x70, 0xff, 0x51, 0x03, 0x14, 0x1f, 0x19, 0x78, 0xff, 0x51, 0x03, 0x15, 0xcc, 0x5b, 0x78, 0xff, 0x51, 0x03, 0x14,
  0x1f, 0x19, 0x81, 0x70, 0xff, 0x51, 0x03, 0x13, 0xb0, 0x53, 0x81, 0x70, 0xff, 0x51, 0x03, 0x13, 0x46, 0x36, 0x78,
  0xff, 0x51, 0x03, 0x15, 0x0b, 0xee, 0x78, 0xff, 0x51, 0x03, 0x13, 0x12, 0xd0, 0x78, 0xff, 0x51, 0x03, 0x14, 0x58,
  0x55, 0x78, 0xff, 0x51, 0x03, 0x14, 0x1f, 0x19, 0x81, 0x70, 0xff, 0x51, 0x03, 0x15, 0x4a, 0x95, 0x78, 0xff, 0x51,
  0x03, 0x15, 0x0b, 0xee, 0x3c, 0xff, 0x51, 0x03, 0x17, 0x79, 0x9e, 0x3c, 0xff, 0x51, 0x03, 0x14, 0x1f, 0x19, 0x81,
  0x70, 0xff, 0x51, 0x03, 0x13, 0xb0, 0x53, 0x81, 0x70, 0xff, 0x51, 0x03, 0x13, 0x46, 0x36, 0x78, 0xff, 0x51, 0x03,
  0x15, 0x0b, 0xee, 0x78, 0xff, 0x51, 0x03, 0x13, 0x12, 0xd0, 0x78, 0xff, 0x51, 0x03, 0x14, 0x58, 0x55, 0x78, 0xff,
  0x51, 0x03, 0x14, 0x1f, 0x19, 0x81, 0x70, 0xff, 0x51, 0x03, 0x14, 0x58, 0x55, 0x78, 0xff, 0x51, 0x03, 0x15, 0x4a,
  0x95, 0x3c, 0xff, 0x51, 0x03, 0x16, 0x9b, 0x09, 0x3c, 0xff, 0x59, 0x02, 0x02, 0x00, 0x00, 0xff, 0x51, 0x03, 0x14,
  0x1f, 0x19, 0x81, 0x70, 0xff, 0x51, 0x03, 0x13, 0xb0, 0x53, 0x81, 0x70, 0xff, 0x51, 0x03, 0x13, 0x46, 0x36, 0x78,
  0xff, 0x51, 0x03, 0x15, 0x0b, 0xee, 0x78, 0xff, 0x51, 0x03, 0x13, 0x12, 0xd0, 0x78, 0xff, 0x51, 0x03, 0x14, 0x58,
  0x55, 0x78, 0xff, 0x51, 0x03, 0x14, 0x1f, 0x19, 0x81, 0x70, 0xff, 0x51, 0x03, 0x13, 0xb0, 0x53, 0x78, 0xff, 0x51,
  0x03, 0x15, 0x0b, 0xee, 0x3c, 0xff, 0x51, 0x03, 0x17, 0x79, 0x9e, 0x3c, 0xff, 0x51, 0x03, 0x14, 0xce, 0xb4, 0x83,
  0x60, 0xff, 0x51, 0x03, 0x14, 0xce, 0xb4, 0x81, 0x70, 0xff, 0x51, 0x03, 0x14, 0xce, 0xb4, 0x81, 0x70, 0xff, 0x51,
  0x03, 0x15, 0x0b, 0xee, 0x81, 0x70, 0xff, 0x51, 0x03, 0x15, 0x4a, 0x95, 0x81, 0x34, 0xff, 0x51, 0x03, 0x39, 0x38,
  0x70, 0x3c, 0xff, 0x59, 0x02, 0x03, 0x00, 0x00, 0xff, 0x51, 0x03, 0x13, 0xe7, 0x1c, 0x83, 0x60, 0xff, 0x51, 0x03,
  0x14, 0x92, 0xdb, 0x81, 0x70, 0xff, 0x51, 0x03, 0x14, 0x1f, 0x19, 0x81, 0x70, 0xff, 0x51, 0x03, 0x13, 0x7a, 0xb4,
  0x81, 0x70, 0xff, 0x51, 0x03, 0x15, 0x8a, 0xb5, 0x81, 0x70, 0xff, 0x51, 0x03, 0x13, 0xe7, 0x1c, 0x87, 0x40, 0xff,
  0x51, 0x03, 0x14, 0x1f, 0x19, 0x81, 0x70, 0xff, 0x51, 0x03, 0x15, 0x0b, 0xee, 0x78, 0xff, 0x51, 0x03, 0x19, 0x15,
  0x3c, 0x78, 0xff, 0x51, 0x03, 0x15, 0x0b, 0xee, 0x83, 0x60, 0xff, 0x51, 0x03, 0x14, 0x58, 0x55, 0x83, 0x60, 0xff,
  0x51, 0x03, 0x13, 0xe7, 0x1c, 0x81, 0x70, 0xff, 0x51, 0x03, 0x15, 0x8a, 0xb5, 0x81, 0x70, 0xff, 0x51, 0x03, 0x14,
  0x1f, 0x19, 0x83, 0x60, 0xff, 0x51, 0x03, 0x13, 0xb0, 0x53, 0x83, 0x60, 0xff, 0x51, 0x03, 0x14, 0xce, 0xb4, 0x81,
  0x70, 0xff, 0x51, 0x03, 0x15, 0x0b, 0xee, 0x81, 0x34, 0xff, 0x51, 0x03, 0x19, 0x6e, 0x6b, 0x3c, 0xff, 0x51, 0x03,
  0x14, 0x58, 0x55, 0x83, 0x60, 0xff, 0x51, 0x03, 0x15, 0xcc, 0x5b, 0x81, 0x70, 0xff, 0x51, 0x03, 0x14, 0x58, 0x55,
  0x83, 0x60, 0xff, 0x51, 0x03, 0x15, 0x0b, 0xee, 0x81, 0x70, 0xff, 0x51, 0x03, 0x14, 0x1f, 0x19, 0x83, 0x60, 0xff,
  0x51, 0x03, 0x15, 0x0b, 0xee, 0x81, 0x70, 0xff, 0x51, 0x03, 0x14, 0xce, 0xb4, 0x83, 0x60, 0xff, 0x51, 0x03, 0x16,
  0x9b, 0x09, 0x81, 0x70, 0xff, 0x51, 0x03, 0x15, 0xcc, 0x5b, 0x81, 0x70, 0xff, 0x51, 0x03, 0x15, 0x0b, 0xee, 0x81,
  0x70, 0xff, 0x51, 0x03, 0x18, 0x17, 0xc3, 0x81, 0x70, 0xff, 0x51, 0x03, 0x15, 0x8a, 0xb5, 0x83, 0x60, 0xff, 0x51,
  0x03, 0x17, 0xc7, 0xaa, 0x81, 0x70, 0xff, 0x51, 0x03, 0x16, 0x54, 0x77, 0x83, 0x60, 0xff, 0x51, 0x03, 0x18, 0x6a,
  0x00, 0x81, 0x70, 0xff, 0x51, 0x03, 0x19, 0x15, 0x3c, 0x81, 0x70, 0xff, 0x51, 0x03, 0x1a, 0x89, 0x7a, 0x81, 0x70,
  0xff, 0x51, 0x03, 0x1c, 0x9c, 0x38, 0x81, 0x70, 0xff, 0x51, 0x03, 0x17, 0x2d, 0x8b, 0x82, 0x68, 0xff, 0x51, 0x03,
  0x19, 0x6e, 0x6b, 0x78, 0xff, 0x51, 0x03, 0x17, 0x2d, 0x8b, 0x83, 0x60, 0xff, 0x51, 0x03, 0x16, 0x54, 0x77, 0x81,
  0x70, 0xff, 0x51, 0x03, 0x16, 0xe3, 0x60, 0x78, 0xff, 0x51, 0x03, 0x18, 0x17, 0xc3, 0x78, 0xff, 0x51, 0x03, 0x17,
  0x2d, 0x8b, 0x87, 0x40, 0xff, 0x51, 0x03, 0x17, 0xc7, 0xaa, 0x81, 0x70, 0xff, 0x51, 0x03, 0x19, 0xca, 0x1d, 0x81,
  0x70, 0xff, 0x51, 0x03, 0x17, 0x79, 0x9e, 0x85, 0x00, 0xff, 0x51, 0x03, 0x19, 0xca, 0x1d, 0x50, 0xff, 0x51, 0x03,
  0x17, 0x79, 0x9e, 0x83, 0x60, 0xff, 0x51, 0x03, 0x16, 0x9b, 0x09, 0x81, 0x20, 0xff, 0x51, 0x03, 0x1a, 0x28, 0x6e,
  0x50, 0xff, 0x51, 0x03, 0x17, 0x2d, 0x8b, 0x82, 0x40, 0xff, 0x51, 0x03, 0x19, 0x15, 0x3c, 0x50, 0xff, 0x51, 0x03,
  0x17, 0x2d, 0x8b, 0x84, 0x30, 0xff, 0x51, 0x03, 0x17, 0x79, 0x9e, 0x81, 0x70, 0xff, 0x51, 0x03, 0x18, 0x6a, 0x00,
  0x81, 0x20, 0xff, 0x51, 0x03, 0x1c, 0x9c, 0x38, 0x50, 0xff, 0x51, 0x03, 0x18, 0x17, 0xc3, 0x88, 0x60, 0xff, 0x51,
  0x03, 0x19, 0x6e, 0x6b, 0x50, 0xff, 0x51, 0x03, 0x18, 0x17, 0xc3, 0x85, 0x00, 0xff, 0x51, 0x03, 0x1d, 0x88, 0x7c,
  0x50, 0xff, 0x51, 0x03, 0x18, 0x17, 0xc3, 0x87, 0x40, 0xff, 0x51, 0x03, 0x19, 0x15, 0x3c, 0x81, 0x70, 0xff, 0x51,
  0x03, 0x1a, 0x28, 0x6e, 0x89, 0x30, 0xff, 0x51, 0x03, 0x17, 0x2d, 0x8b, 0x83, 0x60, 0xff, 0x51, 0x03, 0x18, 0xbe,
  0x76, 0x81, 0x70, 0xff, 0x51, 0x03, 0x17, 0xc7, 0xaa, 0x81, 0x70, 0xff, 0x51, 0x03, 0x16, 0x9b, 0x09, 0x81, 0x70,
  0xff, 0x51, 0x03, 0x18, 0x17, 0xc3, 0x81, 0x70, 0xff, 0x51, 0x03, 0x17, 0x2d, 0x8b, 0x87, 0x40, 0xff, 0x51, 0x03,
  0x16, 0xe3, 0x60, 0x81, 0x70, 0xff, 0x51, 0x03, 0x18, 0xbe, 0x76, 0x81, 0x70, 0xff, 0x51, 0x03, 0x1b, 0xbe, 0x46,
  0x81, 0x70, 0xff, 0x51, 0x03, 0x18, 0xbe, 0x76, 0x81, 0x70, 0xff, 0x51, 0x03, 0x18, 0xbe, 0x76, 0x83, 0x60, 0xff,
  0x51, 0x03, 0x18, 0x17, 0xc3, 0x81, 0x70, 0xff, 0x51, 0x03, 0x19, 0x6e, 0x6b, 0xa3, 0x25, 0xff, 0x51, 0x03, 0x18,
  0xbe, 0x76, 0x0f, 0xff, 0x51, 0x03, 0x18, 0xbe, 0x76, 0x1e, 0xff, 0x51, 0x03, 0x19, 0x15, 0x3c, 0x0f, 0xff, 0x51,
  0x03, 0x19, 0x6e, 0x6b, 0x0f, 0xff, 0x51, 0x03, 0x19, 0xca, 0x1d, 0x0f, 0xff, 0x51, 0x03, 0x1a, 0x28, 0x6e, 0x0f,
  0xff, 0x51, 0x03, 0x1a, 0x89, 0x7a, 0x0f, 0xff, 0x51, 0x03, 0x1a, 0xed, 0x62, 0x0f, 0xff, 0x51, 0x03, 0x1b, 0x54,
  0x45, 0x0f, 0xff, 0x51, 0x03, 0x1b, 0xbe, 0x46, 0x0f, 0xff, 0x51, 0x03, 0x1c, 0x2b, 0x8a, 0x0f, 0xff, 0x51, 0x03,
  0x1c, 0x9c, 0x38, 0x0f, 0xff, 0x51, 0x03, 0x1d, 0x10, 0x7a, 0x0f, 0xff, 0x51, 0x03, 0x1d, 0x88, 0x7c, 0x0f, 0xff,
  0x51, 0x03, 0x1e, 0x04, 0x6d, 0x0f, 0xff, 0x51, 0x03, 0x1e, 0x84, 0x80, 0x0f, 0xff, 0x51, 0x03, 0x1f, 0x08, 0xea,
  0x0f, 0xff, 0x51, 0x03, 0x1d, 0x10, 0x7a, 0x0f, 0xff, 0x51, 0x03, 0x20, 0xb2, 0x89, 0x0f, 0xff, 0x51, 0x03, 0x25,
  0x5e, 0x54, 0x0f, 0xff, 0x51, 0x03, 0x2b, 0x98, 0xb7, 0x0f, 0xff, 0x51, 0x03, 0x34, 0x50, 0xdb, 0x0f, 0xff, 0x51,
  0x03, 0x41, 0x65, 0x12, 0x0f, 0xff, 0x51, 0x03, 0x5b, 0x8d, 0x80, 0x00, 0xff, 0x2f, 0x00, 0x4d, 0x54, 0x72, 0x6b,
  0x00, 0x00, 0x4f, 0x46, 0x00, 0xff, 0x03, 0x05, 0x52, 0x69, 0x67, 0x68, 0x74, 0x00, 0xc0, 0x00, 0x00, 0x90, 0x39,
  0x2a, 0x85, 0x50, 0x80, 0x39, 0x40, 0x00, 0x90, 0x3d, 0x28, 0x85, 0x50, 0x80, 0x3d, 0x40, 0x00, 0x90, 0x42, 0x28,
  0x00, 0x90, 0x3d, 0x28, 0x00, 0x90, 0x49, 0x30, 0x00, 0x90, 0x45, 0x28, 0x83, 0x60, 0x80, 0x45, 0x40, 0x00, 0x80,
  0x49, 0x40, 0x00, 0x90, 0x45, 0x2a, 0x81, 0x70, 0x80, 0x45, 0x40, 0x00, 0x80, 0x3d, 0x40, 0x00, 0x80, 0x42, 0x40,
  0x00, 0x90, 0x3d, 0x27, 0x00, 0x90, 0x45, 0x2f, 0x81, 0x70, 0x80, 0x45, 0x40, 0x00, 0x80, 0x3d, 0x40, 0x00, 0x90,
  0x3d, 0x22, 0x00, 0x90, 0x42, 0x29, 0x81, 0x70, 0x80, 0x42, 0x40, 0x00, 0x80, 0x3d, 0x40, 0x00, 0x90, 0x3b, 0x22,
  0x00, 0x90, 0x41, 0x22, 0x00, 0x90, 0x44, 0x29, 0x00, 0x90, 0x3d, 0x22, 0x81, 0x70, 0x80, 0x3d, 0x40, 0x00, 0x80,
  0x3b, 0x40, 0x00, 0x80, 0x41, 0x40, 0x00, 0x80, 0x44, 0x40, 0x00, 0x90, 0x39, 0x2a, 0x00, 0x90, 0x42, 0x2a, 0x00,
  0x90, 0x45, 0x32, 0x00, 0x90, 0x3d, 0x2a, 0x85, 0x50, 0x80, 0x3d, 0x40, 0x00, 0x80, 0x39, 0x40, 0x00, 0x80, 0x42,
  0x40, 0x00, 0x80, 0x45, 0x40, 0x00, 0x90, 0x3b, 0x2f, 0x00, 0x90, 0x47, 0x38, 0x00, 0x90, 0x42, 0x2f, 0x83, 0x60,
  0x80, 0x42, 0x40, 0x00, 0x80, 0x47, 0x40, 0x00, 0x80, 0x3b, 0x40, 0x00, 0x90, 0x42, 0x2e, 0x00, 0x90, 0x3e, 0x2e,
  0x00, 0x90, 0x4a, 0x37, 0x81, 0x6e, 0x80, 0x3e, 0x40, 0x00, 0x80, 0x42, 0x40, 0x00, 0x80, 0x4a, 0x40, 0x02, 0x90,
  0x3e, 0x34, 0x00, 0x90, 0x4a, 0x3e, 0x00, 0x90, 0x42, 0x34, 0x83, 0x60, 0x80, 0x42, 0x40, 0x00, 0x80, 0x4a, 0x40,
  0x00, 0x80, 0x3e, 0x40, 0x00, 0x90, 0x42, 0x30, 0x00, 0x90, 0x49, 0x39, 0x00, 0x90, 0x3d, 0x30, 0x81, 0x6e, 0x80,
  0x3d, 0x40, 0x00, 0x80, 0x49, 0x40, 0x00, 0x80, 0x42, 0x40, 0x02, 0x90, 0x42, 0x35, 0x00, 0x90, 0x49, 0x40, 0x00,
  0x90, 0x3d, 0x35, 0x81, 0x70, 0x80, 0x3d, 0x40, 0x00, 0x80, 0x49, 0x40, 0x00, 0x80, 0x42, 0x40, 0x00, 0x90, 0x41,
  0x31, 0x00, 0x90, 0x47, 0x31, 0x00, 0x90, 0x49, 0x31, 0x00, 0x90, 0x4d, 0x3c, 0x81, 0x70, 0x80, 0x4d, 0x40, 0x00,
  0x80, 0x41, 0x40, 0x00, 0x80, 0x47, 0x40, 0x00, 0x80, 0x49, 0x40, 0x00, 0x90, 0x49, 0x39, 0x00, 0x90, 0x45, 0x34,
  0x00, 0x90, 0x42, 0x34, 0x00, 0x90, 0x4e, 0x44, 0x81, 0x70, 0x80, 0x4e, 0x40, 0x00, 0x80, 0x49, 0x40, 0x00, 0x80,
  0x45, 0x40, 0x00, 0x80, 0x42, 0x40, 0x00, 0x90, 0x50, 0x48, 0x00, 0x90, 0x49, 0x3d, 0x00, 0x90, 0x44, 0x3d, 0x85,
  0x50, 0x80, 0x44, 0x40, 0x00, 0x80, 0x49, 0x40, 0x00, 0x80, 0x50, 0x40, 0x00, 0x90, 0x4a, 0x33, 0x00, 0x90, 0x47,
  0x2b, 0x00, 0x90, 0x44, 0x2b, 0x85, 0x50, 0x80, 0x44, 0x40, 0x00, 0x80, 0x47, 0x40, 0x00, 0x80, 0x4a, 0x40, 0x00,
  0x90, 0x44, 0x2a, 0x00, 0x90, 0x47, 0x2a, 0x00, 0x90, 0x4a, 0x32, 0x83, 0x60, 0x90, 0x3e, 0x2a, 0x81, 0x70, 0x80,
  0x3e, 0x40, 0x00, 0x80, 0x44, 0x40, 0x00, 0x80, 0x47, 0x40, 0x00, 0x80, 0x4a, 0x40, 0x00, 0x90, 0x3d, 0x24, 0x00,
  0x90, 0x45, 0x24, 0x00, 0x90, 0x49, 0x2b, 0x83, 0x60, 0x80, 0x49, 0x40, 0x00, 0x80, 0x45, 0x40, 0x00, 0x80, 0x3d,
  0x40, 0x00, 0x90, 0x3b, 0x23, 0x00, 0x90, 0x3e, 0x23, 0x00, 0x90, 0x41, 0x23, 0x00, 0x90, 0x47, 0x2a, 0x81, 0x6e,
  0x80, 0x47, 0x40, 0x00, 0x80, 0x3b, 0x40, 0x00, 0x80, 0x3e, 0x40, 0x00, 0x80, 0x41, 0x40, 0x02, 0x90, 0x3b, 0x28,
  0x00, 0x90, 0x3e, 0x28, 0x00, 0x90, 0x41, 0x28, 0x00, 0x90, 0x47, 0x30, 0x85, 0x49, 0x80, 0x47, 0x40, 0x00, 0x80,
  0x3b, 0x40, 0x00, 0x80, 0x3e, 0x40, 0x00, 0x80, 0x41, 0x40, 0x07, 0x90, 0x3b, 0x27, 0x00, 0x90, 0x41, 0x27, 0x00,
  0x90, 0x3e, 0x27, 0x00, 0x90, 0x47, 0x2f, 0x81, 0x70, 0x80, 0x47, 0x40, 0x00, 0x80, 0x3b, 0x40, 0x00, 0x80, 0x41,
  0x40, 0x00, 0x80, 0x3e, 0x40, 0x00, 0x90, 0x42, 0x22, 0x00, 0x90, 0x39, 0x22, 0x00, 0x90, 0x3d, 0x22, 0x00, 0x90,
  0x45, 0x29, 0x81, 0x70, 0x80, 0x45, 0x40, 0x00, 0x80, 0x42, 0x40, 0x00, 0x80, 0x39, 0x40, 0x00, 0x80, 0x3d, 0x40,
  0x00, 0x90, 0x38, 0x22, 0x00, 0x90, 0x3e, 0x22, 0x00, 0x90, 0x42, 0x22, 0x00, 0x90, 0x44, 0x29, 0x81, 0x70, 0x80,
  0x44, 0x40, 0x00, 0x80, 0x38, 0x40, 0x00, 0x80, 0x3e, 0x40, 0x00, 0x80, 0x42, 0x40, 0x00, 0x90, 0x42, 0x28, 0x00,
  0x90, 0x38, 0x28, 0x00, 0x90, 0x3f, 0x28, 0x00, 0x90, 0x44, 0x30, 0x83, 0x5b, 0x80, 0x44, 0x40, 0x00, 0x80, 0x42,
  0x40, 0x00, 0x80, 0x38, 0x40, 0x00, 0x80, 0x3f, 0x40, 0x05, 0x90, 0x3f, 0x24, 0x00, 0x90, 0x38, 0x24, 0x00, 0x90,
  0x42, 0x24, 0x00, 0x90, 0x44, 0x2b, 0x81, 0x6e, 0x80, 0x44, 0x40, 0x00, 0x80, 0x3f, 0x40, 0x00, 0x80, 0x38, 0x40,
  0x00, 0x80, 0x42, 0x40, 0x02, 0x90, 0x3f, 0x2d, 0x00, 0x90, 0x42, 0x2d, 0x00, 0x90, 0x38, 0x2d, 0x00, 0x90, 0x44,
  0x35, 0x81, 0x70, 0x80, 0x44, 0x40, 0x00, 0x80, 0x3f, 0x40, 0x00, 0x80, 0x42, 0x40, 0x00, 0x80, 0x38, 0x40, 0x00,
  0x90, 0x42, 0x28, 0x00, 0x90, 0x3f, 0x28, 0x00, 0x90, 0x39, 0x28, 0x00, 0x90, 0x45, 0x31, 0x81, 0x70, 0x80, 0x45,
  0x40, 0x00, 0x80, 0x42, 0x40, 0x00, 0x80, 0x3f, 0x40, 0x00, 0x80, 0x39, 0x40, 0x00, 0x90, 0x36, 0x2a, 0x00, 0x90,
  0x39, 0x2a, 0x00, 0x90, 0x3f, 0x2a, 0x00, 0x90, 0x42, 0x34, 0x81, 0x70, 0x80, 0x42, 0x40, 0x00, 0x80, 0x36, 0x40,
  0x00, 0x80, 0x39, 0x40, 0x00, 0x80, 0x3f, 0x40, 0x00, 0x90, 0x36, 0x2c, 0x00, 0x90, 0x39, 0x2c, 0x00, 0x90, 0x3f,
  0x2c, 0x00, 0x90, 0x42, 0x35, 0x81, 0x70, 0x80, 0x3f, 0x40, 0x00, 0x90, 0x3c, 0x2d, 0x81, 0x70, 0x80, 0x3c, 0x40,
  0x00, 0x90, 0x3d, 0x2e, 0x81, 0x70, 0x80, 0x3d, 0x40, 0x00, 0x80, 0x36, 0x40, 0x00, 0x80, 0x39, 0x40, 0x00, 0x80,
  0x42, 0x40, 0x00, 0x90, 0x38, 0x24, 0x00, 0x90, 0x41, 0x37, 0x00, 0x90, 0x35, 0x24, 0x00, 0x90, 0x3d, 0x2e, 0x81,
  0x70, 0x80, 0x3d, 0x40, 0x00, 0x80, 0x38, 0x40, 0x00, 0x80, 0x41, 0x40, 0x00, 0x80, 0x35, 0x40, 0x00, 0x90, 0x44,
  0x39, 0x81, 0x70, 0x80, 0x44, 0x40, 0x00, 0x90, 0x47, 0x3b, 0x81, 0x70, 0x80, 0x47, 0x40, 0x00, 0x90, 0x3e, 0x32,
  0x00, 0x90, 0x41, 0x32, 0x00, 0x90, 0x47, 0x3c, 0x81, 0x70, 0x80, 0x41, 0x40, 0x00, 0x90, 0x44, 0x32, 0x81, 0x70,
  0x80, 0x44, 0x40, 0x00, 0x80, 0x47, 0x40, 0x00, 0x80, 0x3e, 0x40, 0x00, 0x90, 0x3d, 0x2d, 0x00, 0x90, 0x45, 0x32,
  0x00, 0x90, 0x42, 0x2d, 0x81, 0x6e, 0x80, 0x42, 0x40, 0x00, 0x80, 0x45, 0x40, 0x00, 0x80, 0x3d, 0x40, 0x02, 0x90,
  0x45, 0x3a, 0x00, 0x90, 0x3d, 0x30, 0x00, 0x90, 0x42, 0x30, 0x81, 0x70, 0x80, 0x42, 0x40, 0x00, 0x80, 0x3d, 0x40,
  0x00, 0x80, 0x45, 0x40, 0x00, 0x90, 0x41, 0x2a, 0x00, 0x90, 0x44, 0x33, 0x00, 0x90, 0x3b, 0x2a, 0x00, 0x90, 0x3e,
  0x2a, 0x81, 0x70, 0x80, 0x3e, 0x40, 0x00, 0x80, 0x41, 0x40, 0x00, 0x80, 0x44, 0x40, 0x00, 0x80, 0x3b, 0x40, 0x00,
  0x90, 0x42, 0x33, 0x00, 0x90, 0x3f, 0x2a, 0x00, 0x90, 0x39, 0x2a, 0x78, 0x80, 0x39, 0x40, 0x00, 0x90, 0x3c, 0x2a,
  0x78, 0x80, 0x3c, 0x40, 0x00, 0x80, 0x3f, 0x40, 0x00, 0x80, 0x42, 0x40, 0x00, 0x90, 0x3f, 0x32, 0x00, 0x90, 0x42,
  0x3c, 0x00, 0x90, 0x39, 0x32, 0x00, 0x90, 0x3c, 0x32, 0x83, 0x60, 0x80, 0x3c, 0x40, 0x00, 0x80, 0x3f, 0x40, 0x00,
  0x80, 0x42, 0x40, 0x00, 0x80, 0x39, 0x40, 0x00, 0x90, 0x41, 0x32, 0x00, 0x90, 0x3d, 0x2d, 0x00, 0x90, 0x38, 0x2d,
  0x81, 0x70, 0x80, 0x38, 0x40, 0x00, 0x80, 0x3d, 0x40, 0x00, 0x80, 0x41, 0x40, 0x00, 0x90, 0x41, 0x42, 0x81, 0x70,
  0x80, 0x41, 0x40, 0x00, 0x90, 0x44, 0x3c, 0x81, 0x70, 0x80, 0x44, 0x40, 0x00, 0x90, 0x41, 0x2a, 0x00, 0x90, 0x47,
  0x3f, 0x00, 0x90, 0x44, 0x2a, 0x78, 0x80, 0x47, 0x40, 0x00, 0x90, 0x4a, 0x3f, 0x77, 0x80, 0x4a, 0x40, 0x01, 0x90,
  0x47, 0x32, 0x00, 0x90, 0x4a, 0x48, 0x81, 0x70, 0x80, 0x44, 0x40, 0x00, 0x80, 0x41, 0x40, 0x00, 0x90, 0x41, 0x24,
  0x00, 0x90, 0x44, 0x24, 0x81, 0x70, 0x80, 0x44, 0x40, 0x00, 0x80, 0x4a, 0x40, 0x00, 0x80, 0x47, 0x40, 0x00, 0x80,
  0x41, 0x40, 0x00, 0x90, 0x42, 0x30, 0x00, 0x90, 0x49, 0x36, 0x00, 0x90, 0x45, 0x30, 0x81, 0x6e, 0x80, 0x45, 0x40,
  0x00, 0x80, 0x49, 0x40, 0x00, 0x80, 0x42, 0x40, 0x02, 0x90, 0x49, 0x37, 0x00, 0x90, 0x45, 0x2e, 0x78, 0x90, 0x42,
  0x2e, 0x78, 0x80, 0x42, 0x40, 0x00, 0x80, 0x45, 0x40, 0x00, 0x80, 0x49, 0x40, 0x00, 0x90, 0x3e, 0x27, 0x00, 0x90,
  0x44, 0x27, 0x00, 0x90, 0x47, 0x2f, 0x00, 0x90, 0x41, 0x27, 0x81, 0x70, 0x80, 0x41, 0x40, 0x00, 0x80, 0x3e, 0x40,
  0x00, 0x80, 0x44, 0x40, 0x00, 0x80, 0x47, 0x40, 0x00, 0x90, 0x3c, 0x27, 0x00, 0x90, 0x42, 0x27, 0x00, 0x90, 0x45,
  0x2f, 0x00, 0x90, 0x3f, 0x27, 0x81, 0x6e, 0x80, 0x3f, 0x40, 0x00, 0x80, 0x3c, 0x40, 0x00, 0x80, 0x42, 0x40, 0x00,
  0x80, 0x45, 0x40, 0x02, 0x90, 0x42, 0x2d, 0x00, 0x90, 0x45, 0x36, 0x81, 0x70, 0x90, 0x3c, 0x2c, 0x00, 0x90, 0x3f,
  0x2c, 0x81, 0x70, 0x80, 0x3f, 0x40, 0x00, 0x80, 0x42, 0x40, 0x00, 0x80, 0x45, 0x40, 0x00, 0x80, 0x3c, 0x40, 0x00,
  0x90, 0x3d, 0x26, 0x00, 0x90, 0x41, 0x26, 0x00, 0x90, 0x44, 0x2c, 0x81, 0x6e, 0x80, 0x44, 0x40, 0x00, 0x80, 0x41,
  0x40, 0x00, 0x80, 0x3d, 0x40, 0x02, 0x90, 0x44, 0x2b, 0x00, 0x90, 0x41, 0x23, 0x00, 0x90, 0x3d, 0x23, 0x83, 0x60,
  0x80, 0x3d, 0x40, 0x00, 0x80, 0x41, 0x40, 0x00, 0x80, 0x44, 0x40, 0x00, 0x90, 0x40, 0x22, 0x00, 0x90, 0x43, 0x27,
  0x00, 0x90, 0x3d, 0x22, 0x81, 0x34, 0x80, 0x3d, 0x40, 0x00, 0x80, 0x43, 0x40, 0x00, 0x80, 0x40, 0x40, 0x00, 0x90,
  0x43, 0x35, 0x3c, 0x80, 0x43, 0x40, 0x00, 0x90, 0x53, 0x41, 0x83, 0x60, 0x80, 0x53, 0x40, 0x00, 0x90, 0x51, 0x3e,
  0x81, 0x70, 0x80, 0x51, 0x40, 0x00, 0x90, 0x43, 0x37, 0x00, 0x90, 0x4f, 0x41, 0x83, 0x60, 0x80, 0x4f, 0x40, 0x00,
  0x90, 0x4e, 0x40, 0x81, 0x70, 0x80, 0x4e, 0x40, 0x00, 0x80, 0x43, 0x40, 0x00, 0x90, 0x43, 0x37, 0x00, 0x90, 0x4c,
  0x41, 0x83, 0x60, 0x80, 0x4c, 0x40, 0x00, 0x90, 0x4e, 0x3f, 0x81, 0x70, 0x80, 0x4e, 0x40, 0x00, 0x80, 0x43, 0x40,
  0x00, 0x90, 0x43, 0x37, 0x00, 0x90, 0x4f, 0x41, 0x83, 0x60, 0x80, 0x4f, 0x40, 0x00, 0x80, 0x43, 0x40, 0x00, 0x90,
  0x42, 0x40, 0x81, 0x6e, 0x80, 0x42, 0x40, 0x02, 0x90, 0x42, 0x3c, 0x81, 0x70, 0x80, 0x42, 0x40, 0x00, 0x90, 0x42,
  0x2d, 0x00, 0x90, 0x45, 0x35, 0x81, 0x70, 0x80, 0x45, 0x40, 0x00, 0x80, 0x42, 0x40, 0x00, 0x90, 0x42, 0x2b, 0x00,
  0x90, 0x45, 0x2b, 0x00, 0x90, 0x49, 0x33, 0x81, 0x70, 0x80, 0x49, 0x40, 0x00, 0x80, 0x45, 0x40, 0x00, 0x80, 0x42,
  0x40, 0x00, 0x90, 0x49, 0x36, 0x00, 0x90, 0x41, 0x2d, 0x00, 0x90, 0x44, 0x2d, 0x83, 0x5b, 0x80, 0x44, 0x40, 0x00,
  0x80, 0x41, 0x40, 0x00, 0x80, 0x49, 0x40, 0x05, 0x90, 0x49, 0x2b, 0x00, 0x90, 0x44, 0x24, 0x00, 0x90, 0x41, 0x24,
  0x81, 0x6e, 0x80, 0x41, 0x40, 0x00, 0x80, 0x44, 0x40, 0x00, 0x80, 0x49, 0x40, 0x02, 0x90, 0x44, 0x28, 0x00, 0x90,
  0x41, 0x28, 0x00, 0x90, 0x49, 0x30, 0x83, 0x60, 0x80, 0x49, 0x40, 0x00, 0x80, 0x41, 0x40, 0x00, 0x80, 0x44, 0x40,
  0x00, 0x90, 0x42, 0x24, 0x00, 0x90, 0x45, 0x2b, 0x81, 0x6e, 0x80, 0x42, 0x40, 0x00, 0x80, 0x45, 0x40, 0x02, 0x90,
  0x42, 0x25, 0x00, 0x90, 0x45, 0x2f, 0x81, 0x6e, 0x80, 0x45, 0x40, 0x00, 0x80, 0x42, 0x40, 0x02, 0x90, 0x3d, 0x25,
  0x00, 0x90, 0x42, 0x2d, 0x81, 0x70, 0x80, 0x42, 0x40, 0x00, 0x80, 0x3d, 0x40, 0x00, 0x90, 0x44, 0x2c, 0x00, 0x90,
  0x41, 0x2c, 0x00, 0x90, 0x3d, 0x2c, 0x78, 0x80, 0x41, 0x40, 0x00, 0x80, 0x44, 0x40, 0x00, 0x90, 0x42, 0x2f, 0x00,
  0x90, 0x45, 0x2f, 0x78, 0x80, 0x45, 0x40, 0x00, 0x80, 0x42, 0x40, 0x00, 0x80, 0x3d, 0x40, 0x00, 0x90, 0x44, 0x33,
  0x00, 0x90, 0x47, 0x33, 0x81, 0x70, 0x90, 0x3e, 0x32, 0x81, 0x70, 0x80, 0x3e, 0x40, 0x00, 0x80, 0x47, 0x40, 0x00,
  0x80, 0x44, 0x40, 0x00, 0x90, 0x3d, 0x2f, 0x00, 0x90, 0x42, 0x2f, 0x00, 0x90, 0x45, 0x3a, 0x81, 0x70, 0x80, 0x45,
  0x40, 0x00, 0x80, 0x42, 0x40, 0x00, 0x80, 0x3d, 0x40, 0x00, 0x90, 0x3b, 0x33, 0x00, 0x90, 0x45, 0x3c, 0x00, 0x90,
  0x41, 0x33, 0x00, 0x90, 0x3e, 0x33, 0x81, 0x70, 0x80, 0x45, 0x40, 0x00, 0x90, 0x44, 0x39, 0x81, 0x70, 0x80, 0x44,
  0x40, 0x00, 0x80, 0x3e, 0x40, 0x00, 0x80, 0x41, 0x40, 0x00, 0x80, 0x3b, 0x40, 0x00, 0x90, 0x42, 0x36, 0x00, 0x90,
  0x3f, 0x2d, 0x00, 0x90, 0x39, 0x2d, 0x81, 0x70, 0x80, 0x39, 0x40, 0x00, 0x80, 0x3f, 0x40, 0x00, 0x80, 0x42, 0x40,
  0x00, 0x90, 0x39, 0x32, 0x00, 0x90, 0x3d, 0x32, 0x00, 0x90, 0x42, 0x3c, 0x81, 0x70, 0x80, 0x42, 0x40, 0x00, 0x80,
  0x39, 0x40, 0x00, 0x90, 0x37, 0x32, 0x00, 0x90, 0x40, 0x38, 0x81, 0x70, 0x80, 0x40, 0x40, 0x00, 0x80, 0x37, 0x40,
  0x00, 0x90, 0x38, 0x32, 0x00, 0x90, 0x41, 0x38, 0x81, 0x6e, 0x80, 0x41, 0x40, 0x00, 0x80, 0x38, 0x40, 0x02, 0x80,
  0x3d, 0x40, 0x00, 0x90, 0x38, 0x32, 0x00, 0x90, 0x3d, 0x32, 0x00, 0x90, 0x41, 0x3b, 0x82, 0x68, 0x80, 0x41, 0x40,
  0x00, 0x80, 0x3d, 0x40, 0x00, 0x80, 0x38, 0x40, 0x00, 0x90, 0x44, 0x3c, 0x78, 0x80, 0x44, 0x40, 0x00, 0x90, 0x47,
  0x3f, 0x78, 0x80, 0x47, 0x40, 0x00, 0x90, 0x4a, 0x42, 0x77, 0x80, 0x4a, 0x40, 0x01, 0x90, 0x44, 0x24, 0x00, 0x90,
  0x47, 0x32, 0x00, 0x90, 0x4a, 0x47, 0x00, 0x90, 0x41, 0x24, 0x00, 0x90, 0x3e, 0x24, 0x81, 0x70, 0x80, 0x3e, 0x40,
  0x00, 0x80, 0x47, 0x40, 0x00, 0x80, 0x44, 0x40, 0x00, 0x80, 0x41, 0x40, 0x00, 0x90, 0x41, 0x24, 0x00, 0x90, 0x44,
  0x24, 0x81, 0x70, 0x80, 0x44, 0x40, 0x00, 0x80, 0x41, 0x40, 0x00, 0x80, 0x4a, 0x40, 0x00, 0x90, 0x45, 0x30, 0x00,
  0x90, 0x49, 0x36, 0x81, 0x70, 0x80, 0x49, 0x40, 0x00, 0x80, 0x45, 0x40, 0x00, 0x90, 0x41, 0x27, 0x00, 0x90, 0x3e,
  0x27, 0x00, 0x90, 0x49, 0x37, 0x00, 0x90, 0x44, 0x27, 0x81, 0x70, 0x80, 0x49, 0x40, 0x00, 0x90, 0x47, 0x2f, 0x81,
  0x70, 0x80, 0x47, 0x40, 0x00, 0x80, 0x44, 0x40, 0x00, 0x80, 0x3e, 0x40, 0x00, 0x80, 0x41, 0x40, 0x00, 0x90, 0x3f,
  0x27, 0x00, 0x90, 0x42, 0x27, 0x00, 0x90, 0x45, 0x2f, 0x81, 0x70, 0x80, 0x45, 0x40, 0x00, 0x80, 0x42, 0x40, 0x00,
  0x80, 0x3f, 0x40, 0x00, 0x90, 0x42, 0x2d, 0x00, 0x90, 0x3f, 0x2c, 0x00, 0x90, 0x3c, 0x2c, 0x00, 0x90, 0x45, 0x36,
  0x81, 0x70, 0x80, 0x3c, 0x40, 0x00, 0x80, 0x3f, 0x40, 0x00, 0x90, 0x3c, 0x27, 0x00, 0x90, 0x3f, 0x27, 0x81, 0x70,
  0x80, 0x3f, 0x40, 0x00, 0x80, 0x45, 0x40, 0x00, 0x80, 0x42, 0x40, 0x00, 0x80, 0x3c, 0x40, 0x00, 0x90, 0x3d, 0x26,
  0x00, 0x90, 0x41, 0x26, 0x00, 0x90, 0x44, 0x2c, 0x81, 0x70, 0x80, 0x44, 0x40, 0x00, 0x80, 0x41, 0x40, 0x00, 0x80,
  0x3d, 0x40, 0x00, 0x90, 0x41, 0x23, 0x00, 0x90, 0x3d, 0x23, 0x00, 0x90, 0x44, 0x2b, 0x81, 0x70, 0x80, 0x44, 0x40,
  0x00, 0x80, 0x3d, 0x40, 0x00, 0x80, 0x41, 0x40, 0x00, 0x90, 0x40, 0x22, 0x00, 0x90, 0x43, 0x27, 0x81, 0x70, 0x80,
  0x43, 0x40, 0x00, 0x80, 0x40, 0x40, 0x00, 0x90, 0x3e, 0x22, 0x81, 0x34, 0x80, 0x3e, 0x40, 0x00, 0x90, 0x43, 0x35,
  0x3c, 0x80, 0x43, 0x40, 0x00, 0x90, 0x53, 0x41, 0x83, 0x59, 0x90, 0x51, 0x3c, 0x07, 0x80, 0x53, 0x40, 0x81, 0x67,
  0x80, 0x51, 0x40, 0x09, 0x90, 0x51, 0x41, 0x81, 0x70, 0x80, 0x51, 0x40, 0x00, 0x90, 0x5b, 0x41, 0x00, 0x90, 0x4f,
  0x2e, 0x81, 0x70, 0x80, 0x4f, 0x40, 0x00, 0x80, 0x5b, 0x40, 0x00, 0x90, 0x4e, 0x36, 0x00, 0x90, 0x5a, 0x40, 0x81,
  0x6e, 0x80, 0x5a, 0x40, 0x00, 0x80, 0x4e, 0x40, 0x02, 0x90, 0x5a, 0x45, 0x00, 0x90, 0x4e, 0x3a, 0x81, 0x70, 0x80,
  0x4e, 0x40, 0x00, 0x80, 0x5a, 0x40, 0x00, 0x90, 0x4c, 0x38, 0x00, 0x90, 0x58, 0x43, 0x81, 0x70, 0x80, 0x58, 0x40,
  0x00, 0x80, 0x4c, 0x40, 0x00, 0x90, 0x4e, 0x3c, 0x00, 0x90, 0x5a, 0x47, 0x81, 0x6e, 0x80, 0x5a, 0x40, 0x00, 0x80,
  0x4e, 0x40, 0x02, 0x90, 0x5a, 0x4b, 0x00, 0x90, 0x4e, 0x3f, 0x81, 0x70, 0x80, 0x4e, 0x40, 0x00, 0x80, 0x5a, 0x40,
  0x00, 0x90, 0x5b, 0x48, 0x00, 0x90, 0x4f, 0x3d, 0x82, 0x68, 0x80, 0x4f, 0x40, 0x00, 0x80, 0x5b, 0x40, 0x00, 0x90,
  0x4e, 0x40, 0x00, 0x90, 0x42, 0x39, 0x77, 0x80, 0x42, 0x40, 0x00, 0x80, 0x4e, 0x40, 0x01, 0x90, 0x42, 0x36, 0x00,
  0x90, 0x4e, 0x36, 0x81, 0x70, 0x80, 0x4e, 0x40, 0x00, 0x80, 0x42, 0x40, 0x00, 0x90, 0x51, 0x34, 0x00, 0x90, 0x45,
  0x34, 0x81, 0x70, 0x80, 0x45, 0x40, 0x00, 0x80, 0x51, 0x40, 0x00, 0x90, 0x55, 0x3b, 0x00, 0x90, 0x49, 0x3b, 0x81,
  0x6e, 0x80, 0x49, 0x40, 0x00, 0x80, 0x55, 0x40, 0x02, 0x90, 0x49, 0x3e, 0x00, 0x90, 0x55, 0x3e, 0x83, 0x60, 0x80,
  0x55, 0x40, 0x00, 0x80, 0x49, 0x40, 0x00, 0x90, 0x55, 0x39, 0x00, 0x90, 0x49, 0x39, 0x81, 0x6e, 0x80, 0x49, 0x40,
  0x00, 0x80, 0x55, 0x40, 0x02, 0x90, 0x55, 0x3f, 0x00, 0x90, 0x49, 0x35, 0x81, 0x70, 0x80, 0x49, 0x40, 0x00, 0x80,
  0x55, 0x40, 0x00, 0x90, 0x4a, 0x34, 0x00, 0x90, 0x56, 0x3e, 0x81, 0x70, 0x80, 0x56, 0x40, 0x00, 0x80, 0x4a, 0x40,
  0x00, 0x90, 0x43, 0x2f, 0x00, 0x90, 0x4f, 0x38, 0x81, 0x70, 0x80, 0x4f, 0x40, 0x00, 0x80, 0x43, 0x40, 0x00, 0x90,
  0x53, 0x3f, 0x00, 0x90, 0x47, 0x35, 0x81, 0x70, 0x80, 0x47, 0x40, 0x00, 0x80, 0x53, 0x40, 0x00, 0x90, 0x3d, 0x30,
  0x00, 0x90, 0x49, 0x39, 0x81, 0x70, 0x80, 0x49, 0x40, 0x00, 0x80, 0x3d, 0x40, 0x00, 0x90, 0x41, 0x2f, 0x00, 0x90,
  0x4d, 0x38, 0x81, 0x70, 0x80, 0x4d, 0x40, 0x00, 0x80, 0x41, 0x40, 0x00, 0x90, 0x4e, 0x3f, 0x00, 0x90, 0x42, 0x35,
  0x81, 0x70, 0x80, 0x42, 0x40, 0x00, 0x80, 0x4e, 0x40, 0x00, 0x90, 0x49, 0x39, 0x00, 0x90, 0x55, 0x44, 0x82, 0x68,
  0x80, 0x55, 0x40, 0x00, 0x80, 0x49, 0x40, 0x00, 0x90, 0x44, 0x29, 0x00, 0x90, 0x50, 0x31, 0x78, 0x80, 0x50, 0x40,
  0x00, 0x80, 0x44, 0x40, 0x00, 0x90, 0x51, 0x35, 0x00, 0x90, 0x45, 0x2d, 0x81, 0x70, 0x80, 0x45, 0x40, 0x00, 0x80,
  0x51, 0x40, 0x00, 0x90, 0x45, 0x2d, 0x00, 0x90, 0x51, 0x36, 0x82, 0x68, 0x80, 0x51, 0x40, 0x00, 0x80, 0x45, 0x40,
  0x00, 0x90, 0x41, 0x25, 0x00, 0x90, 0x4d, 0x2c, 0x78, 0x80, 0x4d, 0x40, 0x00, 0x80, 0x41, 0x40, 0x8a, 0x28, 0x90,
  0x49, 0x2c, 0x81, 0x6e, 0x80, 0x49, 0x40, 0x02, 0x90, 0x49, 0x2c, 0x81, 0x6e, 0x80, 0x49, 0x40, 0x02, 0x90, 0x49,
  0x2c, 0x78, 0x90, 0x4e, 0x37, 0x76, 0x80, 0x49, 0x40, 0x02, 0x90, 0x49, 0x2c, 0x76, 0x80, 0x4e, 0x40, 0x02, 0x90,
  0x4e, 0x3f, 0x76, 0x80, 0x49, 0x40, 0x02, 0x90, 0x49, 0x2c, 0x78, 0x80, 0x4e, 0x40, 0x00, 0x90, 0x51, 0x3f, 0x76,
  0x80, 0x49, 0x40, 0x02, 0x90, 0x49, 0x30, 0x78, 0x80, 0x51, 0x40, 0x00, 0x90, 0x55, 0x44, 0x76, 0x80, 0x49, 0x40,
  0x02, 0x90, 0x49, 0x32, 0x76, 0x80, 0x55, 0x40, 0x02, 0x80, 0x49, 0x40, 0x00, 0x90, 0x55, 0x47, 0x78, 0x90, 0x4d,
  0x34, 0x00, 0x90, 0x53, 0x34, 0x81, 0x6e, 0x80, 0x53, 0x40, 0x00, 0x80, 0x4d, 0x40, 0x02, 0x90, 0x4d, 0x25, 0x00,
  0x90, 0x53, 0x2c, 0x78, 0x80, 0x55, 0x40, 0x00, 0x90, 0x58, 0x4b, 0x78, 0x80, 0x58, 0x40, 0x00, 0x80, 0x53, 0x40,
  0x00, 0x80, 0x4d, 0x40, 0x00, 0x90, 0x56, 0x43, 0x78, 0x80, 0x56, 0x40, 0x00, 0x90, 0x56, 0x49, 0x78, 0x90, 0x47,
  0x2c, 0x78, 0x80, 0x56, 0x40, 0x00, 0x90, 0x4d, 0x40, 0x76, 0x80, 0x47, 0x40, 0x02, 0x90, 0x47, 0x2c, 0x78, 0x80,
  0x4d, 0x40, 0x00, 0x90, 0x53, 0x40, 0x76, 0x80, 0x47, 0x40, 0x02, 0x90, 0x47, 0x2c, 0x78, 0x80, 0x53, 0x40, 0x00,
  0x90, 0x53, 0x4a, 0x78, 0x80, 0x47, 0x40, 0x00, 0x90, 0x41, 0x2c, 0x78, 0x80, 0x53, 0x40, 0x00, 0x90, 0x47, 0x37,
  0x76, 0x80, 0x41, 0x40, 0x02, 0x90, 0x41, 0x27, 0x78, 0x80, 0x47, 0x40, 0x00, 0x90, 0x49, 0x3f, 0x76, 0x80, 0x41,
  0x40, 0x02, 0x80, 0x49, 0x40, 0x00, 0x90, 0x41, 0x25, 0x00, 0x90, 0x4a, 0x41, 0x77, 0x80, 0x4a, 0x40, 0x01, 0x90,
  0x47, 0x28, 0x00, 0x90, 0x4a, 0x42, 0x76, 0x80, 0x41, 0x40, 0x02, 0x90, 0x41, 0x25, 0x00, 0x90, 0x47, 0x2c, 0x78,
  0x80, 0x4a, 0x40, 0x00, 0x80, 0x47, 0x40, 0x00, 0x90, 0x49, 0x3f, 0x76, 0x80, 0x41, 0x40, 0x00, 0x80, 0x47, 0x40,
  0x02, 0x90, 0x47, 0x2c, 0x00, 0x90, 0x41, 0x25, 0x81, 0x6e, 0x80, 0x41, 0x40, 0x00, 0x80, 0x47, 0x40, 0x02, 0x80,
  0x49, 0x40, 0x00, 0x90, 0x41, 0x25, 0x00, 0x90, 0x47, 0x42, 0x78, 0x80, 0x47, 0x40, 0x00, 0x80, 0x41, 0x40, 0x00,
  0x90, 0x47, 0x3f, 0x78, 0x80, 0x47, 0x40, 0x00, 0x90, 0x45, 0x36, 0x81, 0x70, 0x80, 0x45, 0x40, 0x00, 0x90, 0x49,
  0x3f, 0x81, 0x70, 0x80, 0x49, 0x40, 0x00, 0x90, 0x4e, 0x43, 0x81, 0x48, 0x80, 0x4e, 0x40, 0x00, 0x90, 0x51, 0x42,
  0x50, 0x80, 0x51, 0x40, 0x00, 0x90, 0x55, 0x43, 0x81, 0x20, 0x80, 0x55, 0x40, 0x00, 0x90, 0x5a, 0x46, 0x50, 0x80,
  0x5a, 0x40, 0x00, 0x90, 0x5c, 0x47, 0x50, 0x80, 0x5c, 0x40, 0x00, 0x90, 0x5d, 0x4b, 0x50, 0x80, 0x5d, 0x40, 0x00,
  0x90, 0x5a, 0x49, 0x50, 0x80, 0x5a, 0x40, 0x00, 0x90, 0x55, 0x3f, 0x50, 0x80, 0x55, 0x40, 0x00, 0x90, 0x55, 0x44,
  0x3c, 0x80, 0x55, 0x40, 0x00, 0x90, 0x56, 0x3f, 0x3c, 0x80, 0x56, 0x40, 0x00, 0x90, 0x55, 0x3b, 0x1e, 0x80, 0x55,
  0x40, 0x00, 0x90, 0x56, 0x3c, 0x1e, 0x80, 0x56, 0x40, 0x00, 0x90, 0x55, 0x3e, 0x1e, 0x80, 0x55, 0x40, 0x00, 0x90,
  0x56, 0x3f, 0x1e, 0x80, 0x56, 0x40, 0x00, 0x90, 0x55, 0x40, 0x1e, 0x80, 0x55, 0x40, 0x00, 0x90, 0x56, 0x41, 0x1e,
  0x80, 0x56, 0x40, 0x00, 0x90, 0x55, 0x42, 0x3c, 0x80, 0x55, 0x40, 0x00, 0x90, 0x54, 0x45, 0x3c, 0x80, 0x54, 0x40,
  0x00, 0x90, 0x55, 0x47, 0x3c, 0x80, 0x55, 0x40, 0x00, 0x90, 0x58, 0x4a, 0x50, 0x80, 0x58, 0x40, 0x00, 0x90, 0x55,
  0x45, 0x50, 0x80, 0x55, 0x40, 0x00, 0x90, 0x56, 0x46, 0x4f, 0x80, 0x56, 0x40, 0x01, 0x90, 0x56, 0x4c, 0x50, 0x80,
  0x56, 0x40, 0x00, 0x90, 0x4c, 0x3e, 0x50, 0x80, 0x4c, 0x40, 0x00, 0x90, 0x4d, 0x3e, 0x50, 0x80, 0x4d, 0x40, 0x00,
  0x90, 0x4d, 0x46, 0x50, 0x80, 0x4d, 0x40, 0x00, 0x90, 0x56, 0x3b, 0x50, 0x80, 0x56, 0x40, 0x00, 0x90, 0x55, 0x3c,
  0x4f, 0x80, 0x55, 0x40, 0x01, 0x90, 0x55, 0x43, 0x50, 0x80, 0x55, 0x40, 0x00, 0x90, 0x52, 0x3a, 0x50, 0x80, 0x52,
  0x40, 0x00, 0x90, 0x53, 0x35, 0x4f, 0x80, 0x53, 0x40, 0x01, 0x90, 0x53, 0x3b, 0x3c, 0x80, 0x53, 0x40, 0x00, 0x90,
  0x41, 0x2e, 0x3c, 0x80, 0x41, 0x40, 0x00, 0x90, 0x42, 0x2f, 0x3c, 0x80, 0x42, 0x40, 0x00, 0x90, 0x44, 0x30, 0x3c,
  0x80, 0x44, 0x40, 0x00, 0x90, 0x45, 0x31, 0x3c, 0x80, 0x45, 0x40, 0x00, 0x90, 0x46, 0x32, 0x3c, 0x80, 0x46, 0x40,
  0x00, 0x90, 0x47, 0x33, 0x3c, 0x80, 0x47, 0x40, 0x00, 0x90, 0x48, 0x34, 0x3c, 0x80, 0x48, 0x40, 0x00, 0x90, 0x49,
  0x36, 0x50, 0x80, 0x49, 0x40, 0x00, 0x90, 0x4a, 0x37, 0x50, 0x80, 0x4a, 0x40, 0x00, 0x90, 0x4b, 0x39, 0x50, 0x80,
  0x4b, 0x40, 0x00, 0x90, 0x4c, 0x3a, 0x50, 0x80, 0x4c, 0x40, 0x00, 0x90, 0x49, 0x3c, 0x50, 0x80, 0x49, 0x40, 0x00,
  0x90, 0x4a, 0x3d, 0x4f, 0x80, 0x4a, 0x40, 0x01, 0x90, 0x4a, 0x40, 0x3c, 0x80, 0x4a, 0x40, 0x00, 0x90, 0x53, 0x3e,
  0x3c, 0x80, 0x53, 0x40, 0x00, 0x90, 0x50, 0x38, 0x3c, 0x80, 0x50, 0x40, 0x00, 0x90, 0x4d, 0x38, 0x3c, 0x80, 0x4d,
  0x40, 0x00, 0x90, 0x4a, 0x3e, 0x3c, 0x80, 0x4a, 0x40, 0x00, 0x90, 0x48, 0x39, 0x3c, 0x80, 0x48, 0x40, 0x00, 0x90,
  0x4a, 0x37, 0x3c, 0x80, 0x4a, 0x40, 0x00, 0x90, 0x49, 0x37, 0x3c, 0x80, 0x49, 0x40, 0x00, 0x90, 0x49, 0x39, 0x78,
  0x90, 0x42, 0x30, 0x78, 0x80, 0x49, 0x40, 0x00, 0x90, 0x4e, 0x3e, 0x76, 0x80, 0x42, 0x40, 0x02, 0x90, 0x42, 0x30,
  0x81, 0x70, 0x80, 0x42, 0x40, 0x00, 0x80, 0x4e, 0x40, 0x00, 0x90, 0x49, 0x38, 0x78, 0x80, 0x49, 0x40, 0x00, 0x90,
  0x4a, 0x3e, 0x78, 0x90, 0x47, 0x2b, 0x00, 0x90, 0x41, 0x24, 0x81, 0x6e, 0x80, 0x41, 0x40, 0x00, 0x80, 0x47, 0x40,
  0x02, 0x90, 0x41, 0x24, 0x00, 0x90, 0x47, 0x2b, 0x78, 0x80, 0x4a, 0x40, 0x00, 0x90, 0x49, 0x38, 0x76, 0x80, 0x47,
  0x40, 0x00, 0x80, 0x41, 0x40, 0x02, 0x90, 0x41, 0x24, 0x00, 0x90, 0x47, 0x2b, 0x78, 0x80, 0x47, 0x40, 0x00, 0x80,
  0x41, 0x40, 0x00, 0x80, 0x49, 0x40, 0x00, 0x90, 0x49, 0x3e, 0x50, 0x80, 0x49, 0x40, 0x00, 0x90, 0x55, 0x39, 0x50,
  0x80, 0x55, 0x40, 0x00, 0x90, 0x50, 0x39, 0x50, 0x80, 0x50, 0x40, 0x00, 0x90, 0x53, 0x3f, 0x3c, 0x80, 0x53, 0x40,
  0x00, 0x90, 0x51, 0x41, 0x3c, 0x80, 0x51, 0x40, 0x00, 0x90, 0x4d, 0x44, 0x3c, 0x80, 0x4d, 0x40, 0x00, 0x90, 0x4e,
  0x46, 0x3c, 0x80, 0x4e, 0x40, 0x00, 0x90, 0x50, 0x47, 0x3c, 0x80, 0x50, 0x40, 0x00, 0x90, 0x4e, 0x46, 0x3c, 0x80,
  0x4e, 0x40, 0x00, 0x90, 0x51, 0x44, 0x28, 0x80, 0x51, 0x40, 0x00, 0x90, 0x4e, 0x43, 0x28, 0x80, 0x4e, 0x40, 0x01,
  0x90, 0x49, 0x41, 0x27, 0x90, 0x4c, 0x42, 0x01, 0x80, 0x49, 0x40, 0x77, 0x80, 0x4c, 0x40, 0x00, 0x90, 0x4b, 0x3e,
  0x00, 0x90, 0x47, 0x34, 0x00, 0x90, 0x41, 0x2b, 0x78, 0x80, 0x4b, 0x40, 0x00, 0x90, 0x4a, 0x3e, 0x76, 0x80, 0x41,
  0x40, 0x00, 0x80, 0x47, 0x40, 0x02, 0x80, 0x4a, 0x40, 0x00, 0x90, 0x4a, 0x3a, 0x00, 0x90, 0x47, 0x30, 0x00, 0x90,
  0x41, 0x29, 0x81, 0x6e, 0x80, 0x41, 0x40, 0x00, 0x80, 0x47, 0x40, 0x00, 0x80, 0x4a, 0x40, 0x02, 0x90, 0x41, 0x29,
  0x00, 0x90, 0x47, 0x30, 0x00, 0x90, 0x49, 0x3a, 0x78, 0x80, 0x49, 0x40, 0x00, 0x80, 0x47, 0x40, 0x00, 0x80, 0x41,
  0x40, 0x00, 0x90, 0x49, 0x3c, 0x78, 0x90, 0x42, 0x28, 0x81, 0x70, 0x80, 0x42, 0x40, 0x00, 0x80, 0x49, 0x40, 0x00,
  0x90, 0x4e, 0x3e, 0x81, 0x6e, 0x80, 0x4e, 0x40, 0x02, 0x90, 0x4e, 0x3f, 0x81, 0x70, 0x90, 0x42, 0x28, 0x81, 0x6b,
  0x80, 0x4e, 0x40, 0x05, 0x80, 0x42, 0x40, 0x00, 0x90, 0x4e, 0x41, 0x81, 0x6e, 0x80, 0x4e, 0x40, 0x02, 0x90, 0x4e,
  0x43, 0x81, 0x70, 0x90, 0x47, 0x2d, 0x81, 0x70, 0x80, 0x47, 0x40, 0x00, 0x80, 0x4e, 0x40, 0x00, 0x90, 0x53, 0x45,
  0x81, 0x6e, 0x80, 0x53, 0x40, 0x02, 0x90, 0x53, 0x47, 0x81, 0x70, 0x90, 0x47, 0x3d, 0x81, 0x6b, 0x80, 0x53, 0x40,
  0x05, 0x80, 0x47, 0x40, 0x00, 0x90, 0x47, 0x3e, 0x00, 0x90, 0x53, 0x49, 0x81, 0x6e, 0x80, 0x53, 0x40, 0x00, 0x80,
  0x47, 0x40, 0x02, 0x90, 0x47, 0x3f, 0x00, 0x90, 0x53, 0x4b, 0x81, 0x6e, 0x80, 0x53, 0x40, 0x00, 0x80, 0x47, 0x40,
  0x02, 0x90, 0x47, 0x40, 0x00, 0x90, 0x53, 0x4c, 0x81, 0x6e, 0x80, 0x53, 0x40, 0x00, 0x80, 0x47, 0x40, 0x02, 0x90,
  0x47, 0x41, 0x00, 0x90, 0x53, 0x4d, 0x81, 0x6e, 0x80, 0x53, 0x40, 0x00, 0x80, 0x47, 0x40, 0x02, 0x90, 0x47, 0x42,
  0x00, 0x90, 0x53, 0x4e, 0x77, 0x80, 0x47, 0x40, 0x77, 0x80, 0x53, 0x40, 0x02, 0x90, 0x58, 0x50, 0x00, 0x90, 0x53,
  0x44, 0x00, 0x90, 0x4c, 0x44, 0x81, 0x6e, 0x80, 0x4c, 0x40, 0x00, 0x80, 0x53, 0x40, 0x00, 0x80, 0x58, 0x40, 0x02,
  0x90, 0x56, 0x51, 0x00, 0x90, 0x58, 0x51, 0x00, 0x90, 0x53, 0x44, 0x00, 0x90, 0x4c, 0x44, 0x81, 0x6e, 0x80, 0x4c,
  0x40, 0x00, 0x80, 0x56, 0x40, 0x00, 0x80, 0x58, 0x40, 0x00, 0x80, 0x53, 0x40, 0x02, 0x90, 0x58, 0x52, 0x00, 0x90,
  0x55, 0x45, 0x00, 0x90, 0x51, 0x45, 0x00, 0x90, 0x4c, 0x45, 0x77, 0x80, 0x4c, 0x40, 0x00, 0x80, 0x58, 0x40, 0x00,
  0x80, 0x55, 0x40, 0x00, 0x80, 0x51, 0x40, 0x01, 0x90, 0x4c, 0x38, 0x00, 0x90, 0x58, 0x49, 0x78, 0x80, 0x58, 0x40,
  0x00, 0x90, 0x50, 0x39, 0x78, 0x80, 0x50, 0x40, 0x00, 0x80, 0x4c, 0x40, 0x00, 0x90, 0x4c, 0x36, 0x00, 0x90, 0x53,
  0x40, 0x78, 0x80, 0x53, 0x40, 0x00, 0x90, 0x51, 0x3c, 0x78, 0x80, 0x51, 0x40, 0x00, 0x80, 0x4c, 0x40, 0x00, 0x90,
  0x4e, 0x33, 0x00, 0x90, 0x50, 0x3c, 0x78, 0x80, 0x50, 0x40, 0x00, 0x90, 0x51, 0x3c, 0x78, 0x80, 0x51, 0x40, 0x00,
  0x90, 0x54, 0x45, 0x78, 0x80, 0x4e, 0x40, 0x00, 0x90, 0x4e, 0x3c, 0x78, 0x80, 0x4e, 0x40, 0x00, 0x80, 0x54, 0x40,
  0x00, 0x90, 0x51, 0x41, 0x00, 0x90, 0x53, 0x37, 0x78, 0x90, 0x4f, 0x39, 0x78, 0x80, 0x4f, 0x40, 0x00, 0x90, 0x4e,
  0x3c, 0x78, 0x80, 0x4e, 0x40, 0x00, 0x80, 0x51, 0x40, 0x00, 0x90, 0x4f, 0x37, 0x78, 0x80, 0x4f, 0x40, 0x00, 0x90,
  0x4d, 0x38, 0x78, 0x90, 0x50, 0x39, 0x78, 0x80, 0x50, 0x40, 0x00, 0x80, 0x4d, 0x40, 0x00, 0x80, 0x53, 0x40, 0x00,
  0x90, 0x4c, 0x36, 0x00, 0x90, 0x52, 0x40, 0x78, 0x80, 0x52, 0x40, 0x00, 0x90, 0x51, 0x3c, 0x78, 0x80, 0x51, 0x40,
  0x00, 0x90, 0x50, 0x3c, 0x78, 0x80, 0x50, 0x40, 0x00, 0x90, 0x51, 0x3c, 0x78, 0x80, 0x51, 0x40, 0x00, 0x90, 0x53,
  0x45, 0x78, 0x80, 0x4c, 0x40, 0x00, 0x90, 0x4c, 0x3c, 0x78, 0x80, 0x4c, 0x40, 0x00, 0x80, 0x53, 0x40, 0x00, 0x90,
  0x4f, 0x41, 0x00, 0x90, 0x51, 0x37, 0x78, 0x80, 0x4f, 0x40, 0x00, 0x90, 0x4e, 0x39, 0x78, 0x80, 0x4e, 0x40, 0x00,
  0x90, 0x4d, 0x3c, 0x78, 0x80, 0x4d, 0x40, 0x00, 0x90, 0x4e, 0x37, 0x78, 0x80, 0x4e, 0x40, 0x00, 0x90, 0x4b, 0x32,
  0x78, 0x80, 0x51, 0x40, 0x00, 0x90, 0x4e, 0x35, 0x78, 0x80, 0x4e, 0x40, 0x00, 0x80, 0x4b, 0x40, 0x00, 0x90, 0x4c,
  0x33, 0x00, 0x90, 0x51, 0x3d, 0x78, 0x80, 0x51, 0x40, 0x00, 0x90, 0x4f, 0x37, 0x78, 0x80, 0x4f, 0x40, 0x00, 0x80,
  0x4c, 0x40, 0x00, 0x90, 0x49, 0x33, 0x00, 0x90, 0x4e, 0x3d, 0x78, 0x80, 0x4e, 0x40, 0x00, 0x90, 0x4f, 0x37, 0x77,
  0x80, 0x4f, 0x40, 0x01, 0x80, 0x49, 0x40, 0x00, 0x90, 0x4f, 0x3f, 0x00, 0x90, 0x49, 0x35, 0x78, 0x80, 0x4f, 0x40,
  0x00, 0x90, 0x4c, 0x39, 0x78, 0x80, 0x4c, 0x40, 0x00, 0x80, 0x49, 0x40, 0x00, 0x90, 0x4a, 0x38, 0x00, 0x90, 0x4f,
  0x43, 0x78, 0x80, 0x4f, 0x40, 0x00, 0x90, 0x4e, 0x3a, 0x78, 0x80, 0x4e, 0x40, 0x00, 0x80, 0x4a, 0x40, 0x00, 0x90,
  0x4c, 0x44, 0x00, 0x90, 0x47, 0x39, 0x78, 0x80, 0x4c, 0x40, 0x00, 0x90, 0x4d, 0x3d, 0x77, 0x80, 0x4d, 0x40, 0x01,
  0x90, 0x4d, 0x47, 0x78, 0x80, 0x47, 0x40, 0x00, 0x90, 0x41, 0x3d, 0x78, 0x80, 0x41, 0x40, 0x00, 0x80, 0x4d, 0x40,
  0x00, 0x90, 0x40, 0x39, 0x00, 0x90, 0x46, 0x44, 0x00, 0x90, 0x4c, 0x44, 0x78, 0x80, 0x46, 0x40, 0x00, 0x90, 0x45,
  0x3b, 0x78, 0x80, 0x45, 0x40, 0x00, 0x80, 0x4c, 0x40, 0x00, 0x80, 0x40, 0x40, 0x00, 0x90, 0x42, 0x3a, 0x00, 0x90,
  0x44, 0x45, 0x00, 0x90, 0x4a, 0x45, 0x78, 0x80, 0x44, 0x40, 0x00, 0x90, 0x45, 0x3c, 0x78, 0x80, 0x45, 0x40, 0x00,
  0x80, 0x4a, 0x40, 0x00, 0x80, 0x42, 0x40, 0x00, 0x90, 0x4f, 0x4a, 0x00, 0x90, 0x49, 0x43, 0x78, 0x80, 0x49, 0x40,
  0x00, 0x90, 0x4c, 0x3e, 0x78, 0x80, 0x4c, 0x40, 0x00, 0x80, 0x4f, 0x40, 0x00, 0x90, 0x4e, 0x47, 0x00, 0x90, 0x4a,
  0x3c, 0x81, 0x70, 0x80, 0x4a, 0x40, 0x00, 0x80, 0x4e, 0x40, 0x00, 0x90, 0x4d, 0x3a, 0x00, 0x90, 0x53, 0x45, 0x00,
  0x90, 0x47, 0x3a, 0x81, 0x70, 0x80, 0x47, 0x40, 0x00, 0x80, 0x4d, 0x40, 0x00, 0x90, 0x47, 0x3d, 0x00, 0x90, 0x50,
  0x48, 0x00, 0x90, 0x4a, 0x3d, 0x81, 0x70, 0x80, 0x4a, 0x40, 0x00, 0x80, 0x53, 0x40, 0x00, 0x80, 0x47, 0x40, 0x00,
  0x80, 0x50, 0x40, 0x00, 0x90, 0x4a, 0x3e, 0x00, 0x90, 0x45, 0x3e, 0x00, 0x90, 0x51, 0x4a, 0x81, 0x70, 0x80, 0x51,
  0x40, 0x00, 0x80, 0x45, 0x40, 0x00, 0x80, 0x4a, 0x40, 0x00, 0x90, 0x4a, 0x50, 0x00, 0x90, 0x56, 0x5b, 0x81, 0x70,
  0x80, 0x4a, 0x40, 0x00, 0x90, 0x4a, 0x52, 0x00, 0x90, 0x4f, 0x52, 0x81, 0x70, 0x80, 0x4f, 0x40, 0x00, 0x80, 0x4a,
  0x40, 0x00, 0x80, 0x56, 0x40, 0x00, 0x90, 0x4c, 0x49, 0x00, 0x90, 0x49, 0x49, 0x00, 0x90, 0x55, 0x57, 0x00, 0x90,
  0x4f, 0x49, 0x81, 0x70, 0x80, 0x4f, 0x40, 0x00, 0x80, 0x4c, 0x40, 0x00, 0x80, 0x49, 0x40, 0x00, 0x80, 0x55, 0x40,
  0x00, 0x90, 0x55, 0x4e, 0x00, 0x90, 0x4f, 0x4e, 0x00, 0x90, 0x5b, 0x5f, 0x00, 0x90, 0x58, 0x50, 0x84, 0x58, 0x80,
  0x58, 0x40, 0x00, 0x80, 0x55, 0x40, 0x00, 0x80, 0x4f, 0x40, 0x00, 0x80, 0x5b, 0x40, 0x00, 0x90, 0x43, 0x32, 0x78,
  0x80, 0x43, 0x40, 0x00, 0x90, 0x40, 0x36, 0x78, 0x80, 0x40, 0x40, 0x00, 0x90, 0x46, 0x2d, 0x78, 0x80, 0x46, 0x40,
  0x00, 0x90, 0x44, 0x34, 0x78, 0x80, 0x44, 0x40, 0x00, 0x90, 0x45, 0x2d, 0x78, 0x80, 0x45, 0x40, 0x00, 0x90, 0x40,
  0x32, 0x78, 0x80, 0x40, 0x40, 0x00, 0x90, 0x47, 0x2d, 0x78, 0x80, 0x47, 0x40, 0x00, 0x90, 0x45, 0x31, 0x78, 0x80,
  0x45, 0x40, 0x00, 0x90, 0x43, 0x2d, 0x78, 0x80, 0x43, 0x40, 0x00, 0x90, 0x42, 0x31, 0x81, 0x70, 0x80, 0x42, 0x40,
  0x81, 0x70, 0x90, 0x26, 0x3a, 0x85, 0x50, 0x80, 0x26, 0x40, 0x00, 0x90, 0x26, 0x34, 0x78, 0x80, 0x26, 0x40, 0x00,
  0x90, 0x21, 0x2e, 0x78, 0x80, 0x21, 0x40, 0x00, 0x90, 0x21, 0x34, 0x85, 0x4e, 0x80, 0x21, 0x40, 0x02, 0x90, 0x21,
  0x34, 0x83, 0x5e, 0x80, 0x21, 0x40, 0x02, 0x90, 0x21, 0x34, 0x81, 0x70, 0x80, 0x21, 0x40, 0x00, 0x90, 0x1e, 0x34,
  0x81, 0x70, 0x80, 0x1e, 0x40, 0x81, 0x70, 0x90, 0x56, 0x3d, 0x00, 0x90, 0x4a, 0x35, 0x85, 0x50, 0x80, 0x4a, 0x40,
  0x00, 0x80, 0x56, 0x40, 0x00, 0x90, 0x56, 0x37, 0x00, 0x90, 0x4a, 0x30, 0x78, 0x80, 0x4a, 0x40, 0x00, 0x80, 0x56,
  0x40, 0x00, 0x90, 0x51, 0x30, 0x00, 0x90, 0x45, 0x2a, 0x77, 0x80, 0x45, 0x40, 0x00, 0x80, 0x51, 0x40, 0x01, 0x90,
  0x51, 0x37, 0x00, 0x90, 0x45, 0x30, 0x85, 0x4e, 0x80, 0x45, 0x40, 0x00, 0x80, 0x51, 0x40, 0x02, 0x90, 0x51, 0x37,
  0x00, 0x90, 0x45, 0x30, 0x83, 0x5e, 0x80, 0x45, 0x40, 0x00, 0x80, 0x51, 0x40, 0x02, 0x90, 0x51, 0x37, 0x00, 0x90,
  0x45, 0x30, 0x81, 0x70, 0x80, 0x45, 0x40, 0x00, 0x80, 0x51, 0x40, 0x00, 0x90, 0x4e, 0x35, 0x00, 0x90, 0x42, 0x2d,
  0x81, 0x70, 0x80, 0x42, 0x40, 0x00, 0x80, 0x4e, 0x40, 0x81, 0x70, 0x90, 0x26, 0x3a, 0x83, 0x5e, 0x80, 0x26, 0x40,
  0x02, 0x90, 0x26, 0x38, 0x81, 0x6e, 0x80, 0x26, 0x40, 0x02, 0x90, 0x26, 0x38, 0x50, 0x80, 0x26, 0x40, 0x00, 0x90,
  0x25, 0x32, 0x50, 0x80, 0x25, 0x40, 0x00, 0x90, 0x26, 0x32, 0x3c, 0x80, 0x26, 0x40, 0x14, 0x90, 0x21, 0x34, 0x83,
  0x5e, 0x80, 0x21, 0x40, 0x02, 0x90, 0x21, 0x34, 0x83, 0x5e, 0x80, 0x21, 0x40, 0x02, 0x90, 0x21, 0x34, 0x83, 0x60,
  0x80, 0x21, 0x40, 0x00, 0x90, 0x1e, 0x34, 0x81, 0x70, 0x80, 0x1e, 0x40, 0x81, 0x70, 0x90, 0x56, 0x46, 0x00, 0x90,
  0x4a, 0x3d, 0x83, 0x5e, 0x80, 0x4a, 0x40, 0x00, 0x80, 0x56, 0x40, 0x02, 0x90, 0x4a, 0x3d, 0x00, 0x90, 0x56, 0x46,
  0x81, 0x6e, 0x80, 0x56, 0x40, 0x00, 0x80, 0x4a, 0x40, 0x02, 0x90, 0x56, 0x44, 0x00, 0x90, 0x4a, 0x3b, 0x50, 0x90,
  0x49, 0x35, 0x00, 0x90, 0x55, 0x3c, 0x01, 0x80, 0x4a, 0x40, 0x00, 0x80, 0x56, 0x40, 0x4f, 0x80, 0x49, 0x40, 0x00,
  0x80, 0x55, 0x40, 0x00, 0x90, 0x4a, 0x35, 0x00, 0x90, 0x56, 0x3c, 0x3c, 0x80, 0x56, 0x40, 0x14, 0x80, 0x4a, 0x40,
  0x00, 0x90, 0x51, 0x43, 0x00, 0x90, 0x45, 0x3b, 0x83, 0x5e, 0x80, 0x51, 0x40, 0x01, 0x80, 0x45, 0x40, 0x01, 0x90,
  0x45, 0x3e, 0x00, 0x90, 0x51, 0x46, 0x83, 0x5e, 0x80, 0x51, 0x40, 0x00, 0x80, 0x45, 0x40, 0x02, 0x90, 0x45, 0x3d,
  0x00, 0x90, 0x51, 0x46, 0x83, 0x10, 0x80, 0x51, 0x40, 0x00, 0x80, 0x45, 0x40, 0x00, 0x90, 0x43, 0x2d, 0x00, 0x90,
  0x4f, 0x32, 0x50, 0x80, 0x4f, 0x40, 0x00, 0x80, 0x43, 0x40, 0x00, 0x90, 0x42, 0x32, 0x00, 0x90, 0x4e, 0x32, 0x81,
  0x70, 0x80, 0x4e, 0x40, 0x00, 0x80, 0x42, 0x40, 0x00, 0x90, 0x42, 0x28, 0x00, 0x90, 0x4e, 0x32, 0x50, 0x80, 0x42,
  0x40, 0x00, 0x90, 0x4c, 0x28, 0x50, 0x80, 0x4c, 0x40, 0x00, 0x90, 0x4a, 0x28, 0x50, 0x80, 0x4a, 0x40, 0x00, 0x90,
  0x49, 0x32, 0x50, 0x80, 0x49, 0x40, 0x00, 0x90, 0x47, 0x29, 0x50, 0x80, 0x47, 0x40, 0x00, 0x90, 0x45, 0x2b, 0x50,
  0x80, 0x45, 0x40, 0x00, 0x80, 0x4e, 0x40, 0x00, 0x90, 0x43, 0x32, 0x00, 0x90, 0x4f, 0x32, 0x50, 0x80, 0x43, 0x40,
  0x00, 0x90, 0x46, 0x2a, 0x50, 0x80, 0x46, 0x40, 0x00, 0x90, 0x45, 0x2a, 0x50, 0x80, 0x45, 0x40, 0x00, 0x90, 0x43,
  0x32, 0x50, 0x80, 0x43, 0x40, 0x00, 0x90, 0x45, 0x28, 0x50, 0x80, 0x45, 0x40, 0x00, 0x90, 0x47, 0x28, 0x50, 0x80,
  0x47, 0x40, 0x00, 0x90, 0x49, 0x32, 0x50, 0x80, 0x49, 0x40, 0x00, 0x90, 0x4a, 0x29, 0x50, 0x80, 0x4a, 0x40, 0x00,
  0x90, 0x4c, 0x29, 0x50, 0x80, 0x4c, 0x40, 0x00, 0x80, 0x4f, 0x40, 0x00, 0x90, 0x45, 0x32, 0x00, 0x90, 0x51, 0x32,
  0x81, 0x70, 0x80, 0x51, 0x40, 0x00, 0x80, 0x45, 0x40, 0x00, 0x90, 0x45, 0x2a, 0x00, 0x90, 0x51, 0x34, 0x50, 0x80,
  0x45, 0x40, 0x00, 0x90, 0x4f, 0x2a, 0x50, 0x80, 0x4f, 0x40, 0x00, 0x90, 0x4e, 0x2b, 0x50, 0x80, 0x4e, 0x40, 0x00,
  0x90, 0x4c, 0x37, 0x50, 0x80, 0x4c, 0x40, 0x00, 0x90, 0x4a, 0x2d, 0x50, 0x80, 0x4a, 0x40, 0x00, 0x90, 0x48, 0x30,
  0x50, 0x80, 0x48, 0x40, 0x00, 0x80, 0x51, 0x40, 0x00, 0x90, 0x47, 0x39, 0x00, 0x90, 0x53, 0x39, 0x50, 0x80, 0x47,
  0x40, 0x00, 0x90, 0x4a, 0x30, 0x50, 0x80, 0x4a, 0x40, 0x00, 0x90, 0x48, 0x31, 0x50, 0x80, 0x48, 0x40, 0x00, 0x90,
  0x47, 0x3c, 0x50, 0x80, 0x47, 0x40, 0x00, 0x90, 0x48, 0x30, 0x50, 0x80, 0x48, 0x40, 0x00, 0x90, 0x4a, 0x31, 0x50,
  0x80, 0x4a, 0x40, 0x00, 0x90, 0x4c, 0x3e, 0x50, 0x80, 0x4c, 0x40, 0x00, 0x90, 0x4e, 0x33, 0x50, 0x80, 0x4e, 0x40,
  0x00, 0x90, 0x4f, 0x34, 0x50, 0x80, 0x53, 0x40, 0x00, 0x90, 0x55, 0x41, 0x50, 0x80, 0x4f, 0x40, 0x00, 0x90, 0x4f,
  0x35, 0x50, 0x80, 0x4f, 0x40, 0x00, 0x90, 0x4e, 0x36, 0x50, 0x80, 0x4e, 0x40, 0x00, 0x80, 0x55, 0x40, 0x00, 0x90,
  0x4c, 0x36, 0x50, 0x80, 0x4c, 0x40, 0x00, 0x90, 0x4a, 0x36, 0x50, 0x80, 0x4a, 0x40, 0x00, 0x90, 0x49, 0x37, 0x50,
  0x80, 0x49, 0x40, 0x00, 0x90, 0x56, 0x46, 0x00, 0x90, 0x4a, 0x46, 0x50, 0x80, 0x4a, 0x40, 0x00, 0x90, 0x4c, 0x39,
  0x50, 0x80, 0x4c, 0x40, 0x00, 0x90, 0x4e, 0x3d, 0x50, 0x80, 0x4e, 0x40, 0x00, 0x80, 0x56, 0x40, 0x00, 0x90, 0x4c,
  0x48, 0x00, 0x90, 0x58, 0x4d, 0x50, 0x80, 0x4c, 0x40, 0x00, 0x90, 0x52, 0x3d, 0x50, 0x80, 0x52, 0x40, 0x00, 0x90,
  0x51, 0x3e, 0x50, 0x80, 0x51, 0x40, 0x00, 0x90, 0x4f, 0x4b, 0x50, 0x80, 0x4f, 0x40, 0x00, 0x90, 0x4e, 0x3c, 0x50,
  0x80, 0x4e, 0x40, 0x00, 0x90, 0x4c, 0x3d, 0x50, 0x80, 0x4c, 0x40, 0x00, 0x80, 0x58, 0x40, 0x00, 0x90, 0x4e, 0x4d,
  0x00, 0x90, 0x5a, 0x53, 0x50, 0x80, 0x4e, 0x40, 0x00, 0x90, 0x4f, 0x3f, 0x50, 0x80, 0x4f, 0x40, 0x00, 0x90, 0x51,
  0x40, 0x50, 0x80, 0x51, 0x40, 0x00, 0x80, 0x5a, 0x40, 0x00, 0x90, 0x5b, 0x58, 0x00, 0x90, 0x4f, 0x48, 0x50, 0x80,
  0x4f, 0x40, 0x00, 0x90, 0x4e, 0x3d, 0x50, 0x80, 0x4e, 0x40, 0x00, 0x90, 0x4c, 0x3e, 0x50, 0x80, 0x4c, 0x40, 0x00,
  0x80, 0x5b, 0x40, 0x00, 0x90, 0x51, 0x4a, 0x00, 0x90, 0x4b, 0x3f, 0x50, 0x80, 0x4b, 0x40, 0x00, 0x90, 0x4a, 0x33,
  0x50, 0x80, 0x4a, 0x40, 0x00, 0x90, 0x4b, 0x33, 0x50, 0x80, 0x4b, 0x40, 0x00, 0x80, 0x51, 0x40, 0x00, 0x90, 0x53,
  0x46, 0x00, 0x90, 0x4a, 0x41, 0x50, 0x80, 0x4a, 0x40, 0x00, 0x90, 0x48, 0x35, 0x50, 0x80, 0x48, 0x40, 0x00, 0x90,
  0x47, 0x36, 0x50, 0x80, 0x47, 0x40, 0x00, 0x80, 0x53, 0x40, 0x00, 0x90, 0x4a, 0x35, 0x00, 0x90, 0x4d, 0x46, 0x50,
  0x80, 0x4a, 0x40, 0x00, 0x90, 0x49, 0x30, 0x50, 0x80, 0x49, 0x40, 0x00, 0x90, 0x47, 0x2f, 0x50, 0x80, 0x47, 0x40,
  0x00, 0x90, 0x44, 0x34, 0x50, 0x80, 0x44, 0x40, 0x00, 0x90, 0x45, 0x2e, 0x50, 0x80, 0x45, 0x40, 0x00, 0x90, 0x47,
  0x2d, 0x50, 0x80, 0x47, 0x40, 0x00, 0x80, 0x4d, 0x40, 0x00, 0x90, 0x49, 0x2f, 0x00, 0x90, 0x4c, 0x3a, 0x50, 0x80,
  0x49, 0x40, 0x00, 0x90, 0x46, 0x2c, 0x50, 0x80, 0x46, 0x40, 0x00, 0x90, 0x45, 0x2b, 0x50, 0x80, 0x45, 0x40, 0x00,
  0x80, 0x4c, 0x40, 0x00, 0x90, 0x4b, 0x33, 0x00, 0x90, 0x51, 0x3d, 0x85, 0x50, 0x80, 0x51, 0x40, 0x00, 0x80, 0x4b,
  0x40, 0x00, 0x90, 0x53, 0x34, 0x00, 0x90, 0x4e, 0x2c, 0x00, 0x90, 0x47, 0x2c, 0x83, 0x5e, 0x80, 0x47, 0x40, 0x00,
  0x80, 0x4e, 0x40, 0x00, 0x80, 0x53, 0x40, 0x02, 0x90, 0x4e, 0x33, 0x00, 0x90, 0x4b, 0x2b, 0x00, 0x90, 0x47, 0x2b,
  0x81, 0x70, 0x80, 0x47, 0x40, 0x00, 0x80, 0x4b, 0x40, 0x00, 0x80, 0x4e, 0x40, 0x00, 0x90, 0x51, 0x3d, 0x78, 0x80,
  0x51, 0x40, 0x00, 0x90, 0x4e, 0x39, 0x78, 0x80, 0x4e, 0x40, 0x00, 0x90, 0x5b, 0x42, 0x00, 0x90, 0x4f, 0x42, 0x78,
  0x80, 0x4f, 0x40, 0x00, 0x80, 0x5b, 0x40, 0x00, 0x90, 0x47, 0x3e, 0x00, 0x90, 0x53, 0x3e, 0x78, 0x80, 0x53, 0x40,
  0x00, 0x80, 0x47, 0x40, 0x00, 0x90, 0x5a, 0x45, 0x00, 0x90, 0x4e, 0x45, 0x78, 0x80, 0x4e, 0x40, 0x00, 0x80, 0x5a,
  0x40, 0x00, 0x90, 0x58, 0x3e, 0x00, 0x90, 0x4c, 0x3e, 0x78, 0x80, 0x4c, 0x40, 0x00, 0x80, 0x58, 0x40, 0x00, 0x90,
  0x56, 0x34, 0x00, 0x90, 0x4a, 0x3e, 0x78, 0x80, 0x4a, 0x40, 0x00, 0x90, 0x4d, 0x41, 0x78, 0x80, 0x4d, 0x40, 0x00,
  0x90, 0x4f, 0x45, 0x78, 0x80, 0x4f, 0x40, 0x00, 0x90, 0x4e, 0x40, 0x78, 0x80, 0x4e, 0x40, 0x00, 0x80, 0x56, 0x40,
  0x00, 0x90, 0x49, 0x36, 0x00, 0x90, 0x51, 0x36, 0x00, 0x90, 0x55, 0x40, 0x00, 0x90, 0x4c, 0x36, 0x78, 0x80, 0x4c,
  0x40, 0x00, 0x80, 0x49, 0x40, 0x00, 0x80, 0x51, 0x40, 0x00, 0x80, 0x55, 0x40, 0x00, 0x90, 0x48, 0x3a, 0x00, 0x90,
  0x51, 0x3a, 0x00, 0x90, 0x54, 0x45, 0x00, 0x90, 0x4b, 0x3a, 0x78, 0x80, 0x4b, 0x40, 0x00, 0x80, 0x48, 0x40, 0x00,
  0x80, 0x51, 0x40, 0x00, 0x80, 0x54, 0x40, 0x00, 0x90, 0x54, 0x48, 0x00, 0x90, 0x51, 0x3d, 0x3c, 0x80, 0x51, 0x40,
  0x00, 0x90, 0x4e, 0x47, 0x3c, 0x80, 0x4e, 0x40, 0x00, 0x90, 0x4b, 0x45, 0x3c, 0x80, 0x4b, 0x40, 0x00, 0x90, 0x48,
  0x44, 0x3c, 0x80, 0x48, 0x40, 0x00, 0x80, 0x54, 0x40, 0x00, 0x90, 0x48, 0x42, 0x00, 0x90, 0x45, 0x38, 0x3c, 0x80,
  0x45, 0x40, 0x00, 0x90, 0x42, 0x3d, 0x3c, 0x80, 0x42, 0x40, 0x00, 0x90, 0x3f, 0x3b, 0x3c, 0x80, 0x3f, 0x40, 0x00,
  0x90, 0x3c, 0x3a, 0x3c, 0x80, 0x3c, 0x40, 0x00, 0x90, 0x45, 0x3c, 0x3c, 0x80, 0x45, 0x40, 0x00, 0x90, 0x3f, 0x30,
  0x3c, 0x80, 0x3f, 0x40, 0x00, 0x80, 0x48, 0x40, 0x00, 0x90, 0x47, 0x30, 0x00, 0x90, 0x3b, 0x28, 0x00, 0x90, 0x3e,
  0x30, 0x3c, 0x80, 0x3e, 0x40, 0x00, 0x80, 0x3b, 0x40, 0x00, 0x90, 0x43, 0x30, 0x3c, 0x80, 0x43, 0x40, 0x00, 0x80,
  0x47, 0x40, 0x00, 0x90, 0x3a, 0x23, 0x00, 0x90, 0x46, 0x29, 0x00, 0x90, 0x43, 0x23, 0x00, 0x90, 0x3e, 0x23, 0x83,
  0x60, 0x80, 0x3e, 0x40, 0x00, 0x80, 0x3a, 0x40, 0x00, 0x80, 0x46, 0x40, 0x00, 0x80, 0x43, 0x40, 0x81, 0x70, 0x90,
  0x45, 0x3d, 0x00, 0x90, 0x42, 0x33, 0x50, 0x80, 0x42, 0x40, 0x00, 0x90, 0x3e, 0x37, 0x50, 0x80, 0x3e, 0x40, 0x00,
  0x90, 0x39, 0x37, 0x50, 0x80, 0x39, 0x40, 0x00, 0x80, 0x45, 0x40, 0x00, 0x90, 0x45, 0x3d, 0x00, 0x90, 0x42, 0x33,
  0x3c, 0x80, 0x42, 0x40, 0x00, 0x90, 0x3e, 0x36, 0x3c, 0x80, 0x3e, 0x40, 0x00, 0x90, 0x39, 0x37, 0x3c, 0x80, 0x39,
  0x40, 0x00, 0x90, 0x42, 0x37, 0x3c, 0x80, 0x42, 0x40, 0x00, 0x90, 0x42, 0x3f, 0x3c, 0x80, 0x42, 0x40, 0x00, 0x90,
  0x3e, 0x36, 0x3c, 0x80, 0x3e, 0x40, 0x00, 0x80, 0x45, 0x40, 0x00, 0x90, 0x44, 0x3b, 0x00, 0x90, 0x41, 0x32, 0x3c,
  0x80, 0x41, 0x40, 0x00, 0x90, 0x3e, 0x32, 0x3c, 0x80, 0x3e, 0x40, 0x00, 0x80, 0x44, 0x40, 0x00, 0x90, 0x40, 0x30,
  0x00, 0x90, 0x3a, 0x30, 0x00, 0x90, 0x37, 0x30, 0x00, 0x90, 0x43, 0x39, 0x81, 0x6e, 0x80, 0x43, 0x40, 0x00, 0x80,
  0x40, 0x40, 0x00, 0x80, 0x3a, 0x40, 0x00, 0x80, 0x37, 0x40, 0x89, 0x32, 0x90, 0x3f, 0x26, 0x00, 0x90, 0x42, 0x2d,
  0x83, 0x5b, 0x80, 0x42, 0x40, 0x00, 0x80, 0x3f, 0x40, 0x05, 0x90, 0x3f, 0x24, 0x00, 0x90, 0x42, 0x24, 0x00, 0x90,
  0x47, 0x2a, 0x81, 0x6e, 0x80, 0x47, 0x40, 0x00, 0x80, 0x42, 0x40, 0x00, 0x80, 0x3f, 0x40, 0x02, 0x90, 0x3b, 0x26,
  0x00, 0x90, 0x3f, 0x26, 0x00, 0x90, 0x47, 0x2d, 0x00, 0x90, 0x42, 0x26, 0x83, 0x5b, 0x80, 0x42, 0x40, 0x00, 0x80,
  0x3b, 0x40, 0x00, 0x80, 0x3f, 0x40, 0x00, 0x80, 0x47, 0x40, 0x05, 0x90, 0x3f, 0x24, 0x00, 0x90, 0x3b, 0x24, 0x00,
  0x90, 0x47, 0x2c, 0x00, 0x90, 0x42, 0x24, 0x81, 0x6e, 0x80, 0x42, 0x40, 0x00, 0x80, 0x3f, 0x40, 0x00, 0x80, 0x3b,
  0x40, 0x00, 0x80, 0x47, 0x40, 0x02, 0x90, 0x40, 0x26, 0x00, 0x90, 0x3b, 0x26, 0x00, 0x90, 0x47, 0x2d, 0x81, 0x6e,
  0x80, 0x47, 0x40, 0x00, 0x80, 0x3b, 0x40, 0x00, 0x80, 0x40, 0x40, 0x02, 0x90, 0x39, 0x23, 0x00, 0x90, 0x40, 0x23,
  0x00, 0x90, 0x3d, 0x23, 0x00, 0x90, 0x45, 0x29, 0x83, 0x5b, 0x80, 0x45, 0x40, 0x00, 0x80, 0x39, 0x40, 0x00, 0x80,
  0x40, 0x40, 0x00, 0x80, 0x3d, 0x40, 0x05, 0x90, 0x39, 0x23, 0x00, 0x90, 0x42, 0x23, 0x00, 0x90, 0x3e, 0x23, 0x00,
  0x90, 0x45, 0x29, 0x83, 0x60, 0x80, 0x45, 0x40, 0x00, 0x80, 0x39, 0x40, 0x00, 0x80, 0x42, 0x40, 0x00, 0x80, 0x3e,
  0x40, 0x00, 0x90, 0x42, 0x21, 0x81, 0x70, 0x80, 0x42, 0x40, 0x00, 0x90, 0x39, 0x2a, 0x83, 0x60, 0x80, 0x39, 0x40,
  0x00, 0x90, 0x45, 0x24, 0x81, 0x70, 0x80, 0x45, 0x40, 0x00, 0x90, 0x42, 0x28, 0x83, 0x60, 0x80, 0x42, 0x40, 0x00,
  0x90, 0x5a, 0x3b, 0x00, 0x90, 0x4e, 0x31, 0x00, 0x90, 0x51, 0x31, 0x81, 0x70, 0x80, 0x51, 0x40, 0x00, 0x80, 0x4e,
  0x40, 0x00, 0x80, 0x5a, 0x40, 0x00, 0x90, 0x4f, 0x35, 0x00, 0x90, 0x4c, 0x35, 0x00, 0x90, 0x58, 0x3f, 0x83, 0x60,
  0x80, 0x58, 0x40, 0x00, 0x80, 0x4c, 0x40, 0x00, 0x80, 0x4f, 0x40, 0x00, 0x90, 0x51, 0x33, 0x00, 0x90, 0x4c, 0x2b,
  0x00, 0x90, 0x45, 0x2b, 0x00, 0x90, 0x4f, 0x2b, 0x81, 0x6e, 0x80, 0x4f, 0x40, 0x00, 0x80, 0x51, 0x40, 0x00, 0x80,
  0x4c, 0x40, 0x00, 0x80, 0x45, 0x40, 0x02, 0x90, 0x45, 0x2d, 0x00, 0x90, 0x51, 0x36, 0x00, 0x90, 0x4e, 0x2d, 0x83,
  0x60, 0x80, 0x4e, 0x40, 0x00, 0x80, 0x51, 0x40, 0x00, 0x80, 0x45, 0x40, 0x00, 0x90, 0x4e, 0x2b, 0x81, 0x70, 0x80,
  0x4e, 0x40, 0x00, 0x90, 0x45, 0x32, 0x83, 0x60, 0x80, 0x45, 0x40, 0x00, 0x90, 0x45, 0x27, 0x00, 0x90, 0x51, 0x2f,
  0x81, 0x70, 0x80, 0x51, 0x40, 0x00, 0x80, 0x45, 0x40, 0x00, 0x90, 0x4e, 0x36, 0x00, 0x90, 0x42, 0x2d, 0x83, 0x60,
  0x80, 0x42, 0x40, 0x00, 0x80, 0x4e, 0x40, 0x00, 0x90, 0x45, 0x28, 0x00, 0x90, 0x51, 0x30, 0x81, 0x70, 0x80, 0x51,
  0x40, 0x00, 0x80, 0x45, 0x40, 0x00, 0x90, 0x4f, 0x38, 0x00, 0x90, 0x53, 0x38, 0x00, 0x90, 0x47, 0x2f, 0x83, 0x60,
  0x80, 0x47, 0x40, 0x00, 0x80, 0x53, 0x40, 0x00, 0x80, 0x4f, 0x40, 0x00, 0x90, 0x55, 0x36, 0x00, 0x90, 0x4c, 0x2d,
  0x00, 0x90, 0x4f, 0x2d, 0x00, 0x90, 0x49, 0x2d, 0x81, 0x70, 0x80, 0x49, 0x40, 0x00, 0x80, 0x55, 0x40, 0x00, 0x80,
  0x4c, 0x40, 0x00, 0x80, 0x4f, 0x40, 0x00, 0x90, 0x4e, 0x32, 0x00, 0x90, 0x4a, 0x32, 0x00, 0x90, 0x56, 0x3c, 0x85,
  0x50, 0x80, 0x56, 0x40, 0x00, 0x80, 0x4a, 0x40, 0x00, 0x80, 0x4e, 0x40, 0x00, 0x90, 0x58, 0x44, 0x00, 0x90, 0x55,
  0x38, 0x00, 0x90, 0x4c, 0x38, 0x85, 0x49, 0x80, 0x4c, 0x40, 0x00, 0x80, 0x55, 0x40, 0x00, 0x80, 0x58, 0x40, 0x07,
  0x90, 0x4c, 0x3e, 0x00, 0x90, 0x58, 0x49, 0x00, 0x90, 0x55, 0x3e, 0x83, 0x60, 0x80, 0x55, 0x40, 0x00, 0x80, 0x58,
  0x40, 0x00, 0x80, 0x4c, 0x40, 0x00, 0x90, 0x57, 0x46, 0x00, 0x90, 0x5a, 0x46, 0x00, 0x90, 0x4e, 0x3b, 0x81, 0x70,
  0x80, 0x4e, 0x40, 0x00, 0x80, 0x5a, 0x40, 0x00, 0x80, 0x57, 0x40, 0x00, 0x90, 0x5b, 0x4b, 0x00, 0x90, 0x4f, 0x3f,
  0x00, 0x90, 0x58, 0x4b, 0x81, 0x6e, 0x80, 0x58, 0x40, 0x00, 0x80, 0x4f, 0x40, 0x00, 0x80, 0x5b, 0x40, 0x02, 0x90,
  0x58, 0x50, 0x00, 0x90, 0x5d, 0x50, 0x00, 0x90, 0x51, 0x44, 0x81, 0x6e, 0x80, 0x51, 0x40, 0x00, 0x80, 0x5d, 0x40,
  0x00, 0x80, 0x58, 0x40, 0x02, 0x90, 0x58, 0x48, 0x00, 0x90, 0x5d, 0x55, 0x00, 0x90, 0x5b, 0x55, 0x00, 0x90, 0x51,
  0x48, 0x81, 0x6e, 0x80, 0x51, 0x40, 0x00, 0x80, 0x58, 0x40, 0x00, 0x80, 0x5d, 0x40, 0x00, 0x80, 0x5b, 0x40, 0x02,
  0x90, 0x5d, 0x4a, 0x00, 0x90, 0x51, 0x3e, 0x81, 0x70, 0x80, 0x51, 0x40, 0x00, 0x80, 0x5d, 0x40, 0x00, 0x90, 0x45,
  0x2e, 0x00, 0x90, 0x51, 0x37, 0x81, 0x70, 0x80, 0x51, 0x40, 0x00, 0x80, 0x45, 0x40, 0x00, 0x90, 0x42, 0x2e, 0x00,
  0x90, 0x4e, 0x37, 0x81, 0x6e, 0x80, 0x4e, 0x40, 0x00, 0x80, 0x42, 0x40, 0x02, 0x90, 0x42, 0x33, 0x00, 0x90, 0x4e,
  0x3c, 0x81, 0x70, 0x80, 0x4e, 0x40, 0x00, 0x80, 0x42, 0x40, 0x00, 0x90, 0x3e, 0x2e, 0x00, 0x90, 0x4a, 0x37, 0x81,
  0x70, 0x80, 0x4a, 0x40, 0x00, 0x80, 0x3e, 0x40, 0x00, 0x90, 0x40, 0x2f, 0x00, 0x90, 0x4c, 0x38, 0x81, 0x70, 0x80,
  0x4c, 0x40, 0x00, 0x80, 0x40, 0x40, 0x00, 0x90, 0x42, 0x33, 0x00, 0x90, 0x4e, 0x3c, 0x85, 0x50, 0x80, 0x4e, 0x40,
  0x00, 0x80, 0x42, 0x40, 0x00, 0x90, 0x43, 0x33, 0x00, 0x90, 0x4f, 0x3c, 0x83, 0x60, 0x80, 0x4f, 0x40, 0x00, 0x80,
  0x43, 0x40, 0x00, 0x90, 0x47, 0x35, 0x00, 0x90, 0x53, 0x3f, 0x81, 0x6e, 0x80, 0x53, 0x40, 0x00, 0x80, 0x47, 0x40,
  0x02, 0x90, 0x47, 0x38, 0x00, 0x90, 0x4f, 0x38, 0x00, 0x90, 0x53, 0x43, 0x83, 0x60, 0x80, 0x53, 0x40, 0x00, 0x80,
  0x4f, 0x40, 0x00, 0x80, 0x47, 0x40, 0x00, 0x90, 0x4f, 0x37, 0x00, 0x90, 0x52, 0x41, 0x00, 0x90, 0x46, 0x37, 0x81,
  0x6e, 0x80, 0x46, 0x40, 0x00, 0x80, 0x52, 0x40, 0x00, 0x80, 0x4f, 0x40, 0x02, 0x90, 0x46, 0x37, 0x00, 0x90, 0x52,
  0x41, 0x81, 0x70, 0x80, 0x52, 0x40, 0x00, 0x80, 0x46, 0x40, 0x00, 0x90, 0x58, 0x40, 0x00, 0x90, 0x4c, 0x36, 0x81,
  0x70, 0x80, 0x4c, 0x40, 0x00, 0x80, 0x58, 0x40, 0x00, 0x90, 0x59, 0x42, 0x00, 0x90, 0x4d, 0x38, 0x78, 0x80, 0x4d,
  0x40, 0x00, 0x80, 0x59, 0x40, 0x00, 0x90, 0x4e, 0x39, 0x00, 0x90, 0x5a, 0x44, 0x77, 0x80, 0x5a, 0x40, 0x00, 0x80,
  0x4e, 0x40, 0x01, 0x90, 0x5a, 0x45, 0x00, 0x90, 0x4e, 0x3a, 0x85, 0x50, 0x80, 0x4e, 0x40, 0x00, 0x80, 0x5a, 0x40,
  0x00, 0x90, 0x4b, 0x44, 0x78, 0x80, 0x4b, 0x40, 0x00, 0x90, 0x4e, 0x46, 0x78, 0x80, 0x4e, 0x40, 0x00, 0x90, 0x50,
  0x45, 0x78, 0x80, 0x50, 0x40, 0x00, 0x90, 0x57, 0x49, 0x78, 0x80, 0x57, 0x40, 0x00, 0x90, 0x5a, 0x4a, 0x78, 0x80,
  0x5a, 0x40, 0x00, 0x90, 0x5c, 0x4c, 0x78, 0x80, 0x5c, 0x40, 0x00, 0x90, 0x41, 0x33, 0x00, 0x90, 0x4d, 0x3c, 0x85,
  0x50, 0x80, 0x4d, 0x40, 0x00, 0x80, 0x41, 0x40, 0x00, 0x90, 0x44, 0x33, 0x00, 0x90, 0x50, 0x3c, 0x81, 0x70, 0x80,
  0x44, 0x40, 0x00, 0x90, 0x4d, 0x39, 0x81, 0x70, 0x80, 0x4d, 0x40, 0x00, 0x80, 0x50, 0x40, 0x00, 0x90, 0x50, 0x3d,
  0x00, 0x90, 0x4e, 0x2d, 0x81, 0x70, 0x80, 0x4e, 0x40, 0x00, 0x80, 0x50, 0x40, 0x00, 0x90, 0x55, 0x45, 0x00, 0x90,
  0x50, 0x3a, 0x81, 0x70, 0x80, 0x50, 0x40, 0x00, 0x90, 0x49, 0x3c, 0x81, 0x70, 0x80, 0x49, 0x40, 0x00, 0x90, 0x49,
  0x3c, 0x81, 0x6e, 0x80, 0x49, 0x40, 0x02, 0x80, 0x55, 0x40, 0x00, 0x90, 0x51, 0x44, 0x00, 0x90, 0x49, 0x39, 0x81,
  0x70, 0x80, 0x49, 0x40, 0x00, 0x90, 0x45, 0x38, 0x81, 0x70, 0x80, 0x45, 0x40, 0x00, 0x80, 0x51, 0x40, 0x00, 0x90,
  0x49, 0x33, 0x00, 0x90, 0x4e, 0x3c, 0x00, 0x90, 0x42, 0x33, 0x81, 0x6e, 0x80, 0x4e, 0x40, 0x02, 0x80, 0x42, 0x40,
  0x00, 0x80, 0x49, 0x40, 0x00, 0x90, 0x5a, 0x49, 0x00, 0x90, 0x4e, 0x3e, 0x81, 0x70, 0x80, 0x4e, 0x40, 0x00, 0x90,
  0x57, 0x46, 0x81, 0x70, 0x80, 0x57, 0x40, 0x00, 0x80, 0x5a, 0x40, 0x00, 0x90, 0x4e, 0x3b, 0x00, 0x90, 0x57, 0x46,
  0x00, 0x90, 0x5a, 0x46, 0x81, 0x6e, 0x80, 0x5a, 0x40, 0x00, 0x80, 0x57, 0x40, 0x00, 0x80, 0x4e, 0x40, 0x02, 0x90,
  0x4e, 0x40, 0x00, 0x90, 0x57, 0x4c, 0x00, 0x90, 0x5a, 0x4c, 0x81, 0x70, 0x80, 0x5a, 0x40, 0x00, 0x80, 0x57, 0x40,
  0x00, 0x80, 0x4e, 0x40, 0x00, 0x90, 0x57, 0x49, 0x00, 0x90, 0x50, 0x3e, 0x00, 0x90, 0x4e, 0x3e, 0x81, 0x70, 0x80,
  0x4e, 0x40, 0x00, 0x80, 0x50, 0x40, 0x00, 0x80, 0x57, 0x40, 0x00, 0x90, 0x55, 0x49, 0x00, 0x90, 0x50, 0x3e, 0x00,
  0x90, 0x4d, 0x3e, 0x81, 0x70, 0x80, 0x4d, 0x40, 0x00, 0x80, 0x50, 0x40, 0x00, 0x80, 0x55, 0x40, 0x00, 0x90, 0x53,
  0x49, 0x00, 0x90, 0x50, 0x3e, 0x00, 0x90, 0x4d, 0x3e, 0x83, 0x60, 0x80, 0x4d, 0x40, 0x00, 0x80, 0x50, 0x40, 0x00,
  0x90, 0x50, 0x46, 0x6e, 0x80, 0x50, 0x40, 0x0a, 0x90, 0x4d, 0x43, 0x78, 0x80, 0x4d, 0x40, 0x00, 0x80, 0x53, 0x40,
  0x00, 0x90, 0x32, 0x3d, 0x78, 0x80, 0x32, 0x40, 0x00, 0x90, 0x35, 0x3c, 0x78, 0x80, 0x35, 0x40, 0x00, 0x90, 0x3a,
  0x3e, 0x78, 0x80, 0x3a, 0x40, 0x00, 0x90, 0x3e, 0x40, 0x78, 0x80, 0x3e, 0x40, 0x00, 0x90, 0x41, 0x43, 0x78, 0x80,
  0x41, 0x40, 0x00, 0x90, 0x46, 0x45, 0x76, 0x80, 0x46, 0x40, 0x02, 0x90, 0x46, 0x3e, 0x00, 0x90, 0x52, 0x49, 0x83,
  0x60, 0x80, 0x52, 0x40, 0x00, 0x80, 0x46, 0x40, 0x00, 0x90, 0x43, 0x38, 0x00, 0x90, 0x4f, 0x43, 0x81, 0x6e, 0x80,
  0x4f, 0x40, 0x00, 0x80, 0x43, 0x40, 0x02, 0x90, 0x43, 0x3e, 0x00, 0x90, 0x4f, 0x49, 0x81, 0x70, 0x80, 0x4f, 0x40,
  0x00, 0x80, 0x43, 0x40, 0x00, 0x90, 0x3f, 0x39, 0x00, 0x90, 0x4b, 0x44, 0x81, 0x70, 0x80, 0x4b, 0x40, 0x00, 0x80,
  0x3f, 0x40, 0x00, 0x90, 0x4d, 0x44, 0x00, 0x90, 0x46, 0x39, 0x00, 0x90, 0x41, 0x39, 0x00, 0x90, 0x4a, 0x39, 0x78,
  0x80, 0x41, 0x40, 0x00, 0x90, 0x44, 0x44, 0x78, 0x80, 0x44, 0x40, 0x00, 0x80, 0x4a, 0x40, 0x00, 0x80, 0x46, 0x40,
  0x00, 0x80, 0x4d, 0x40, 0x00, 0x90, 0x4f, 0x49, 0x00, 0x90, 0x43, 0x3e, 0x00, 0x90, 0x46, 0x3e, 0x00, 0x90, 0x4b,
  0x3e, 0x83, 0x60, 0x80, 0x4b, 0x40, 0x00, 0x80, 0x4f, 0x40, 0x00, 0x80, 0x43, 0x40, 0x00, 0x80, 0x46, 0x40, 0x00,
  0x90, 0x53, 0x49, 0x00, 0x90, 0x47, 0x3e, 0x81, 0x70, 0x80, 0x47, 0x40, 0x00, 0x80, 0x53, 0x40, 0x00, 0x90, 0x50,
  0x4b, 0x00, 0x90, 0x44, 0x3f, 0x83, 0x60, 0x80, 0x44, 0x40, 0x00, 0x80, 0x50, 0x40, 0x00, 0x90, 0x4d, 0x44, 0x00,
  0x90, 0x41, 0x39, 0x81, 0x70, 0x80, 0x41, 0x40, 0x00, 0x80, 0x4d, 0x40, 0x00, 0x90, 0x55, 0x54, 0x00, 0x90, 0x49,
  0x47, 0x83, 0x60, 0x80, 0x49, 0x40, 0x00, 0x80, 0x55, 0x40, 0x00, 0x90, 0x46, 0x42, 0x00, 0x90, 0x52, 0x4e, 0x81,
  0x70, 0x80, 0x52, 0x40, 0x00, 0x80, 0x46, 0x40, 0x00, 0x90, 0x4f, 0x51, 0x00, 0x90, 0x43, 0x44, 0x83, 0x60, 0x80,
  0x43, 0x40, 0x00, 0x80, 0x4f, 0x40, 0x00, 0x90, 0x4b, 0x36, 0x78, 0x90, 0x3f, 0x1b, 0x00, 0x90, 0x43, 0x21, 0x78,
  0x80, 0x43, 0x40, 0x00, 0x80, 0x3f, 0x40, 0x00, 0x80, 0x4b, 0x40, 0x00, 0x90, 0x3f, 0x27, 0x00, 0x90, 0x47, 0x2e,
  0x00, 0x90, 0x44, 0x27, 0x81, 0x70, 0x80, 0x44, 0x40, 0x00, 0x80, 0x3f, 0x40, 0x81, 0x70, 0x80, 0x47, 0x40, 0x00,
  0x90, 0x44, 0x34, 0x81, 0x70, 0x80, 0x44, 0x40, 0x00, 0x90, 0x4c, 0x3a, 0x83, 0x60, 0x80, 0x4c, 0x40, 0x00, 0x90,
  0x49, 0x38, 0x81, 0x70, 0x80, 0x49, 0x40, 0x00, 0x90, 0x46, 0x3c, 0x83, 0x60, 0x80, 0x46, 0x40, 0x00, 0x90, 0x4e,
  0x44, 0x00, 0x90, 0x5a, 0x50, 0x81, 0x70, 0x80, 0x5a, 0x40, 0x00, 0x80, 0x4e, 0x40, 0x00, 0x90, 0x4b, 0x49, 0x00,
  0x90, 0x57, 0x57, 0x83, 0x60, 0x80, 0x57, 0x40, 0x00, 0x80, 0x4b, 0x40, 0x00, 0x90, 0x48, 0x46, 0x00, 0x90, 0x54,
  0x53, 0x81, 0x70, 0x80, 0x54, 0x40, 0x00, 0x80, 0x48, 0x40, 0x00, 0x90, 0x50, 0x4a, 0x00, 0x90, 0x5c, 0x57, 0x83,
  0x60, 0x80, 0x5c, 0x40, 0x00, 0x80, 0x50, 0x40, 0x00, 0x90, 0x4c, 0x44, 0x00, 0x90, 0x58, 0x50, 0x81, 0x70, 0x80,
  0x58, 0x40, 0x00, 0x80, 0x4c, 0x40, 0x00, 0x90, 0x49, 0x49, 0x00, 0x90, 0x55, 0x57, 0x83, 0x60, 0x80, 0x55, 0x40,
  0x00, 0x80, 0x49, 0x40, 0x00, 0x90, 0x39, 0x2d, 0x00, 0x90, 0x45, 0x35, 0x81, 0x70, 0x80, 0x45, 0x40, 0x00, 0x80,
  0x39, 0x40, 0x00, 0x90, 0x39, 0x2b, 0x00, 0x90, 0x42, 0x33, 0x81, 0x6b, 0x80, 0x39, 0x40, 0x81, 0x75, 0x80, 0x42,
  0x40, 0x00, 0x90, 0x3f, 0x38, 0x81, 0x70, 0x80, 0x3f, 0x40, 0x00, 0x90, 0x53, 0x3f, 0x83, 0x60, 0x80, 0x53, 0x40,
  0x00, 0x90, 0x50, 0x35, 0x81, 0x70, 0x80, 0x50, 0x40, 0x00, 0x90, 0x4d, 0x33, 0x83, 0x60, 0x80, 0x4d, 0x40, 0x00,
  0x90, 0x55, 0x3b, 0x00, 0x90, 0x49, 0x36, 0x81, 0x70, 0x80, 0x49, 0x40, 0x00, 0x80, 0x55, 0x40, 0x00, 0x90, 0x51,
  0x3c, 0x00, 0x90, 0x49, 0x33, 0x78, 0x80, 0x49, 0x40, 0x00, 0x90, 0x4e, 0x33, 0x81, 0x6e, 0x80, 0x4e, 0x40, 0x02,
  0x90, 0x45, 0x33, 0x78, 0x80, 0x45, 0x40, 0x00, 0x80, 0x51, 0x40, 0x00, 0x90, 0x56, 0x38, 0x00, 0x90, 0x4a, 0x32,
  0x81, 0x70, 0x80, 0x4a, 0x40, 0x00, 0x80, 0x56, 0x40, 0x00, 0x90, 0x53, 0x38, 0x00, 0x90, 0x47, 0x2f, 0x83, 0x60,
  0x80, 0x47, 0x40, 0x00, 0x80, 0x53, 0x40, 0x00, 0x90, 0x44, 0x2a, 0x00, 0x90, 0x50, 0x32, 0x81, 0x70, 0x80, 0x50,
  0x40, 0x00, 0x80, 0x44, 0x40, 0x00, 0x90, 0x4d, 0x2e, 0x00, 0x90, 0x41, 0x27, 0x83, 0x60, 0x80, 0x41, 0x40, 0x00,
  0x80, 0x4d, 0x40, 0x00, 0x90, 0x4a, 0x2c, 0x00, 0x90, 0x41, 0x25, 0x00, 0x90, 0x44, 0x25, 0x00, 0x90, 0x47, 0x25,
  0x81, 0x6e, 0x80, 0x47, 0x40, 0x00, 0x80, 0x44, 0x40, 0x00, 0x80, 0x41, 0x40, 0x00, 0x80, 0x4a, 0x40, 0x02, 0x90,
  0x47, 0x27, 0x00, 0x90, 0x41, 0x1b, 0x00, 0x90, 0x3e, 0x1b, 0x00, 0x90, 0x44, 0x1b, 0x83, 0x5b, 0x80, 0x44, 0x40,
  0x00, 0x80, 0x47, 0x40, 0x00, 0x80, 0x41, 0x40, 0x00, 0x80, 0x3e, 0x40, 0x05, 0x90, 0x44, 0x24, 0x00, 0x90, 0x3b,
  0x19, 0x00, 0x90, 0x3e, 0x19, 0x00, 0x90, 0x41, 0x19, 0x81, 0x6e, 0x80, 0x41, 0x40, 0x00, 0x80, 0x44, 0x40, 0x00,
  0x80, 0x3b, 0x40, 0x00, 0x80, 0x3e, 0x40, 0x02, 0x90, 0x41, 0x22, 0x00, 0x90, 0x38, 0x18, 0x00, 0x90, 0x3b, 0x18,
  0x00, 0x90, 0x3e, 0x18, 0x83, 0x5b, 0x80, 0x3e, 0x40, 0x00, 0x80, 0x41, 0x40, 0x00, 0x80, 0x38, 0x40, 0x00, 0x80,
  0x3b, 0x40, 0x05, 0x90, 0x3e, 0x1e, 0x00, 0x90, 0x35, 0x15, 0x00, 0x90, 0x38, 0x15, 0x00, 0x90, 0x3b, 0x15, 0x82,
  0x2c, 0x80, 0x3b, 0x40, 0x00, 0x80, 0x3e, 0x40, 0x00, 0x80, 0x35, 0x40, 0x00, 0x80, 0x38, 0x40, 0x00, 0x90, 0x3b,
  0x1e, 0x3c, 0x80, 0x3b, 0x40, 0x00, 0x90, 0x38, 0x1e, 0x3c, 0x80, 0x38, 0x40, 0x00, 0x90, 0x35, 0x1e, 0x3c, 0x80,
  0x35, 0x40, 0x00, 0x90, 0x32, 0x1e, 0x3c, 0x80, 0x32, 0x40, 0x00, 0x90, 0x2f, 0x1e, 0x3c, 0x80, 0x2f, 0x40, 0x00,
  0x90, 0x2c, 0x1e, 0x3c, 0x80, 0x2c, 0x40, 0x00, 0x90, 0x2f, 0x1e, 0x3c, 0x80, 0x2f, 0x40, 0x00, 0x90, 0x32, 0x23,
  0x3c, 0x80, 0x32, 0x40, 0x00, 0x90, 0x35, 0x1e, 0x3c, 0x80, 0x35, 0x40, 0x00, 0x90, 0x38, 0x1e, 0x3c, 0x80, 0x38,
  0x40, 0x00, 0x90, 0x3b, 0x1e, 0x3c, 0x80, 0x3b, 0x40, 0x00, 0x90, 0x3b, 0x1e, 0x00, 0x90, 0x3e, 0x24, 0x3c, 0x80,
  0x3e, 0x40, 0x00, 0x80, 0x3b, 0x40, 0x00, 0x90, 0x41, 0x1e, 0x3c, 0x80, 0x41, 0x40, 0x00, 0x90, 0x44, 0x1e, 0x3c,
  0x80, 0x44, 0x40, 0x00, 0x90, 0x47, 0x1e, 0x3c, 0x80, 0x47, 0x40, 0x00, 0x90, 0x4a, 0x23, 0x00, 0x90, 0x47, 0x1d,
  0x3c, 0x80, 0x47, 0x40, 0x00, 0x80, 0x4a, 0x40, 0x00, 0x90, 0x4d, 0x1e, 0x3c, 0x80, 0x4d, 0x40, 0x00, 0x90, 0x50,
  0x1e, 0x3c, 0x80, 0x50, 0x40, 0x00, 0x90, 0x53, 0x1e, 0x3c, 0x80, 0x53, 0x40, 0x00, 0x90, 0x51, 0x16, 0x00, 0x90,
  0x56, 0x20, 0x3c, 0x80, 0x56, 0x40, 0x00, 0x90, 0x54, 0x1c, 0x3c, 0x80, 0x54, 0x40, 0x00, 0x90, 0x56, 0x1c, 0x3c,
  0x80, 0x56, 0x40, 0x00, 0x90, 0x55, 0x1c, 0x3c, 0x80, 0x55, 0x40, 0x00, 0x80, 0x51, 0x40, 0x00, 0x90, 0x51, 0x18,
  0x00, 0x90, 0x56, 0x23, 0x3c, 0x80, 0x56, 0x40, 0x00, 0x90, 0x49, 0x18, 0x3c, 0x80, 0x49, 0x40, 0x00, 0x90, 0x56,
  0x1c, 0x3c, 0x80, 0x56, 0x40, 0x00, 0x90, 0x55, 0x1c, 0x3c, 0x80, 0x55, 0x40, 0x00, 0x80, 0x51, 0x40, 0x00, 0x90,
  0x49, 0x16, 0x00, 0x90, 0x51, 0x20, 0x3c, 0x80, 0x49, 0x40, 0x00, 0x90, 0x55, 0x1c, 0x3c, 0x80, 0x55, 0x40, 0x00,
  0x90, 0x56, 0x1c, 0x3c, 0x80, 0x56, 0x40, 0x00, 0x90, 0x55, 0x1c, 0x3c, 0x80, 0x55, 0x40, 0x00, 0x80, 0x51, 0x40,
  0x00, 0x90, 0x53, 0x1c, 0x3c, 0x80, 0x53, 0x40, 0x00, 0x90, 0x45, 0x18, 0x3c, 0x80, 0x45, 0x40, 0x00, 0x90, 0x53,
  0x1c, 0x3c, 0x80, 0x53, 0x40, 0x00, 0x90, 0x51, 0x1a, 0x3c, 0x80, 0x51, 0x40, 0x00, 0x90, 0x45, 0x1c, 0x3c, 0x80,
  0x45, 0x40, 0x00, 0x90, 0x51, 0x1c, 0x3c, 0x80, 0x51, 0x40, 0x00, 0x90, 0x53, 0x1c, 0x3c, 0x80, 0x53, 0x40, 0x00,
  0x90, 0x51, 0x1c, 0x3c, 0x80, 0x51, 0x40, 0x00, 0x90, 0x50, 0x22, 0x3c, 0x80, 0x50, 0x40, 0x00, 0x90, 0x42, 0x18,
  0x3c, 0x80, 0x42, 0x40, 0x00, 0x90, 0x50, 0x1c, 0x3c, 0x80, 0x50, 0x40, 0x00, 0x90, 0x4e, 0x1c, 0x3c, 0x80, 0x4e,
  0x40, 0x00, 0x90, 0x44, 0x1c, 0x3c, 0x80, 0x44, 0x40, 0x00, 0x90, 0x50, 0x1c, 0x3c, 0x80, 0x50, 0x40, 0x00, 0x90,
  0x51, 0x1a, 0x3c, 0x80, 0x51, 0x40, 0x00, 0x90, 0x50, 0x1a, 0x3c, 0x80, 0x50, 0x40, 0x00, 0x90, 0x45, 0x1f, 0x3c,
  0x80, 0x45, 0x40, 0x00, 0x90, 0x51, 0x1f, 0x3c, 0x80, 0x51, 0x40, 0x00, 0x90, 0x53, 0x1d, 0x3c, 0x80, 0x53, 0x40,
  0x00, 0x90, 0x51, 0x1e, 0x3c, 0x80, 0x51, 0x40, 0x00, 0x90, 0x53, 0x27, 0x3c, 0x80, 0x53, 0x40, 0x00, 0x90, 0x46,
  0x1c, 0x3c, 0x80, 0x46, 0x40, 0x00, 0x90, 0x53, 0x23, 0x3c, 0x80, 0x53, 0x40, 0x00, 0x90, 0x52, 0x23, 0x3c, 0x80,
  0x52, 0x40, 0x00, 0x90, 0x47, 0x24, 0x3c, 0x80, 0x47, 0x40, 0x00, 0x90, 0x53, 0x25, 0x3c, 0x80, 0x53, 0x40, 0x00,
  0x90, 0x55, 0x25, 0x3c, 0x80, 0x55, 0x40, 0x00, 0x90, 0x53, 0x26, 0x3c, 0x80, 0x53, 0x40, 0x00, 0x90, 0x55, 0x31,
  0x3c, 0x80, 0x55, 0x40, 0x00, 0x90, 0x53, 0x28, 0x3c, 0x80, 0x53, 0x40, 0x00, 0x90, 0x47, 0x22, 0x3c, 0x80, 0x47,
  0x40, 0x00, 0x90, 0x53, 0x2a, 0x3c, 0x80, 0x53, 0x40, 0x00, 0x90, 0x47, 0x2a, 0x3c, 0x80, 0x47, 0x40, 0x00, 0x90,
  0x53, 0x2c, 0x3c, 0x80, 0x53, 0x40, 0x00, 0x90, 0x55, 0x2a, 0x3c, 0x80, 0x55, 0x40, 0x00, 0x90, 0x53, 0x2a, 0x3c,
  0x80, 0x53, 0x40, 0x00, 0x90, 0x58, 0x37, 0x3c, 0x80, 0x58, 0x40, 0x00, 0x90, 0x56, 0x2e, 0x3c, 0x80, 0x56, 0x40,
  0x00, 0x90, 0x4a, 0x28, 0x3c, 0x80, 0x4a, 0x40, 0x00, 0x90, 0x56, 0x30, 0x3c, 0x80, 0x56, 0x40, 0x00, 0x90, 0x4a,
  0x32, 0x3c, 0x80, 0x4a, 0x40, 0x00, 0x90, 0x56, 0x32, 0x3c, 0x80, 0x56, 0x40, 0x00, 0x90, 0x58, 0x33, 0x3c, 0x80,
  0x58, 0x40, 0x00, 0x90, 0x56, 0x33, 0x3c, 0x80, 0x56, 0x40, 0x00, 0x90, 0x58, 0x3c, 0x3c, 0x80, 0x58, 0x40, 0x00,
  0x90, 0x56, 0x2b, 0x3c, 0x80, 0x56, 0x40, 0x00, 0x90, 0x4a, 0x34, 0x3c, 0x80, 0x4a, 0x40, 0x00, 0x90, 0x56, 0x35,
  0x3c, 0x80, 0x56, 0x40, 0x00, 0x90, 0x49, 0x34, 0x3c, 0x80, 0x49, 0x40, 0x00, 0x90, 0x55, 0x36, 0x3c, 0x80, 0x55,
  0x40, 0x00, 0x90, 0x56, 0x36, 0x3c, 0x80, 0x56, 0x40, 0x00, 0x90, 0x55, 0x37, 0x3c, 0x80, 0x55, 0x40, 0x00, 0x90,
  0x56, 0x44, 0x3c, 0x80, 0x56, 0x40, 0x00, 0x90, 0x55, 0x38, 0x3c, 0x80, 0x55, 0x40, 0x00, 0x90, 0x49, 0x2f, 0x3c,
  0x80, 0x49, 0x40, 0x00, 0x90, 0x55, 0x38, 0x3c, 0x80, 0x55, 0x40, 0x00, 0x90, 0x4d, 0x2b, 0x00, 0x90, 0x53, 0x39,
  0x3c, 0x80, 0x53, 0x40, 0x00, 0x80, 0x4d, 0x40, 0x00, 0x90, 0x59, 0x39, 0x3c, 0x80, 0x59, 0x40, 0x00, 0x90, 0x5a,
  0x3a, 0x3c, 0x80, 0x5a, 0x40, 0x00, 0x90, 0x59, 0x3a, 0x3c, 0x80, 0x59, 0x40, 0x00, 0x90, 0x5c, 0x46, 0x3c, 0x80,
  0x5c, 0x40, 0x00, 0x90, 0x5a, 0x3b, 0x3c, 0x80, 0x5a, 0x40, 0x00, 0x90, 0x51, 0x32, 0x00, 0x90, 0x4e, 0x32, 0x3c,
  0x80, 0x4e, 0x40, 0x00, 0x80, 0x51, 0x40, 0x00, 0x90, 0x5a, 0x3c, 0x3c, 0x80, 0x5a, 0x40, 0x00, 0x90, 0x5d, 0x44,
  0x3c, 0x80, 0x5d, 0x40, 0x00, 0x90, 0x5c, 0x3d, 0x3c, 0x80, 0x5c, 0x40, 0x00, 0x90, 0x50, 0x3d, 0x3c, 0x80, 0x50,
  0x40, 0x00, 0x90, 0x5c, 0x3d, 0x3c, 0x80, 0x5c, 0x40, 0x3c, 0x90, 0x5c, 0x33, 0x3c, 0x80, 0x5c, 0x40, 0x00, 0x90,
  0x50, 0x3c, 0x3c, 0x80, 0x50, 0x40, 0x00, 0x90, 0x5c, 0x37, 0x3c, 0x80, 0x5c, 0x40, 0x3c, 0x90, 0x5c, 0x36, 0x3c,
  0x80, 0x5c, 0x40, 0x00, 0x90, 0x50, 0x3b, 0x3c, 0x80, 0x50, 0x40, 0x00, 0x90, 0x5c, 0x37, 0x3c, 0x80, 0x5c, 0x40,
  0x3c, 0x90, 0x50, 0x35, 0x3c, 0x80, 0x50, 0x40, 0x00, 0x90, 0x58, 0x40, 0x3c, 0x80, 0x58, 0x40, 0x00, 0x90, 0x56,
  0x35, 0x3c, 0x80, 0x56, 0x40, 0x00, 0x90, 0x55, 0x3d, 0x3c, 0x80, 0x55, 0x40, 0x00, 0x90, 0x56, 0x3d, 0x3c, 0x80,
  0x56, 0x40, 0x00, 0x90, 0x50, 0x39, 0x3c, 0x80, 0x50, 0x40, 0x00, 0x90, 0x56, 0x39, 0x3c, 0x80, 0x56, 0x40, 0x3c,
  0x90, 0x56, 0x38, 0x3c, 0x80, 0x56, 0x40, 0x00, 0x90, 0x50, 0x40, 0x3c, 0x80, 0x50, 0x40, 0x00, 0x90, 0x56, 0x38,
  0x3c, 0x80, 0x56, 0x40, 0x00, 0x90, 0x4a, 0x3d, 0x3c, 0x80, 0x4a, 0x40, 0x00, 0x90, 0x55, 0x36, 0x3c, 0x80, 0x55,
  0x40, 0x00, 0x90, 0x58, 0x3a, 0x3c, 0x80, 0x58, 0x40, 0x00, 0x90, 0x56, 0x35, 0x3c, 0x80, 0x56, 0x40, 0x00, 0x90,
  0x55, 0x42, 0x3c, 0x80, 0x55, 0x40, 0x00, 0x90, 0x56, 0x33, 0x3c, 0x80, 0x56, 0x40, 0x00, 0x90, 0x4a, 0x3d, 0x3c,
  0x80, 0x4a, 0x40, 0x00, 0x90, 0x56, 0x36, 0x3c, 0x80, 0x56, 0x40, 0x00, 0x90, 0x4a, 0x3f, 0x3c, 0x80, 0x4a, 0x40,
  0x00, 0x90, 0x56, 0x39, 0x3c, 0x80, 0x56, 0x40, 0x00, 0x90, 0x58, 0x40, 0x3c, 0x80, 0x58, 0x40, 0x00, 0x90, 0x56,
  0x39, 0x3a, 0x80, 0x56, 0x40, 0x02, 0x90, 0x56, 0x42, 0x3c, 0x80, 0x56, 0x40, 0x00, 0x90, 0x55, 0x35, 0x3c, 0x80,
  0x55, 0x40, 0x00, 0x90, 0x49, 0x3b, 0x3c, 0x80, 0x49, 0x40, 0x00, 0x90, 0x55, 0x33, 0x3c, 0x80, 0x55, 0x40, 0x00,
  0x90, 0x54, 0x32, 0x3c, 0x80, 0x54, 0x40, 0x00, 0x90, 0x55, 0x31, 0x3c, 0x80, 0x55, 0x40, 0x00, 0x90, 0x49, 0x30,
  0x3c, 0x80, 0x49, 0x40, 0x00, 0x90, 0x55, 0x2f, 0x3c, 0x80, 0x55, 0x40, 0x00, 0x90, 0x52, 0x37, 0x3c, 0x80, 0x52,
  0x40, 0x00, 0x90, 0x53, 0x2e, 0x3c, 0x80, 0x53, 0x40, 0x00, 0x90, 0x47, 0x25, 0x3c, 0x80, 0x47, 0x40, 0x00, 0x90,
  0x53, 0x2c, 0x3c, 0x80, 0x53, 0x40, 0x00, 0x90, 0x47, 0x32, 0x3c, 0x80, 0x47, 0x40, 0x00, 0x90, 0x53, 0x2c, 0x3c,
  0x80, 0x53, 0x40, 0x00, 0x90, 0x55, 0x2d, 0x3c, 0x80, 0x55, 0x40, 0x00, 0x90, 0x53, 0x2e, 0x3c, 0x80, 0x53, 0x40,
  0x00, 0x90, 0x52, 0x37, 0x3c, 0x80, 0x52, 0x40, 0x00, 0x90, 0x53, 0x30, 0x3c, 0x80, 0x53, 0x40, 0x00, 0x90, 0x47,
  0x2b, 0x3c, 0x80, 0x47, 0x40, 0x00, 0x90, 0x53, 0x33, 0x3c, 0x80, 0x53, 0x40, 0x00, 0x90, 0x47, 0x38, 0x3c, 0x80,
  0x47, 0x40, 0x00, 0x90, 0x53, 0x36, 0x3c, 0x80, 0x53, 0x40, 0x00, 0x90, 0x55, 0x37, 0x3c, 0x80, 0x55, 0x40, 0x00,
  0x90, 0x53, 0x38, 0x3c, 0x80, 0x53, 0x40, 0x3c, 0x90, 0x55, 0x31, 0x3c, 0x80, 0x55, 0x40, 0x00, 0x90, 0x47, 0x2b,
  0x3c, 0x80, 0x47, 0x40, 0x00, 0x90, 0x53, 0x31, 0x3c, 0x80, 0x53, 0x40, 0x3c, 0x90, 0x53, 0x2d, 0x3c, 0x80, 0x53,
  0x40, 0x00, 0x90, 0x45, 0x2b, 0x3c, 0x80, 0x45, 0x40, 0x00, 0x90, 0x51, 0x2b, 0x3c, 0x80, 0x51, 0x40, 0x3c, 0x90,
  0x51, 0x31, 0x3c, 0x80, 0x51, 0x40, 0x00, 0x90, 0x44, 0x2f, 0x3c, 0x80, 0x44, 0x40, 0x00, 0x90, 0x50, 0x36, 0x3c,
  0x80, 0x50, 0x40, 0x00, 0x90, 0x44, 0x36, 0x3c, 0x80, 0x44, 0x40, 0x00, 0x90, 0x50, 0x36, 0x3c, 0x80, 0x50, 0x40,
  0x00, 0x90, 0x4f, 0x33, 0x3c, 0x80, 0x4f, 0x40, 0x00, 0x90, 0x50, 0x33, 0x3c, 0x80, 0x50, 0x40, 0x00, 0x90, 0x51,
  0x3d, 0x3c, 0x80, 0x51, 0x40, 0x00, 0x90, 0x50, 0x2b, 0x3c, 0x80, 0x50, 0x40, 0x00, 0x90, 0x44, 0x34, 0x3c, 0x80,
  0x44, 0x40, 0x00, 0x90, 0x50, 0x34, 0x3c, 0x80, 0x50, 0x40, 0x00, 0x90, 0x44, 0x32, 0x3c, 0x80, 0x44, 0x40, 0x00,
  0x90, 0x50, 0x33, 0x3c, 0x80, 0x50, 0x40, 0x00, 0x90, 0x51, 0x33, 0x3c, 0x80, 0x51, 0x40, 0x00, 0x90, 0x50, 0x32,
  0x3c, 0x80, 0x50, 0x40, 0x00, 0x90, 0x51, 0x3d, 0x3c, 0x80, 0x51, 0x40, 0x00, 0x90, 0x50, 0x32, 0x3c, 0x80, 0x50,
  0x40, 0x00, 0x90, 0x44, 0x29, 0x3c, 0x80, 0x44, 0x40, 0x00, 0x90, 0x50, 0x31, 0x3c, 0x80, 0x50, 0x40, 0x00, 0x90,
  0x45, 0x31, 0x3c, 0x80, 0x45, 0x40, 0x00, 0x90, 0x51, 0x30, 0x3c, 0x80, 0x51, 0x40, 0x00, 0x90, 0x53, 0x30, 0x3c,
  0x80, 0x53, 0x40, 0x00, 0x90, 0x51, 0x30, 0x3c, 0x80, 0x51, 0x40, 0x00, 0x90, 0x50, 0x39, 0x3c, 0x80, 0x50, 0x40,
  0x00, 0x90, 0x4e, 0x2f, 0x3c, 0x80, 0x4e, 0x40, 0x00, 0x90, 0x42, 0x27, 0x3c, 0x80, 0x42, 0x40, 0x00, 0x90, 0x4e,
  0x2f, 0x3c, 0x80, 0x4e, 0x40, 0x00, 0x90, 0x4d, 0x35, 0x3c, 0x80, 0x4d, 0x40, 0x00, 0x90, 0x4e, 0x2e, 0x3c, 0x80,
  0x4e, 0x40, 0x00, 0x90, 0x42, 0x2d, 0x3c, 0x80, 0x42, 0x40, 0x00, 0x90, 0x4e, 0x2e, 0x3c, 0x80, 0x4e, 0x40, 0x00,
  0x90, 0x50, 0x36, 0x3c, 0x80, 0x50, 0x40, 0x00, 0x90, 0x4e, 0x27, 0x3c, 0x80, 0x4e, 0x40, 0x00, 0x90, 0x42, 0x2e,
  0x3c, 0x80, 0x42, 0x40, 0x00, 0x90, 0x4e, 0x2e, 0x3c, 0x80, 0x4e, 0x40, 0x00, 0x90, 0x4d, 0x2d, 0x3c, 0x80, 0x4d,
  0x40, 0x00, 0x90, 0x4e, 0x29, 0x3c, 0x80, 0x4e, 0x40, 0x00, 0x90, 0x42, 0x2e, 0x3c, 0x80, 0x42, 0x40, 0x00, 0x90,
  0x4e, 0x28, 0x3c, 0x80, 0x4e, 0x40, 0x3c, 0x90, 0x4e, 0x2e, 0x3c, 0x80, 0x4e, 0x40, 0x00, 0x90, 0x41, 0x27, 0x3c,
  0x80, 0x41, 0x40, 0x00, 0x90, 0x4d, 0x2e, 0x3c, 0x80, 0x4d, 0x40, 0x3c, 0x90, 0x51, 0x2e, 0x3c, 0x80, 0x51, 0x40,
  0x00, 0x90, 0x44, 0x2a, 0x3c, 0x80, 0x44, 0x40, 0x00, 0x90, 0x50, 0x2e, 0x3c, 0x80, 0x50, 0x40, 0x3c, 0x90, 0x55,
  0x2e, 0x3c, 0x80, 0x55, 0x40, 0x00, 0x90, 0x47, 0x27, 0x3c, 0x80, 0x47, 0x40, 0x00, 0x90, 0x53, 0x2e, 0x3c, 0x80,
  0x53, 0x40, 0x00, 0x90, 0x55, 0x2e, 0x3c, 0x80, 0x55, 0x40, 0x00, 0x90, 0x47, 0x27, 0x3c, 0x80, 0x47, 0x40, 0x00,
  0x90, 0x55, 0x2e, 0x3c, 0x80, 0x55, 0x40, 0x00, 0x90, 0x53, 0x2e, 0x3c, 0x80, 0x53, 0x40, 0x00, 0x90, 0x52, 0x36,
  0x3c, 0x80, 0x52, 0x40, 0x00, 0x90, 0x53, 0x2e, 0x3c, 0x80, 0x53, 0x40, 0x00, 0x90, 0x47, 0x25, 0x3c, 0x80, 0x47,
  0x40, 0x00, 0x90, 0x53, 0x2e, 0x3a, 0x80, 0x53, 0x40, 0x02, 0x90, 0x53, 0x2d, 0x3c, 0x80, 0x53, 0x40, 0x00, 0x90,
  0x51, 0x2e, 0x3c, 0x80, 0x51, 0x40, 0x00, 0x90, 0x45, 0x29, 0x3c, 0x80, 0x45, 0x40, 0x00, 0x90, 0x51, 0x2e, 0x3c,
  0x80, 0x51, 0x40, 0x00, 0x90, 0x53, 0x39, 0x3c, 0x80, 0x53, 0x40, 0x00, 0x90, 0x45, 0x27, 0x3c, 0x80, 0x45, 0x40,
  0x00, 0x90, 0x53, 0x2c, 0x3c, 0x80, 0x53, 0x40, 0x00, 0x90, 0x51, 0x2e, 0x3a, 0x80, 0x51, 0x40, 0x02, 0x90, 0x51,
  0x2e, 0x3c, 0x80, 0x51, 0x40, 0x00, 0x90, 0x44, 0x27, 0x3c, 0x80, 0x44, 0x40, 0x00, 0x90, 0x51, 0x2b, 0x3c, 0x80,
  0x51, 0x40, 0x00, 0x90, 0x50, 0x2b, 0x3a, 0x80, 0x50, 0x40, 0x02, 0x90, 0x50, 0x37, 0x3c, 0x80, 0x50, 0x40, 0x00,
  0x90, 0x42, 0x26, 0x3c, 0x80, 0x42, 0x40, 0x00, 0x90, 0x50, 0x27, 0x3c, 0x80, 0x50, 0x40, 0x00, 0x90, 0x4e, 0x2e,
  0x3c, 0x80, 0x4e, 0x40, 0x00, 0x90, 0x4d, 0x2e, 0x3c, 0x80, 0x4d, 0x40, 0x00, 0x90, 0x4e, 0x2e, 0x3c, 0x80, 0x4e,
  0x40, 0x00, 0x90, 0x42, 0x29, 0x3c, 0x80, 0x42, 0x40, 0x00, 0x90, 0x4e, 0x2e, 0x3c, 0x80, 0x4e, 0x40, 0x00, 0x90,
  0x50, 0x36, 0x3c, 0x80, 0x50, 0x40, 0x00, 0x90, 0x4e, 0x2d, 0x3c, 0x80, 0x4e, 0x40, 0x00, 0x90, 0x42, 0x26, 0x3c,
  0x80, 0x42, 0x40, 0x00, 0x90, 0x4e, 0x2e, 0x3c, 0x80, 0x4e, 0x40, 0x00, 0x90, 0x41, 0x2d, 0x3c, 0x80, 0x41, 0x40,
  0x00, 0x90, 0x4d, 0x2a, 0x3c, 0x80, 0x4d, 0x40, 0x00, 0x90, 0x4e, 0x2e, 0x3c, 0x80, 0x4e, 0x40, 0x00, 0x90, 0x4d,
  0x2e, 0x3c, 0x80, 0x4d, 0x40, 0x00, 0x90, 0x4e, 0x39, 0x3c, 0x80, 0x4e, 0x40, 0x00, 0x90, 0x41, 0x27, 0x3c, 0x80,
  0x41, 0x40, 0x00, 0x90, 0x4e, 0x2d, 0x3c, 0x80, 0x4e, 0x40, 0x00, 0x90, 0x4d, 0x2e, 0x3c, 0x80, 0x4d, 0x40, 0x00,
  0x90, 0x44, 0x33, 0x3c, 0x80, 0x44, 0x40, 0x00, 0x90, 0x50, 0x2f, 0x3c, 0x80, 0x50, 0x40, 0x00, 0x90, 0x51, 0x2f,
  0x3c, 0x80, 0x51, 0x40, 0x00, 0x90, 0x50, 0x30, 0x3c, 0x80, 0x50, 0x40, 0x00, 0x90, 0x53, 0x3b, 0x3c, 0x80, 0x53,
  0x40, 0x00, 0x90, 0x47, 0x2a, 0x3c, 0x80, 0x47, 0x40, 0x00, 0x90, 0x4a, 0x33, 0x3c, 0x80, 0x4a, 0x40, 0x00, 0x90,
  0x56, 0x35, 0x3c, 0x80, 0x56, 0x40, 0x00, 0x90, 0x55, 0x3a, 0x3c, 0x80, 0x55, 0x40, 0x00, 0x90, 0x56, 0x37, 0x3c,
  0x80, 0x56, 0x40, 0x00, 0x90, 0x4a, 0x32, 0x3c, 0x80, 0x4a, 0x40, 0x00, 0x90, 0x56, 0x39, 0x3c, 0x80, 0x56, 0x40,
  0x00, 0x90, 0x58, 0x44, 0x3c, 0x80, 0x58, 0x40, 0x00, 0x90, 0x56, 0x3a, 0x3c, 0x80, 0x56, 0x40, 0x00, 0x90, 0x4a,
  0x32, 0x3c, 0x80, 0x4a, 0x40, 0x00, 0x90, 0x56, 0x3d, 0x3a, 0x80, 0x56, 0x40, 0x02, 0x90, 0x56, 0x3c, 0x3c, 0x80,
  0x56, 0x40, 0x00, 0x90, 0x49, 0x34, 0x3c, 0x80, 0x49, 0x40, 0x00, 0x90, 0x56, 0x3b, 0x3c, 0x80, 0x56, 0x40, 0x00,
  0x90, 0x55, 0x3a, 0x3c, 0x80, 0x55, 0x40, 0x3c, 0x90, 0x56, 0x3e, 0x3c, 0x80, 0x56, 0x40, 0x00, 0x90, 0x49, 0x32,
  0x3c, 0x80, 0x49, 0x40, 0x00, 0x90, 0x55, 0x36, 0x3c, 0x80, 0x55, 0x40, 0x3c, 0x90, 0x55, 0x38, 0x3c, 0x80, 0x55,
  0x40, 0x00, 0x90, 0x47, 0x2d, 0x3c, 0x80, 0x47, 0x40, 0x00, 0x90, 0x53, 0x31, 0x3c, 0x80, 0x53, 0x40, 0x3c, 0x90,
  0x53, 0x32, 0x3c, 0x80, 0x53, 0x40, 0x00, 0x90, 0x45, 0x28, 0x3c, 0x80, 0x45, 0x40, 0x00, 0x90, 0x51, 0x2f, 0x3c,
  0x80, 0x51, 0x40, 0x00, 0x90, 0x53, 0x39, 0x3c, 0x80, 0x53, 0x40, 0x00, 0x90, 0x45, 0x2d, 0x3c, 0x80, 0x45, 0x40,
  0x00, 0x90, 0x53, 0x36, 0x3c, 0x80, 0x53, 0x40, 0x00, 0x90, 0x51, 0x33, 0x3c, 0x80, 0x51, 0x40, 0x00, 0x90, 0x50,
  0x3f, 0x3c, 0x80, 0x50, 0x40, 0x00, 0x90, 0x51, 0x34, 0x3c, 0x80, 0x51, 0x40, 0x00, 0x90, 0x45, 0x2a, 0x3c, 0x80,
  0x45, 0x40, 0x00, 0x90, 0x51, 0x33, 0x3c, 0x80, 0x51, 0x40, 0x00, 0x90, 0x51, 0x31, 0x3c, 0x80, 0x51, 0x40, 0x00,
  0x90, 0x44, 0x2a, 0x3c, 0x80, 0x44, 0x40, 0x00, 0x90, 0x51, 0x30, 0x3c, 0x80, 0x51, 0x40, 0x00, 0x90, 0x50, 0x2f,
  0x3c, 0x80, 0x50, 0x40, 0x3c, 0x90, 0x50, 0x32, 0x3c, 0x80, 0x50, 0x40, 0x00, 0x90, 0x44, 0x29, 0x3c, 0x80, 0x44,
  0x40, 0x00, 0x90, 0x50, 0x31, 0x3c, 0x80, 0x50, 0x40, 0x3c, 0x90, 0x5c, 0x30, 0x3c, 0x80, 0x5c, 0x40, 0x00, 0x90,
  0x50, 0x35, 0x3c, 0x80, 0x50, 0x40, 0x00, 0x90, 0x5c, 0x30, 0x3c, 0x80, 0x5c, 0x40, 0x3c, 0x90, 0x5b, 0x2c, 0x3c,
  0x80, 0x5b, 0x40, 0x00, 0x90, 0x4f, 0x33, 0x3c, 0x80, 0x4f, 0x40, 0x00, 0x90, 0x5b, 0x2f, 0x3c, 0x80, 0x5b, 0x40,
  0x3c, 0x90, 0x5b, 0x2e, 0x3c, 0x80, 0x5b, 0x40, 0x00, 0x90, 0x4f, 0x34, 0x3c, 0x80, 0x4f, 0x40, 0x00, 0x90, 0x5b,
  0x2e, 0x3c, 0x80, 0x5b, 0x40, 0x3c, 0x90, 0x5b, 0x2d, 0x3c, 0x80, 0x5b, 0x40, 0x00, 0x90, 0x53, 0x33, 0x3c, 0x80,
  0x53, 0x40, 0x00, 0x90, 0x5f, 0x2d, 0x3c, 0x80, 0x5f, 0x40, 0x3c, 0x90, 0x5f, 0x2c, 0x3c, 0x80, 0x5f, 0x40, 0x00,
  0x90, 0x51, 0x30, 0x3c, 0x80, 0x51, 0x40, 0x00, 0x90, 0x5d, 0x2b, 0x3c, 0x80, 0x5d, 0x40, 0x3c, 0x90, 0x5d, 0x2b,
  0x3c, 0x80, 0x5d, 0x40, 0x00, 0x90, 0x4f, 0x31, 0x3c, 0x80, 0x4f, 0x40, 0x00, 0x90, 0x5b, 0x2d, 0x3c, 0x80, 0x5b,
  0x40, 0x3c, 0x90, 0x5b, 0x30, 0x3c, 0x80, 0x5b, 0x40, 0x00, 0x90, 0x4f, 0x39, 0x3c, 0x80, 0x4f, 0x40, 0x00, 0x90,
  0x5b, 0x33, 0x3c, 0x80, 0x5b, 0x40, 0x3c, 0x90, 0x5b, 0x37, 0x3c, 0x80, 0x5b, 0x40, 0x00, 0x90, 0x4f, 0x3d, 0x3c,
  0x80, 0x4f, 0x40, 0x00, 0x90, 0x4e, 0x39, 0x00, 0x90, 0x5a, 0x39, 0x3c, 0x80, 0x5a, 0x40, 0x00, 0x80, 0x4e, 0x40,
  0x3c, 0x90, 0x5a, 0x3c, 0x3c, 0x80, 0x5a, 0x40, 0x00, 0x90, 0x4c, 0x37, 0x3c, 0x80, 0x4c, 0x40, 0x00, 0x90, 0x58,
  0x3f, 0x3c, 0x80, 0x58, 0x40, 0x3c, 0x90, 0x58, 0x3c, 0x3c, 0x80, 0x58, 0x40, 0x00, 0x90, 0x4c, 0x35, 0x3c, 0x80,
  0x4c, 0x40, 0x00, 0x90, 0x58, 0x39, 0x3c, 0x80, 0x58, 0x40, 0x3c, 0x90, 0x58, 0x35, 0x3c, 0x80, 0x58, 0x40, 0x00,
  0x90, 0x4c, 0x39, 0x3c, 0x80, 0x4c, 0x40, 0x00, 0x90, 0x4e, 0x32, 0x00, 0x90, 0x5a, 0x32, 0x3c, 0x80, 0x5a, 0x40,
  0x00, 0x80, 0x4e, 0x40, 0x3c, 0x90, 0x5a, 0x2f, 0x3c, 0x80, 0x5a, 0x40, 0x00, 0x90, 0x4f, 0x36, 0x3c, 0x80, 0x4f,
  0x40, 0x00, 0x90, 0x5b, 0x2c, 0x3c, 0x80, 0x5b, 0x40, 0x3c, 0x90, 0x5b, 0x2b, 0x3c, 0x80, 0x5b, 0x40, 0x00, 0x90,
  0x4f, 0x32, 0x3c, 0x80, 0x4f, 0x40, 0x00, 0x90, 0x5b, 0x2b, 0x3c, 0x80, 0x5b, 0x40, 0x3c, 0x90, 0x5b, 0x2b, 0x3c,
  0x80, 0x5b, 0x40, 0x00, 0x90, 0x4f, 0x33, 0x3c, 0x80, 0x4f, 0x40, 0x00, 0x90, 0x4e, 0x2b, 0x00, 0x90, 0x5a, 0x2b,
  0x3c, 0x80, 0x5a, 0x40, 0x00, 0x80, 0x4e, 0x40, 0x00, 0x90, 0x5a, 0x34, 0x3c, 0x80, 0x5a, 0x40, 0x00, 0x90, 0x4e,
  0x2b, 0x3c, 0x80, 0x4e, 0x40, 0x00, 0x90, 0x4e, 0x2b, 0x3c, 0x80, 0x4e, 0x40, 0x00, 0x90, 0x5a, 0x2b, 0x3c, 0x80,
  0x5a, 0x40, 0x00, 0x90, 0x5d, 0x32, 0x3c, 0x80, 0x5d, 0x40, 0x00, 0x90, 0x51, 0x24, 0x3c, 0x80, 0x51, 0x40, 0x00,
  0x90, 0x51, 0x2b, 0x3c, 0x80, 0x51, 0x40, 0x00, 0x90, 0x5d, 0x2b, 0x3c, 0x80, 0x5d, 0x40, 0x00, 0x90, 0x61, 0x32,
  0x3c, 0x80, 0x61, 0x40, 0x00, 0x90, 0x55, 0x2b, 0x3c, 0x80, 0x55, 0x40, 0x00, 0x90, 0x55, 0x31, 0x3c, 0x80, 0x55,
  0x40, 0x00, 0x90, 0x61, 0x2b, 0x3c, 0x80, 0x61, 0x40, 0x3c, 0x90, 0x61, 0x2b, 0x3c, 0x80, 0x61, 0x40, 0x00, 0x90,
  0x55, 0x31, 0x3c, 0x80, 0x55, 0x40, 0x00, 0x90, 0x61, 0x2d, 0x3c, 0x80, 0x61, 0x40, 0x3c, 0x90, 0x55, 0x30, 0x3c,
  0x80, 0x55, 0x40, 0x00, 0x90, 0x49, 0x2d, 0x3c, 0x80, 0x49, 0x40, 0x00, 0x90, 0x55, 0x33, 0x3c, 0x80, 0x55, 0x40,
  0x3c, 0x90, 0x61, 0x37, 0x3c, 0x80, 0x61, 0x40, 0x00, 0x90, 0x55, 0x41, 0x3c, 0x80, 0x55, 0x40, 0x00, 0x90, 0x61,
  0x39, 0x3c, 0x80, 0x61, 0x40, 0x3c, 0x90, 0x55, 0x3c, 0x3c, 0x80, 0x55, 0x40, 0x00, 0x90, 0x49, 0x30, 0x3c, 0x80,
  0x49, 0x40, 0x00, 0x90, 0x55, 0x3f, 0x3c, 0x80, 0x55, 0x40, 0x3c, 0x90, 0x61, 0x35, 0x3c, 0x80, 0x61, 0x40, 0x00,
  0x90, 0x55, 0x3d, 0x3c, 0x80, 0x55, 0x40, 0x00, 0x90, 0x61, 0x3b, 0x3c, 0x80, 0x61, 0x40, 0x00, 0x90, 0x5d, 0x37,
  0x3c, 0x80, 0x5d, 0x40, 0x00, 0x90, 0x51, 0x36, 0x3c, 0x80, 0x51, 0x40, 0x00, 0x90, 0x51, 0x34, 0x3c, 0x80, 0x51,
  0x40, 0x00, 0x90, 0x5d, 0x31, 0x3c, 0x80, 0x5d, 0x40, 0x00, 0x90, 0x5d, 0x34, 0x3c, 0x80, 0x5d, 0x40, 0x00, 0x90,
  0x51, 0x29, 0x3c, 0x80, 0x51, 0x40, 0x00, 0x90, 0x51, 0x2f, 0x3c, 0x80, 0x51, 0x40, 0x00, 0x90, 0x5d, 0x2c, 0x3c,
  0x80, 0x5d, 0x40, 0x00, 0x90, 0x5a, 0x34, 0x3c, 0x80, 0x5a, 0x40, 0x00, 0x90, 0x4e, 0x2f, 0x3c, 0x80, 0x4e, 0x40,
  0x00, 0x90, 0x4e, 0x2f, 0x3c, 0x80, 0x4e, 0x40, 0x00, 0x90, 0x42, 0x2e, 0x3c, 0x80, 0x42, 0x40, 0x00, 0x90, 0x4d,
  0x32, 0x00, 0x90, 0x50, 0x3b, 0x00, 0x90, 0x47, 0x32, 0x3c, 0x80, 0x47, 0x40, 0x00, 0x80, 0x50, 0x40, 0x00, 0x80,
  0x4d, 0x40, 0x00, 0x90, 0x44, 0x38, 0x3c, 0x80, 0x44, 0x40, 0x00, 0x90, 0x4e, 0x32, 0x00, 0x90, 0x51, 0x3b, 0x00,
  0x90, 0x49, 0x32, 0x3c, 0x80, 0x49, 0x40, 0x00, 0x80, 0x51, 0x40, 0x00, 0x80, 0x4e, 0x40, 0x00, 0x90, 0x45, 0x3e,
  0x3c, 0x80, 0x45, 0x40, 0x00, 0x90, 0x50, 0x37, 0x00, 0x90, 0x53, 0x41, 0x00, 0x90, 0x47, 0x37, 0x81, 0x70, 0x80,
  0x47, 0x40, 0x00, 0x80, 0x53, 0x40, 0x00, 0x80, 0x50, 0x40, 0x00, 0x90, 0x44, 0x32, 0x00, 0x90, 0x47, 0x3b, 0x00,
  0x90, 0x3e, 0x32, 0x81, 0x70, 0x80, 0x3e, 0x40, 0x00, 0x80, 0x47, 0x40, 0x00, 0x80, 0x44, 0x40, 0x00, 0x90, 0x3d,
  0x32, 0x00, 0x90, 0x42, 0x32, 0x00, 0x90, 0x45, 0x3b, 0x81, 0x70, 0x80, 0x45, 0x40, 0x00, 0x80, 0x42, 0x40, 0x00,
  0x80, 0x3d, 0x40, 0x00, 0x90, 0x3b, 0x33, 0x00, 0x90, 0x3e, 0x33, 0x00, 0x90, 0x45, 0x41, 0x00, 0x90, 0x41, 0x37,
  0x81, 0x70, 0x80, 0x41, 0x40, 0x00, 0x80, 0x3b, 0x40, 0x00, 0x80, 0x3e, 0x40, 0x00, 0x80, 0x45, 0x40, 0x00, 0x90,
  0x3e, 0x32, 0x00, 0x90, 0x3b, 0x32, 0x00, 0x90, 0x44, 0x3b, 0x00, 0x90, 0x41, 0x3b, 0x81, 0x70, 0x80, 0x41, 0x40,
  0x00, 0x80, 0x3e, 0x40, 0x00, 0x80, 0x3b, 0x40, 0x00, 0x80, 0x44, 0x40, 0x00, 0x90, 0x3f, 0x32, 0x00, 0x90, 0x39,
  0x32, 0x00, 0x90, 0x42, 0x3b, 0x81, 0x70, 0x80, 0x42, 0x40, 0x00, 0x80, 0x39, 0x40, 0x00, 0x80, 0x3f, 0x40, 0x00,
  0x90, 0x3f, 0x38, 0x00, 0x90, 0x42, 0x42, 0x00, 0x90, 0x39, 0x38, 0x82, 0x68, 0x80, 0x3f, 0x40, 0x00, 0x90, 0x3c,
  0x37, 0x78, 0x80, 0x3c, 0x40, 0x00, 0x90, 0x3d, 0x37, 0x78, 0x80, 0x3d, 0x40, 0x00, 0x90, 0x3c, 0x37, 0x78, 0x80,
  0x3c, 0x40, 0x00, 0x80, 0x39, 0x40, 0x00, 0x80, 0x42, 0x40, 0x00, 0x90, 0x38, 0x32, 0x00, 0x90, 0x41, 0x3b, 0x00,
  0x90, 0x3d, 0x32, 0x82, 0x68, 0x90, 0x44, 0x39, 0x78, 0x80, 0x44, 0x40, 0x00, 0x90, 0x47, 0x3c, 0x78, 0x80, 0x47,
  0x40, 0x00, 0x90, 0x4a, 0x3f, 0x78, 0x80, 0x4a, 0x40, 0x00, 0x80, 0x38, 0x40, 0x00, 0x80, 0x41, 0x40, 0x00, 0x80,
  0x3d, 0x40, 0x00, 0x90, 0x44, 0x37, 0x00, 0x90, 0x3e, 0x2e, 0x00, 0x90, 0x4a, 0x41, 0x00, 0x90, 0x41, 0x2e, 0x00,
  0x90, 0x47, 0x37, 0x81, 0x6e, 0x80, 0x47, 0x40, 0x00, 0x80, 0x4a, 0x40, 0x00, 0x80, 0x44, 0x40, 0x00, 0x80, 0x3e,
  0x40, 0x00, 0x80, 0x41, 0x40, 0x02, 0x90, 0x44, 0x32, 0x00, 0x90, 0x4a, 0x3b, 0x00, 0x90, 0x3e, 0x32, 0x00, 0x90,
  0x47, 0x32, 0x81, 0x6e, 0x80, 0x47, 0x40, 0x00, 0x80, 0x44, 0x40, 0x00, 0x80, 0x4a, 0x40, 0x00, 0x80, 0x3e, 0x40,
  0x02, 0x90, 0x3d, 0x32, 0x00, 0x90, 0x49, 0x3b, 0x00, 0x90, 0x45, 0x32, 0x81, 0x6e, 0x80, 0x45, 0x40, 0x00, 0x80,
  0x49, 0x40, 0x00, 0x80, 0x3d, 0x40, 0x02, 0x90, 0x44, 0x37, 0x00, 0x90, 0x49, 0x41, 0x00, 0x90, 0x41, 0x37, 0x00,
  0x90, 0x3e, 0x37, 0x81, 0x6e, 0x80, 0x3e, 0x40, 0x00, 0x80, 0x44, 0x40, 0x00, 0x80, 0x49, 0x40, 0x00, 0x80, 0x41,
  0x40, 0x02, 0x90, 0x44, 0x32, 0x00, 0x90, 0x47, 0x3b, 0x00, 0x90, 0x41, 0x3b, 0x00, 0x90, 0x3e, 0x32, 0x81, 0x6e,
  0x80, 0x3e, 0x40, 0x00, 0x80, 0x44, 0x40, 0x00, 0x80, 0x47, 0x40, 0x00, 0x80, 0x41, 0x40, 0x02, 0x90, 0x3f, 0x32,
  0x00, 0x90, 0x42, 0x32, 0x00, 0x90, 0x45, 0x3b, 0x81, 0x6e, 0x80, 0x45, 0x40, 0x00, 0x80, 0x42, 0x40, 0x00, 0x80,
  0x3f, 0x40, 0x02, 0x90, 0x42, 0x38, 0x00, 0x90, 0x45, 0x42, 0x81, 0x70, 0x90, 0x3c, 0x37, 0x78, 0x80, 0x3c, 0x40,
  0x00, 0x90, 0x3d, 0x37, 0x78, 0x80, 0x3d, 0x40, 0x00, 0x80, 0x45, 0x40, 0x00, 0x80, 0x42, 0x40, 0x00, 0x90, 0x41,
  0x33, 0x00, 0x90, 0x44, 0x33, 0x00, 0x90, 0x3c, 0x37, 0x78, 0x80, 0x3c, 0x40, 0x00, 0x90, 0x3d, 0x37, 0x78, 0x80,
  0x3d, 0x40, 0x00, 0x80, 0x44, 0x40, 0x00, 0x80, 0x41, 0x40, 0x00, 0x90, 0x3d, 0x32, 0x00, 0x90, 0x38, 0x32, 0x00,
  0x90, 0x41, 0x32, 0x00, 0x90, 0x44, 0x3b, 0x81, 0x70, 0x80, 0x44, 0x40, 0x00, 0x80, 0x3d, 0x40, 0x00, 0x80, 0x38,
  0x40, 0x00, 0x80, 0x41, 0x40, 0x00, 0x90, 0x37, 0x21, 0x00, 0x90, 0x3a, 0x21, 0x00, 0x90, 0x40, 0x27, 0x00, 0x90,
  0x43, 0x30, 0x81, 0x70, 0x80, 0x40, 0x40, 0x00, 0x80, 0x37, 0x40, 0x00, 0x80, 0x3a, 0x40, 0x00, 0x90, 0x37, 0x21,
  0x00, 0x90, 0x3b, 0x21, 0x00, 0x90, 0x3e, 0x27, 0x81, 0x34, 0x80, 0x43, 0x40, 0x00, 0x90, 0x43, 0x2f, 0x3c, 0x80,
  0x43, 0x40, 0x00, 0x80, 0x3e, 0x40, 0x00, 0x80, 0x3b, 0x40, 0x00, 0x80, 0x37, 0x40, 0x00, 0x90, 0x53, 0x3f, 0x81,
  0x70, 0x90, 0x47, 0x2f, 0x81, 0x70, 0x80, 0x47, 0x40, 0x00, 0x80, 0x53, 0x40, 0x00, 0x90, 0x45, 0x25, 0x00, 0x90,
  0x51, 0x32, 0x81, 0x6e, 0x80, 0x51, 0x40, 0x00, 0x80, 0x45, 0x40, 0x02, 0x90, 0x45, 0x28, 0x00, 0x90, 0x51, 0x37,
  0x81, 0x70, 0x80, 0x51, 0x40, 0x00, 0x80, 0x45, 0x40, 0x00, 0x90, 0x43, 0x23, 0x00, 0x90, 0x4f, 0x30, 0x81, 0x70,
  0x80, 0x4f, 0x40, 0x00, 0x80, 0x43, 0x40, 0x00, 0x90, 0x43, 0x24, 0x00, 0x90, 0x47, 0x24, 0x00, 0x90, 0x4f, 0x31,
  0x78, 0x80, 0x4f, 0x40, 0x00, 0x80, 0x47, 0x40, 0x00, 0x90, 0x4a, 0x21, 0x00, 0x90, 0x4e, 0x2c, 0x78, 0x80, 0x4e,
  0x40, 0x00, 0x80, 0x4a, 0x40, 0x00, 0x80, 0x43, 0x40, 0x00, 0x90, 0x43, 0x28, 0x00, 0x90, 0x4a, 0x30, 0x00, 0x90,
  0x4e, 0x37, 0x81, 0x70, 0x80, 0x4e, 0x40, 0x00, 0x80, 0x4a, 0x40, 0x00, 0x80, 0x43, 0x40, 0x00, 0x90, 0x43, 0x24,
  0x00, 0x90, 0x48, 0x24, 0x00, 0x90, 0x4c, 0x31, 0x81, 0x70, 0x80, 0x4c, 0x40, 0x00, 0x80, 0x48, 0x40, 0x00, 0x80,
  0x43, 0x40, 0x00, 0x90, 0x4c, 0x30, 0x00, 0x90, 0x48, 0x23, 0x00, 0x90, 0x43, 0x23, 0x78, 0x80, 0x43, 0x40, 0x00,
  0x80, 0x48, 0x40, 0x00, 0x80, 0x4c, 0x40, 0x00, 0x90, 0x4b, 0x26, 0x00, 0x90, 0x4e, 0x33, 0x00, 0x90, 0x45, 0x26,
  0x00, 0x90, 0x48, 0x26, 0x78, 0x80, 0x48, 0x40, 0x00, 0x80, 0x4b, 0x40, 0x00, 0x80, 0x4e, 0x40, 0x00, 0x80, 0x45,
  0x40, 0x00, 0x90, 0x4b, 0x28, 0x00, 0x90, 0x4e, 0x37, 0x00, 0x90, 0x45, 0x28, 0x00, 0x90, 0x48, 0x28, 0x78, 0x80,
  0x48, 0x40, 0x00, 0x80, 0x4b, 0x40, 0x00, 0x80, 0x4e, 0x40, 0x00, 0x80, 0x45, 0x40, 0x00, 0x90, 0x4f, 0x32, 0x00,
  0x90, 0x4a, 0x25, 0x00, 0x90, 0x47, 0x25, 0x78, 0x80, 0x47, 0x40, 0x00, 0x80, 0x4a, 0x40, 0x00, 0x80, 0x4f, 0x40,
  0x00, 0x90, 0x47, 0x25, 0x00, 0x90, 0x4a, 0x25, 0x00, 0x90, 0x4f, 0x32, 0x81, 0x70, 0x80, 0x4f, 0x40, 0x00, 0x80,
  0x4a, 0x40, 0x00, 0x80, 0x47, 0x40, 0x00, 0x90, 0x43, 0x28, 0x78, 0x80, 0x43, 0x40, 0x00, 0x90, 0x36, 0x1e, 0x00,
  0x90, 0x42, 0x24, 0x78, 0x80, 0x42, 0x40, 0x00, 0x80, 0x36, 0x40, 0x00, 0x90, 0x36, 0x22, 0x00, 0x90, 0x42, 0x28,
  0x81, 0x6e, 0x80, 0x42, 0x40, 0x00, 0x80, 0x36, 0x40, 0x02, 0x90, 0x39, 0x1f, 0x00, 0x90, 0x45, 0x25, 0x00, 0x90,
  0x42, 0x1f, 0x00, 0x90, 0x3d, 0x1f, 0x81, 0x6e, 0x80, 0x3d, 0x40, 0x00, 0x80, 0x39, 0x40, 0x00, 0x80, 0x45, 0x40,
  0x00, 0x80, 0x42, 0x40, 0x02, 0x90, 0x3d, 0x1f, 0x00, 0x90, 0x49, 0x25, 0x00, 0x90, 0x45, 0x1f, 0x00, 0x90, 0x42,
  0x1f, 0x81, 0x6e, 0x80, 0x42, 0x40, 0x00, 0x80, 0x3d, 0x40, 0x00, 0x80, 0x49, 0x40, 0x00, 0x80, 0x45, 0x40, 0x02,
  0x90, 0x3d, 0x22, 0x00, 0x90, 0x49, 0x29, 0x00, 0x90, 0x44, 0x22, 0x00, 0x90, 0x41, 0x22, 0x83, 0x5b, 0x80, 0x41,
  0x40, 0x00, 0x80, 0x3d, 0x40, 0x00, 0x80, 0x49, 0x40, 0x00, 0x80, 0x44, 0x40, 0x05, 0x90, 0x3d, 0x1d, 0x00, 0x90,
  0x49, 0x23, 0x00, 0x90, 0x45, 0x1d, 0x00, 0x90, 0x42, 0x1d, 0x81, 0x6e, 0x80, 0x42, 0x40, 0x00, 0x80, 0x3d, 0x40,
  0x00, 0x80, 0x49, 0x40, 0x00, 0x80, 0x45, 0x40, 0x02, 0x90, 0x3d, 0x24, 0x00, 0x90, 0x45, 0x24, 0x00, 0x90, 0x49,
  0x2b, 0x81, 0x70, 0x80, 0x49, 0x40, 0x00, 0x80, 0x45, 0x40, 0x00, 0x80, 0x3d, 0x40, 0x00, 0x90, 0x3e, 0x22, 0x00,
  0x90, 0x43, 0x22, 0x00, 0x90, 0x4a, 0x28, 0x81, 0x70, 0x80, 0x4a, 0x40, 0x00, 0x80, 0x43, 0x40, 0x00, 0x80, 0x3e,
  0x40, 0x00, 0x90, 0x37, 0x1e, 0x00, 0x90, 0x43, 0x24, 0x81, 0x70, 0x80, 0x43, 0x40, 0x00, 0x80, 0x37, 0x40, 0x00,
  0x90, 0x3b, 0x1f, 0x00, 0x90, 0x47, 0x25, 0x81, 0x70, 0x80, 0x47, 0x40, 0x00, 0x80, 0x3b, 0x40, 0x00, 0x90, 0x3d,
  0x25, 0x81, 0x70, 0x80, 0x3d, 0x40, 0x00, 0x90, 0x41, 0x1f, 0x00, 0x90, 0x35, 0x1a, 0x81, 0x70, 0x80, 0x35, 0x40,
  0x00, 0x80, 0x41, 0x40, 0x00, 0x90, 0x42, 0x26, 0x00, 0x90, 0x36, 0x20, 0x81, 0x70, 0x80, 0x36, 0x40, 0x00, 0x80,
  0x42, 0x40, 0x00, 0x90, 0x49, 0x29, 0x00, 0x90, 0x3d, 0x22, 0x82, 0x68, 0x80, 0x3d, 0x40, 0x00, 0x80, 0x49, 0x40,
  0x00, 0x90, 0x44, 0x1d, 0x00, 0x90, 0x38, 0x18, 0x78, 0x80, 0x38, 0x40, 0x00, 0x80, 0x44, 0x40, 0x00, 0x90, 0x45,
  0x1f, 0x00, 0x90, 0x39, 0x1a, 0x81, 0x70, 0x80, 0x39, 0x40, 0x00, 0x80, 0x45, 0x40, 0x00, 0x90, 0x51, 0x2a, 0x00,
  0x90, 0x45, 0x22, 0x82, 0x68, 0x80, 0x45, 0x40, 0x00, 0x80, 0x51, 0x40, 0x00, 0x90, 0x4d, 0x19, 0x00, 0x90, 0x41,
  0x15, 0x78, 0x80, 0x41, 0x40, 0x00, 0x80, 0x4d, 0x40, 0x89, 0x30, 0x90, 0x4e, 0x2b, 0x82, 0x65, 0x80, 0x4e, 0x40,
  0x03, 0x90, 0x4e, 0x2c, 0x81, 0x6e, 0x80, 0x4e, 0x40, 0x02, 0x90, 0x4e, 0x2c, 0x78, 0x90, 0x51, 0x3d, 0x76, 0x80,
  0x4e, 0x40, 0x02, 0x90, 0x4e, 0x31, 0x76, 0x80, 0x51, 0x40, 0x02, 0x90, 0x56, 0x4a, 0x76, 0x80, 0x4e, 0x40, 0x02,
  0x90, 0x4e, 0x36, 0x78, 0x80, 0x56, 0x40, 0x00, 0x90, 0x58, 0x47, 0x76, 0x80, 0x4e, 0x40, 0x02, 0x90, 0x4e, 0x34,
  0x78, 0x80, 0x58, 0x40, 0x00, 0x90, 0x5a, 0x47, 0x76, 0x80, 0x4e, 0x40, 0x02, 0x90, 0x4e, 0x2d, 0x78, 0x80, 0x4e,
  0x40, 0x00, 0x80, 0x5a, 0x40, 0x00, 0x90, 0x5a, 0x45, 0x1e, 0x80, 0x5a, 0x40, 0x00, 0x90, 0x5b, 0x3d, 0x1e, 0x80,
  0x5b, 0x40, 0x00, 0x90, 0x5a, 0x43, 0x1e, 0x80, 0x5a, 0x40, 0x00, 0x90, 0x5b, 0x3f, 0x1e, 0x80, 0x5b, 0x40, 0x00,
  0x90, 0x5a, 0x3f, 0x1e, 0x80, 0x5a, 0x40, 0x00, 0x90, 0x5b, 0x47, 0x1e, 0x80, 0x5b, 0x40, 0x00, 0x90, 0x5a, 0x45,
  0x1e, 0x80, 0x5a, 0x40, 0x00, 0x90, 0x5b, 0x4e, 0x1e, 0x80, 0x5b, 0x40, 0x00, 0x90, 0x5d, 0x53, 0x78, 0x90, 0x51,
  0x39, 0x78, 0x80, 0x5d, 0x40, 0x00, 0x90, 0x5b, 0x4b, 0x81, 0x70, 0x80, 0x5b, 0x40, 0x00, 0x90, 0x5b, 0x4d, 0x73,
  0x80, 0x51, 0x40, 0x05, 0x90, 0x51, 0x38, 0x81, 0x48, 0x80, 0x5b, 0x40, 0x28, 0x80, 0x51, 0x40, 0x00, 0x90, 0x58,
  0x44, 0x78, 0x80, 0x58, 0x40, 0x00, 0x90, 0x55, 0x3e, 0x78, 0x80, 0x55, 0x40, 0x00, 0x90, 0x56, 0x41, 0x78, 0x80,
  0x56, 0x40, 0x00, 0x90, 0x57, 0x4a, 0x78, 0x80, 0x57, 0x40, 0x00, 0x90, 0x58, 0x40, 0x81, 0x48, 0x80, 0x58, 0x40,
  0x00, 0x90, 0x4f, 0x3f, 0x50, 0x80, 0x4f, 0x40, 0x00, 0x90, 0x4e, 0x40, 0x50, 0x80, 0x4e, 0x40, 0x00, 0x90, 0x4f,
  0x40, 0x50, 0x80, 0x4f, 0x40, 0x00, 0x90, 0x51, 0x42, 0x50, 0x80, 0x51, 0x40, 0x00, 0x90, 0x52, 0x44, 0x50, 0x80,
  0x52, 0x40, 0x00, 0x90, 0x55, 0x46, 0x50, 0x80, 0x55, 0x40, 0x00, 0x90, 0x53, 0x44, 0x50, 0x80, 0x53, 0x40, 0x00,
  0x90, 0x51, 0x42, 0x50, 0x80, 0x51, 0x40, 0x00, 0x90, 0x4f, 0x45, 0x50, 0x80, 0x4f, 0x40, 0x00, 0x90, 0x4e, 0x41,
  0x50, 0x80, 0x4e, 0x40, 0x00, 0x90, 0x4f, 0x3c, 0x50, 0x80, 0x4f, 0x40, 0x00, 0x90, 0x50, 0x45, 0x50, 0x80, 0x50,
  0x40, 0x00, 0x90, 0x51, 0x40, 0x50, 0x80, 0x51, 0x40, 0x00, 0x90, 0x4c, 0x3b, 0x50, 0x80, 0x4c, 0x40, 0x00, 0x90,
  0x4f, 0x46, 0x78, 0x80, 0x4f, 0x40, 0x00, 0x90, 0x4e, 0x40, 0x81, 0x70, 0x80, 0x4e, 0x40, 0x00, 0x90, 0x51, 0x45,
  0x81, 0x70, 0x80, 0x51, 0x40, 0x00, 0x90, 0x56, 0x4c, 0x81, 0x6e, 0x80, 0x56, 0x40, 0x02, 0x90, 0x56, 0x4a, 0x81,
  0x70, 0x80, 0x56, 0x40, 0x00, 0x90, 0x58, 0x4e, 0x81, 0x70, 0x80, 0x58, 0x40, 0x00, 0x90, 0x5a, 0x44, 0x77, 0x80,
  0x5a, 0x40, 0x01, 0x90, 0x5a, 0x3e, 0x1e, 0x80, 0x5a, 0x40, 0x00, 0x90, 0x5b, 0x3b, 0x1e, 0x80, 0x5b, 0x40, 0x00,
  0x90, 0x5a, 0x40, 0x1e, 0x80, 0x5a, 0x40, 0x00, 0x90, 0x5b, 0x3c, 0x1e, 0x80, 0x5b, 0x40, 0x00, 0x90, 0x5a, 0x43,
  0x1e, 0x80, 0x5a, 0x40, 0x00, 0x90, 0x5b, 0x3e, 0x1e, 0x80, 0x5b, 0x40, 0x00, 0x90, 0x5a, 0x45, 0x1e, 0x80, 0x5a,
  0x40, 0x00, 0x90, 0x5b, 0x41, 0x1e, 0x80, 0x5b, 0x40, 0x00, 0x90, 0x5a, 0x48, 0x1e, 0x80, 0x5a, 0x40, 0x00, 0x90,
  0x5b, 0x42, 0x1e, 0x80, 0x5b, 0x40, 0x00, 0x90, 0x5a, 0x4a, 0x1e, 0x80, 0x5a, 0x40, 0x00, 0x90, 0x5b, 0x46, 0x1e,
  0x80, 0x5b, 0x40, 0x00, 0x90, 0x5a, 0x4d, 0x28, 0x80, 0x5a, 0x40, 0x00, 0x90, 0x59, 0x4f, 0x28, 0x80, 0x59, 0x40,
  0x00, 0x90, 0x5a, 0x4b, 0x28, 0x80, 0x5a, 0x40, 0x00, 0x90, 0x5d, 0x54, 0x78, 0x80, 0x5d, 0x40, 0x00, 0x90, 0x5b,
  0x43, 0x78, 0x80, 0x5b, 0x40, 0x00, 0x90, 0x5b, 0x48, 0x82, 0x40, 0x80, 0x5b, 0x40, 0x00, 0x90, 0x57, 0x45, 0x50,
  0x80, 0x57, 0x40, 0x00, 0x90, 0x58, 0x48, 0x50, 0x80, 0x58, 0x40, 0x00, 0x90, 0x5b, 0x48, 0x50, 0x80, 0x5b, 0x40,
  0x00, 0x90, 0x5a, 0x43, 0x50, 0x80, 0x5a, 0x40, 0x00, 0x90, 0x58, 0x40, 0x4e, 0x80, 0x58, 0x40, 0x02, 0x90, 0x58,
  0x4d, 0x82, 0x40, 0x80, 0x58, 0x40, 0x00, 0x90, 0x54, 0x43, 0x50, 0x80, 0x54, 0x40, 0x00, 0x90, 0x55, 0x40, 0x50,
  0x80, 0x55, 0x40, 0x00, 0x90, 0x58, 0x4c, 0x50, 0x80, 0x58, 0x40, 0x00, 0x90, 0x56, 0x43, 0x50, 0x80, 0x56, 0x40,
  0x00, 0x90, 0x55, 0x41, 0x50, 0x80, 0x55, 0x40, 0x00, 0x90, 0x53, 0x48, 0x3c, 0x80, 0x53, 0x40, 0x00, 0x90, 0x52,
  0x3e, 0x3c, 0x80, 0x52, 0x40, 0x00, 0x90, 0x56, 0x42, 0x3c, 0x80, 0x56, 0x40, 0x00, 0x90, 0x55, 0x3f, 0x3c, 0x80,
  0x55, 0x40, 0x00, 0x90, 0x54, 0x48, 0x3c, 0x80, 0x54, 0x40, 0x00, 0x90, 0x55, 0x3f, 0x3c, 0x80, 0x55, 0x40, 0x00,
  0x90, 0x4c, 0x42, 0x3c, 0x80, 0x4c, 0x40, 0x00, 0x90, 0x4f, 0x3c, 0x3c, 0x80, 0x4f, 0x40, 0x00, 0x90, 0x4d, 0x48,
  0x3c, 0x80, 0x4d, 0x40, 0x00, 0x90, 0x4e, 0x3e, 0x3c, 0x80, 0x4e, 0x40, 0x00, 0x90, 0x49, 0x42, 0x3c, 0x80, 0x49,
  0x40, 0x00, 0x90, 0x4c, 0x3d, 0x3c, 0x80, 0x4c, 0x40, 0x00, 0x90, 0x4a, 0x42, 0x81, 0x70, 0x80, 0x4a, 0x40, 0x00,
  0x90, 0x53, 0x46, 0x82, 0x68, 0x80, 0x53, 0x40, 0x00, 0x90, 0x4e, 0x3b, 0x78, 0x80, 0x4e, 0x40, 0x00, 0x90, 0x4f,
  0x42, 0x78, 0x90, 0x46, 0x27, 0x00, 0x90, 0x4c, 0x2e, 0x81, 0x6e, 0x80, 0x4c, 0x40, 0x00, 0x80, 0x46, 0x40, 0x02,
  0x90, 0x46, 0x25, 0x00, 0x90, 0x4c, 0x2c, 0x78, 0x80, 0x4f, 0x40, 0x00, 0x90, 0x4e, 0x40, 0x76, 0x80, 0x4c, 0x40,
  0x00, 0x80, 0x46, 0x40, 0x02, 0x90, 0x46, 0x27, 0x00, 0x90, 0x4c, 0x2e, 0x78, 0x80, 0x4c, 0x40, 0x00, 0x80, 0x46,
  0x40, 0x00, 0x80, 0x4e, 0x40, 0x00, 0x90, 0x47, 0x2b, 0x00, 0x90, 0x4a, 0x2b, 0x00, 0x90, 0x4e, 0x42, 0x3c, 0x80,
  0x4e, 0x40, 0x00, 0x90, 0x5a, 0x38, 0x3c, 0x80, 0x5a, 0x40, 0x00, 0x90, 0x55, 0x3b, 0x3c, 0x80, 0x55, 0x40, 0x00,
  0x90, 0x56, 0x37, 0x3c, 0x80, 0x56, 0x40, 0x00, 0x80, 0x4a, 0x40, 0x00, 0x80, 0x47, 0x40, 0x00, 0x90, 0x58, 0x42,
  0x3c, 0x80, 0x58, 0x40, 0x00, 0x90, 0x56, 0x39, 0x3c, 0x80, 0x56, 0x40, 0x00, 0x90, 0x52, 0x3b, 0x3c, 0x80, 0x52,
  0x40, 0x00, 0x90, 0x53, 0x37, 0x3c, 0x80, 0x53, 0x40, 0x00, 0x90, 0x55, 0x42, 0x3c, 0x80, 0x55, 0x40, 0x00, 0x90,
  0x53, 0x3c, 0x3c, 0x80, 0x53, 0x40, 0x00, 0x90, 0x56, 0x42, 0x28, 0x80, 0x56, 0x40, 0x00, 0x90, 0x53, 0x39, 0x28,
  0x80, 0x53, 0x40, 0x01, 0x90, 0x4e, 0x32, 0x27, 0x90, 0x51, 0x42, 0x01, 0x80, 0x4e, 0x40, 0x77, 0x80, 0x51, 0x40,
  0x00, 0x90, 0x4f, 0x3c, 0x00, 0x90, 0x46, 0x1f, 0x00, 0x90, 0x4c, 0x1f, 0x81, 0x6e, 0x80, 0x4c, 0x40, 0x00, 0x80,
  0x46, 0x40, 0x00, 0x80, 0x4f, 0x40, 0x02, 0x90, 0x4c, 0x1f, 0x00, 0x90, 0x46, 0x1f, 0x00, 0x90, 0x4f, 0x3c, 0x81,
  0x6e, 0x80, 0x4f, 0x40, 0x00, 0x80, 0x46, 0x40, 0x00, 0x80, 0x4c, 0x40, 0x02, 0x90, 0x4e, 0x40, 0x00, 0x90, 0x46,
  0x1f, 0x00, 0x90, 0x4c, 0x25, 0x78, 0x80, 0x4c, 0x40, 0x00, 0x80, 0x46, 0x40, 0x00, 0x80, 0x4e, 0x40, 0x00, 0x90,
  0x4e, 0x48, 0x00, 0x90, 0x4a, 0x3d, 0x00, 0x90, 0x47, 0x3d, 0x77, 0x80, 0x47, 0x40, 0x00, 0x80, 0x4a, 0x40, 0x01,
  0x90, 0x42, 0x35, 0x81, 0x6d, 0x80, 0x4e, 0x40, 0x01, 0x80, 0x42, 0x40, 0x02, 0x90, 0x42, 0x3b, 0x00, 0x90, 0x4a,
  0x30, 0x00, 0x90, 0x47, 0x2e, 0x00, 0x90, 0x4e, 0x47, 0x77, 0x80, 0x47, 0x40, 0x00, 0x80, 0x4a, 0x40, 0x01, 0x90,
  0x46, 0x3a, 0x00, 0x90, 0x4c, 0x31, 0x76, 0x80, 0x42, 0x40, 0x00, 0x80, 0x4e, 0x40, 0x01, 0x80, 0x46, 0x40, 0x00,
  0x80, 0x4c, 0x40, 0x01, 0x90, 0x46, 0x36, 0x00, 0x90, 0x4e, 0x46, 0x00, 0x90, 0x42, 0x3b, 0x00, 0x90, 0x4c, 0x31,
  0x77, 0x80, 0x4c, 0x40, 0x00, 0x80, 0x46, 0x40, 0x00, 0x80, 0x4e, 0x40, 0x00, 0x80, 0x42, 0x40, 0x01, 0x90, 0x47,
  0x41, 0x00, 0x90, 0x42, 0x41, 0x00, 0x90, 0x4a, 0x41, 0x00, 0x90, 0x4e, 0x4d, 0x77, 0x80, 0x4a, 0x40, 0x00, 0x80,
  0x47, 0x40, 0x00, 0x80, 0x42, 0x40, 0x01, 0x90, 0x47, 0x38, 0x81, 0x6d, 0x80, 0x4e, 0x40, 0x01, 0x80, 0x47, 0x40,
  0x02, 0x90, 0x4a, 0x3d, 0x00, 0x90, 0x47, 0x3f, 0x00, 0x90, 0x53, 0x4b, 0x00, 0x90, 0x4e, 0x33, 0x77, 0x80, 0x4e,
  0x40, 0x00, 0x80, 0x4a, 0x40, 0x01, 0x90, 0x4b, 0x3e, 0x00, 0x90, 0x4e, 0x34, 0x76, 0x80, 0x53, 0x40, 0x00, 0x80,
  0x47, 0x40, 0x01, 0x80, 0x4b, 0x40, 0x00, 0x80, 0x4e, 0x40, 0x01, 0x90, 0x4b, 0x3e, 0x00, 0x90, 0x47, 0x3e, 0x00,
  0x90, 0x4e, 0x34, 0x00, 0x90, 0x53, 0x4b, 0x77, 0x80, 0x53, 0x40, 0x00, 0x80, 0x4b, 0x40, 0x00, 0x80, 0x47, 0x40,
  0x00, 0x80, 0x4e, 0x40, 0x01, 0x90, 0x48, 0x3f, 0x00, 0x90, 0x4e, 0x3f, 0x00, 0x90, 0x4b, 0x3f, 0x00, 0x90, 0x54,
  0x4b, 0x77, 0x80, 0x54, 0x40, 0x00, 0x80, 0x48, 0x40, 0x00, 0x80, 0x4e, 0x40, 0x00, 0x80, 0x4b, 0x40, 0x01, 0x90,
  0x48, 0x3f, 0x00, 0x90, 0x4e, 0x3f, 0x00, 0x90, 0x4b, 0x3f, 0x00, 0x90, 0x54, 0x4c, 0x81, 0x6e, 0x80, 0x54, 0x40,
  0x00, 0x80, 0x48, 0x40, 0x00, 0x80, 0x4e, 0x40, 0x00, 0x80, 0x4b, 0x40, 0x02, 0x90, 0x48, 0x41, 0x00, 0x90, 0x4e,
  0x4e, 0x00, 0x90, 0x4b, 0x41, 0x00, 0x90, 0x54, 0x4e, 0x77, 0x80, 0x4b, 0x40, 0x00, 0x80, 0x4e, 0x40, 0x01, 0x90,
  0x4b, 0x41, 0x00, 0x90, 0x51, 0x4e, 0x76, 0x80, 0x48, 0x40, 0x00, 0x80, 0x54, 0x40, 0x01, 0x80, 0x4b, 0x40, 0x00,
  0x80, 0x51, 0x40, 0x01, 0x90, 0x48, 0x42, 0x00, 0x90, 0x51, 0x42, 0x00, 0x90, 0x54, 0x4f, 0x00, 0x90, 0x4b, 0x42,
  0x77, 0x80, 0x4b, 0x40, 0x00, 0x80, 0x48, 0x40, 0x00, 0x80, 0x51, 0x40, 0x00, 0x80, 0x54, 0x40, 0x01, 0x90, 0x49,
  0x42, 0x00, 0x90, 0x55, 0x4f, 0x00, 0x90, 0x50, 0x42, 0x77, 0x80, 0x50, 0x40, 0x00, 0x80, 0x55, 0x40, 0x00, 0x80,
  0x49, 0x40, 0x01, 0x90, 0x50, 0x43, 0x00, 0x90, 0x49, 0x43, 0x00, 0x90, 0x55, 0x50, 0x81, 0x6e, 0x80, 0x55, 0x40,
  0x00, 0x80, 0x49, 0x40, 0x00, 0x80, 0x50, 0x40, 0x02, 0x90, 0x49, 0x44, 0x00, 0x90, 0x55, 0x52, 0x00, 0x90, 0x50,
  0x52, 0x77, 0x80, 0x50, 0x40, 0x00, 0x80, 0x49, 0x40, 0x01, 0x90, 0x4e, 0x52, 0x00, 0x90, 0x49, 0x45, 0x76, 0x80,
  0x55, 0x40, 0x01, 0x80, 0x49, 0x40, 0x00, 0x80, 0x4e, 0x40, 0x01, 0x90, 0x4e, 0x45, 0x00, 0x90, 0x49, 0x45, 0x00,
  0x90, 0x55, 0x53, 0x77, 0x80, 0x4e, 0x40, 0x01, 0x90, 0x4d, 0x43, 0x76, 0x80, 0x55, 0x40, 0x00, 0x80, 0x49, 0x40,
  0x02, 0x80, 0x4d, 0x40, 0x00, 0x90, 0x54, 0x41, 0x00, 0x90, 0x48, 0x3c, 0x78, 0x80, 0x48, 0x40, 0x00, 0x80, 0x54,
  0x40, 0x00, 0x90, 0x57, 0x3b, 0x00, 0x90, 0x4b, 0x3b, 0x78, 0x80, 0x4b, 0x40, 0x00, 0x80, 0x57, 0x40, 0x00, 0x90,
  0x55, 0x3b, 0x00, 0x90, 0x49, 0x3b, 0x78, 0x80, 0x49, 0x40, 0x00, 0x80, 0x55, 0x40, 0x00, 0x90, 0x54, 0x3a, 0x00,
  0x90, 0x48, 0x3a, 0x78, 0x80, 0x48, 0x40, 0x00, 0x80, 0x54, 0x40, 0x00, 0x90, 0x49, 0x39, 0x00, 0x90, 0x55, 0x39,
  0x78, 0x80, 0x55, 0x40, 0x00, 0x80, 0x49, 0x40, 0x00, 0x90, 0x4c, 0x38, 0x00, 0x90, 0x58, 0x38, 0x81, 0x70, 0x80,
  0x58, 0x40, 0x00, 0x80, 0x4c, 0x40, 0x00, 0x90, 0x4b, 0x37, 0x00, 0x90, 0x57, 0x37, 0x84, 0x58, 0x80, 0x57, 0x40,
  0x00, 0x80, 0x4b, 0x40, 0x00, 0x90, 0x54, 0x37, 0x00, 0x90, 0x48, 0x2e, 0x78, 0x80, 0x48, 0x40, 0x00, 0x80, 0x54,
  0x40, 0x00, 0x90, 0x57, 0x3f, 0x00, 0x90, 0x4b, 0x35, 0x78, 0x80, 0x4b, 0x40, 0x00, 0x80, 0x57, 0x40, 0x00, 0x90,
  0x55, 0x37, 0x00, 0x90, 0x49, 0x2e, 0x78, 0x80, 0x49, 0x40, 0x00, 0x80, 0x55, 0x40, 0x00, 0x90, 0x54, 0x3c, 0x00,
  0x90, 0x48, 0x33, 0x78, 0x80, 0x48, 0x40, 0x00, 0x80, 0x54, 0x40, 0x00, 0x90, 0x49, 0x2d, 0x00, 0x90, 0x55, 0x35,
  0x78, 0x80, 0x55, 0x40, 0x00, 0x80, 0x49, 0x40, 0x00, 0x90, 0x4b, 0x32, 0x00, 0x90, 0x57, 0x3b, 0x81, 0x70, 0x80,
  0x57, 0x40, 0x00, 0x80, 0x4b, 0x40, 0x00, 0x90, 0x55, 0x37, 0x00, 0x90, 0x49, 0x2e, 0x84, 0x58, 0x80, 0x49, 0x40,
  0x00, 0x80, 0x55, 0x40, 0x00, 0x90, 0x46, 0x2f, 0x00, 0x90, 0x52, 0x38, 0x78, 0x80, 0x52, 0x40, 0x00, 0x80, 0x46,
  0x40, 0x00, 0x90, 0x49, 0x38, 0x00, 0x90, 0x55, 0x42, 0x78, 0x80, 0x55, 0x40, 0x00, 0x80, 0x49, 0x40, 0x00, 0x90,
  0x47, 0x32, 0x00, 0x90, 0x53, 0x3b, 0x78, 0x80, 0x53, 0x40, 0x00, 0x80, 0x47, 0x40, 0x00, 0x90, 0x46, 0x38, 0x00,
  0x90, 0x52, 0x43, 0x78, 0x80, 0x52, 0x40, 0x00, 0x80, 0x46, 0x40, 0x00, 0x90, 0x53, 0x3c, 0x00, 0x90, 0x47, 0x33,
  0x77, 0x80, 0x47, 0x40, 0x00, 0x80, 0x53, 0x40, 0x01, 0x90, 0x47, 0x38, 0x00, 0x90, 0x53, 0x43, 0x78, 0x80, 0x53,
  0x40, 0x00, 0x80, 0x47, 0x40, 0x00, 0x90, 0x44, 0x33, 0x00, 0x90, 0x50, 0x3d, 0x78, 0x80, 0x50, 0x40, 0x00, 0x80,
  0x44, 0x40, 0x00, 0x90, 0x47, 0x39, 0x00, 0x90, 0x53, 0x44, 0x78, 0x80, 0x53, 0x40, 0x00, 0x80, 0x47, 0x40, 0x00,
  0x90, 0x46, 0x34, 0x00, 0x90, 0x52, 0x3e, 0x78, 0x80, 0x52, 0x40, 0x00, 0x80, 0x46, 0x40, 0x00, 0x90, 0x44, 0x38,
  0x00, 0x90, 0x50, 0x43, 0x78, 0x80, 0x50, 0x40, 0x00, 0x80, 0x44, 0x40, 0x00, 0x90, 0x45, 0x34, 0x00, 0x90, 0x51,
  0x3e, 0x75, 0x80, 0x51, 0x40, 0x00, 0x80, 0x45, 0x40, 0x03, 0x90, 0x45, 0x3e, 0x00, 0x90, 0x51, 0x4a, 0x81, 0x70,
  0x80, 0x51, 0x40, 0x00, 0x80, 0x45, 0x40, 0x00, 0x90, 0x50, 0x45, 0x00, 0x90, 0x49, 0x3a, 0x00, 0x90, 0x44, 0x3a,
  0x81, 0x70, 0x80, 0x44, 0x40, 0x00, 0x80, 0x49, 0x40, 0x00, 0x80, 0x50, 0x40, 0x00, 0x90, 0x49, 0x3f, 0x00, 0x90,
  0x4e, 0x4b, 0x81, 0x70, 0x80, 0x4e, 0x40, 0x00, 0x90, 0x53, 0x4e, 0x78, 0x80, 0x49, 0x40, 0x00, 0x90, 0x49, 0x43,
  0x78, 0x80, 0x49, 0x40, 0x00, 0x80, 0x53, 0x40, 0x00, 0x90, 0x50, 0x43, 0x00, 0x90, 0x52, 0x4f, 0x78, 0x80, 0x50,
  0x40, 0x00, 0x90, 0x4e, 0x43, 0x78, 0x80, 0x4e, 0x40, 0x00, 0x80, 0x52, 0x40, 0x00, 0x90, 0x4d, 0x45, 0x00, 0x90,
  0x57, 0x52, 0x78, 0x80, 0x4d, 0x40, 0x00, 0x90, 0x4e, 0x46, 0x78, 0x80, 0x4e, 0x40, 0x00, 0x90, 0x4b, 0x49, 0x00,
  0x90, 0x4e, 0x57, 0x81, 0x70, 0x80, 0x4e, 0x40, 0x00, 0x80, 0x4b, 0x40, 0x00, 0x80, 0x57, 0x40, 0x00, 0x90, 0x4e,
  0x44, 0x00, 0x90, 0x55, 0x50, 0x00, 0x90, 0x49, 0x44, 0x81, 0x70, 0x80, 0x49, 0x40, 0x00, 0x80, 0x55, 0x40, 0x00,
  0x80, 0x4e, 0x40, 0x00, 0x90, 0x5a, 0x5e, 0x00, 0x90, 0x4e, 0x4f, 0x83, 0x60, 0x80, 0x4e, 0x40, 0x00, 0x80, 0x5a,
  0x40, 0x00, 0x90, 0x59, 0x5a, 0x00, 0x90, 0x4d, 0x4c, 0x81, 0x70, 0x80, 0x4d, 0x40, 0x00, 0x80, 0x59, 0x40, 0x00,
  0x90, 0x5f, 0x5d, 0x00, 0x90, 0x53, 0x53, 0x00, 0x90, 0x59, 0x53, 0x00, 0x90, 0x5c, 0x53, 0x84, 0x58, 0x80, 0x5c,
  0x40, 0x00, 0x80, 0x5f, 0x40, 0x00, 0x80, 0x53, 0x40, 0x00, 0x80, 0x59, 0x40, 0x00, 0x90, 0x47, 0x24, 0x78, 0x80,
  0x47, 0x40, 0x00, 0x90, 0x44, 0x28, 0x78, 0x80, 0x44, 0x40, 0x00, 0x90, 0x4a, 0x24, 0x78, 0x80, 0x4a, 0x40, 0x00,
  0x90, 0x48, 0x28, 0x78, 0x80, 0x48, 0x40, 0x00, 0x90, 0x49, 0x24, 0x78, 0x80, 0x49, 0x40, 0x00, 0x90, 0x44, 0x28,
  0x78, 0x80, 0x44, 0x40, 0x00, 0x90, 0x4b, 0x24, 0x78, 0x80, 0x4b, 0x40, 0x00, 0x90, 0x49, 0x28, 0x78, 0x80, 0x49,
  0x40, 0x00, 0x90, 0x47, 0x23, 0x78, 0x80, 0x47, 0x40, 0x00, 0x90, 0x46, 0x31, 0x81, 0x70, 0x80, 0x46, 0x40, 0x81,
  0x70, 0x90, 0x2a, 0x3a, 0x85, 0x50, 0x80, 0x2a, 0x40, 0x00, 0x90, 0x2a, 0x34, 0x78, 0x80, 0x2a, 0x40, 0x00, 0x90,
  0x25, 0x2e, 0x76, 0x80, 0x25, 0x40, 0x02, 0x90, 0x25, 0x34, 0x85, 0x4e, 0x80, 0x25, 0x40, 0x02, 0x90, 0x25, 0x34,
  0x83, 0x5e, 0x80, 0x25, 0x40, 0x02, 0x90, 0x25, 0x34, 0x81, 0x6e, 0x80, 0x25, 0x40, 0x02, 0x90, 0x22, 0x34, 0x81,
  0x70, 0x80, 0x22, 0x40, 0x81, 0x70, 0x90, 0x5a, 0x3d, 0x00, 0x90, 0x4e, 0x35, 0x85, 0x4d, 0x80, 0x4e, 0x40, 0x00,
  0x80, 0x5a, 0x40, 0x03, 0x90, 0x5a, 0x37, 0x00, 0x90, 0x4e, 0x30, 0x77, 0x80, 0x4e, 0x40, 0x00, 0x80, 0x5a, 0x40,
  0x01, 0x90, 0x55, 0x30, 0x00, 0x90, 0x49, 0x2a, 0x77, 0x80, 0x49, 0x40, 0x00, 0x80, 0x55, 0x40, 0x01, 0x90, 0x55,
  0x37, 0x00, 0x90, 0x49, 0x30, 0x85, 0x49, 0x80, 0x49, 0x40, 0x00, 0x80, 0x55, 0x40, 0x07, 0x90, 0x55, 0x37, 0x00,
  0x90, 0x49, 0x30, 0x83, 0x5b, 0x80, 0x49, 0x40, 0x00, 0x80, 0x55, 0x40, 0x05, 0x90, 0x55, 0x37, 0x00, 0x90, 0x49,
  0x30, 0x81, 0x6e, 0x80, 0x49, 0x40, 0x00, 0x80, 0x55, 0x40, 0x02, 0x90, 0x52, 0x35, 0x00, 0x90, 0x46, 0x2d, 0x81,
  0x70, 0x80, 0x46, 0x40, 0x00, 0x80, 0x52, 0x40, 0x81, 0x70, 0x90, 0x2a, 0x3a, 0x83, 0x5b, 0x80, 0x2a, 0x40, 0x05,
  0x90, 0x2a, 0x3a, 0x81, 0x6e, 0x80, 0x2a, 0x40, 0x02, 0x90, 0x2a, 0x38, 0x50, 0x80, 0x2a, 0x40, 0x00, 0x90, 0x29,
  0x32, 0x50, 0x80, 0x29, 0x40, 0x00, 0x90, 0x2a, 0x32, 0x3c, 0x80, 0x2a, 0x40, 0x14, 0x90, 0x25, 0x34, 0x83, 0x5b,
  0x80, 0x25, 0x40, 0x05, 0x90, 0x25, 0x34, 0x83, 0x5b, 0x80, 0x25, 0x40, 0x05, 0x90, 0x25, 0x34, 0x83, 0x5b, 0x80,
  0x25, 0x40, 0x05, 0x90, 0x22, 0x34, 0x81, 0x70, 0x80, 0x22, 0x40, 0x81, 0x70, 0x90, 0x5a, 0x43, 0x00, 0x90, 0x4e,
  0x3b, 0x85, 0x49, 0x80, 0x4e, 0x40, 0x00, 0x80, 0x5a, 0x40, 0x07, 0x90, 0x5a, 0x41, 0x00, 0x90, 0x4e, 0x39, 0x50,
  0x90, 0x4d, 0x33, 0x00, 0x90, 0x59, 0x3a, 0x01, 0x80, 0x4e, 0x40, 0x00, 0x80, 0x5a, 0x40, 0x4f, 0x80, 0x4d, 0x40,
  0x00, 0x80, 0x59, 0x40, 0x00, 0x90, 0x4e, 0x33, 0x00, 0x90, 0x5a, 0x3a, 0x3c, 0x80, 0x5a, 0x40, 0x14, 0x80, 0x4e,
  0x40, 0x00, 0x90, 0x55, 0x43, 0x00, 0x90, 0x49, 0x3b, 0x83, 0x5b, 0x80, 0x49, 0x40, 0x00, 0x80, 0x55, 0x40, 0x05,
  0x90, 0x49, 0x3e, 0x00, 0x90, 0x55, 0x46, 0x83, 0x5b, 0x80, 0x55, 0x40, 0x00, 0x80, 0x49, 0x40, 0x05, 0x90, 0x49,
  0x3f, 0x00, 0x90, 0x55, 0x48, 0x83, 0x10, 0x80, 0x55, 0x40, 0x00, 0x80, 0x49, 0x40, 0x00, 0x90, 0x47, 0x2d, 0x00,
  0x90, 0x53, 0x32, 0x50, 0x80, 0x53, 0x40, 0x00, 0x80, 0x47, 0x40, 0x00, 0x90, 0x46, 0x32, 0x00, 0x90, 0x52, 0x32,
  0x81, 0x70, 0x80, 0x52, 0x40, 0x00, 0x80, 0x46, 0x40, 0x00, 0x90, 0x46, 0x28, 0x00, 0x90, 0x52, 0x37, 0x50, 0x80,
  0x46, 0x40, 0x00, 0x90, 0x50, 0x28, 0x50, 0x80, 0x50, 0x40, 0x00, 0x90, 0x4e, 0x28, 0x50, 0x80, 0x4e, 0x40, 0x00,
  0x90, 0x4d, 0x32, 0x50, 0x80, 0x4d, 0x40, 0x00, 0x90, 0x4b, 0x29, 0x50, 0x80, 0x4b, 0x40, 0x00, 0x90, 0x49, 0x2b,
  0x50, 0x80, 0x49, 0x40, 0x00, 0x80, 0x52, 0x40, 0x00, 0x90, 0x47, 0x32, 0x00, 0x90, 0x53, 0x37, 0x50, 0x80, 0x47,
  0x40, 0x00, 0x90, 0x49, 0x2a, 0x50, 0x80, 0x49, 0x40, 0x00, 0x90, 0x46, 0x2a, 0x50, 0x80, 0x46, 0x40, 0x00, 0x90,
  0x47, 0x32, 0x50, 0x80, 0x47, 0x40, 0x00, 0x90, 0x49, 0x28, 0x50, 0x80, 0x49, 0x40, 0x00, 0x90, 0x4b, 0x28, 0x50,
  0x80, 0x4b, 0x40, 0x00, 0x90, 0x4d, 0x32, 0x50, 0x80, 0x4d, 0x40, 0x00, 0x90, 0x4e, 0x29, 0x50, 0x80, 0x4e, 0x40,
  0x00, 0x90, 0x50, 0x29, 0x50, 0x80, 0x50, 0x40, 0x00, 0x80, 0x53, 0x40, 0x00, 0x90, 0x49, 0x32, 0x00, 0x90, 0x55,
  0x37, 0x81, 0x70, 0x80, 0x55, 0x40, 0x00, 0x80, 0x49, 0x40, 0x00, 0x90, 0x52, 0x2a, 0x00, 0x90, 0x55, 0x39, 0x50,
  0x80, 0x52, 0x40, 0x00, 0x90, 0x50, 0x2a, 0x50, 0x80, 0x50, 0x40, 0x00, 0x90, 0x4e, 0x2b, 0x50, 0x80, 0x4e, 0x40,
  0x00, 0x90, 0x4c, 0x37, 0x50, 0x80, 0x4c, 0x40, 0x00, 0x90, 0x4b, 0x2d, 0x50, 0x80, 0x4b, 0x40, 0x00, 0x90, 0x49,
  0x30, 0x50, 0x80, 0x55, 0x40, 0x00, 0x90, 0x57, 0x43, 0x50, 0x80, 0x49, 0x40, 0x00, 0x90, 0x4b, 0x30, 0x50, 0x80,
  0x4b, 0x40, 0x00, 0x90, 0x4c, 0x31, 0x50, 0x80, 0x4c, 0x40, 0x00, 0x90, 0x4b, 0x3c, 0x50, 0x80, 0x4b, 0x40, 0x00,
  0x90, 0x4d, 0x30, 0x50, 0x80, 0x4d, 0x40, 0x00, 0x90, 0x4e, 0x31, 0x50, 0x80, 0x4e, 0x40, 0x00, 0x90, 0x50, 0x3e,
  0x50, 0x80, 0x50, 0x40, 0x00, 0x90, 0x52, 0x33, 0x50, 0x80, 0x52, 0x40, 0x00, 0x90, 0x53, 0x34, 0x50, 0x80, 0x57,
  0x40, 0x00, 0x90, 0x59, 0x47, 0x50, 0x80, 0x53, 0x40, 0x00, 0x90, 0x53, 0x35, 0x50, 0x80, 0x53, 0x40, 0x00, 0x90,
  0x52, 0x36, 0x50, 0x80, 0x52, 0x40, 0x00, 0x80, 0x59, 0x40, 0x00, 0x90, 0x50, 0x36, 0x50, 0x80, 0x50, 0x40, 0x00,
  0x90, 0x4e, 0x36, 0x50, 0x80, 0x4e, 0x40, 0x00, 0x90, 0x4d, 0x37, 0x50, 0x80, 0x4d, 0x40, 0x00, 0x90, 0x5a, 0x4d,
  0x00, 0x90, 0x4e, 0x46, 0x50, 0x80, 0x4e, 0x40, 0x00, 0x90, 0x50, 0x39, 0x50, 0x80, 0x50, 0x40, 0x00, 0x90, 0x52,
  0x3d, 0x50, 0x80, 0x52, 0x40, 0x00, 0x80, 0x5a, 0x40, 0x00, 0x90, 0x50, 0x48, 0x00, 0x90, 0x5c, 0x54, 0x50, 0x80,
  0x50, 0x40, 0x00, 0x90, 0x53, 0x3d, 0x50, 0x80, 0x53, 0x40, 0x00, 0x90, 0x52, 0x3e, 0x50, 0x80, 0x52, 0x40, 0x00,
  0x90, 0x50, 0x4b, 0x50, 0x80, 0x50, 0x40, 0x00, 0x90, 0x52, 0x3c, 0x50, 0x80, 0x52, 0x40, 0x00, 0x90, 0x53, 0x3d,
  0x50, 0x80, 0x53, 0x40, 0x00, 0x80, 0x5c, 0x40, 0x00, 0x90, 0x5e, 0x5b, 0x00, 0x90, 0x52, 0x4d, 0x50, 0x80, 0x52,
  0x40, 0x00, 0x90, 0x53, 0x3f, 0x50, 0x80, 0x53, 0x40, 0x00, 0x90, 0x55, 0x40, 0x50, 0x80, 0x5e, 0x40, 0x00, 0x90,
  0x5f, 0x60, 0x50, 0x80, 0x55, 0x40, 0x00, 0x90, 0x52, 0x3d, 0x50, 0x80, 0x52, 0x40, 0x00, 0x90, 0x53, 0x3e, 0x50,
  0x80, 0x53, 0x40, 0x00, 0x80, 0x5f, 0x40, 0x00, 0x90, 0x55, 0x4a, 0x00, 0x90, 0x4f, 0x3f, 0x50, 0x80, 0x4f, 0x40,
  0x00, 0x90, 0x4e, 0x33, 0x50, 0x80, 0x4e, 0x40, 0x00, 0x90, 0x4c, 0x33, 0x50, 0x80, 0x4c, 0x40, 0x00, 0x80, 0x55,
  0x40, 0x00, 0x90, 0x57, 0x46, 0x00, 0x90, 0x4b, 0x41, 0x50, 0x80, 0x4b, 0x40, 0x00, 0x90, 0x4c, 0x35, 0x50, 0x80,
  0x4c, 0x40, 0x00, 0x90, 0x4e, 0x36, 0x50, 0x80, 0x57, 0x40, 0x00, 0x90, 0x51, 0x46, 0x50, 0x80, 0x4e, 0x40, 0x00,
  0x90, 0x4d, 0x30, 0x50, 0x80, 0x4d, 0x40, 0x00, 0x90, 0x4b, 0x2f, 0x50, 0x80, 0x4b, 0x40, 0x00, 0x90, 0x48, 0x34,
  0x50, 0x80, 0x48, 0x40, 0x00, 0x90, 0x49, 0x2e, 0x50, 0x80, 0x49, 0x40, 0x00, 0x90, 0x4b, 0x2d, 0x50, 0x80, 0x4b,
  0x40, 0x00, 0x80, 0x51, 0x40, 0x00, 0x90, 0x4d, 0x2f, 0x00, 0x90, 0x50, 0x3a, 0x50, 0x80, 0x4d, 0x40, 0x00, 0x90,
  0x4a, 0x2c, 0x50, 0x80, 0x4a, 0x40, 0x00, 0x90, 0x49, 0x2b, 0x50, 0x80, 0x49, 0x40, 0x00, 0x80, 0x50, 0x40, 0x00,
  0x90, 0x4c, 0x33, 0x00, 0x90, 0x4f, 0x33, 0x00, 0x90, 0x55, 0x3d, 0x83, 0x60, 0x80, 0x4c, 0x40, 0x00, 0x90, 0x4b,
  0x33, 0x81, 0x70, 0x80, 0x4b, 0x40, 0x00, 0x80, 0x55, 0x40, 0x00, 0x80, 0x4f, 0x40, 0x00, 0x90, 0x57, 0x34, 0x00,
  0x90, 0x52, 0x2c, 0x00, 0x90, 0x4b, 0x2c, 0x83, 0x60, 0x80, 0x4b, 0x40, 0x00, 0x80, 0x52, 0x40, 0x00, 0x80, 0x57,
  0x40, 0x00, 0x90, 0x49, 0x2b, 0x00, 0x90, 0x4b, 0x2b, 0x00, 0x90, 0x52, 0x33, 0x81, 0x70, 0x80, 0x52, 0x40, 0x00,
  0x80, 0x4b, 0x40, 0x00, 0x80, 0x49, 0x40, 0x00, 0x90, 0x49, 0x33, 0x00, 0x90, 0x55, 0x3d, 0x78, 0x80, 0x55, 0x40,
  0x00, 0x80, 0x49, 0x40, 0x00, 0x90, 0x46, 0x30, 0x00, 0x90, 0x52, 0x39, 0x78, 0x80, 0x52, 0x40, 0x00, 0x80, 0x46,
  0x40, 0x00, 0x90, 0x53, 0x4a, 0x00, 0x90, 0x47, 0x3e, 0x78, 0x80, 0x47, 0x40, 0x00, 0x80, 0x53, 0x40, 0x00, 0x90,
  0x4b, 0x3c, 0x00, 0x90, 0x57, 0x47, 0x78, 0x80, 0x57, 0x40, 0x00, 0x80, 0x4b, 0x40, 0x00, 0x90, 0x5e, 0x4f, 0x00,
  0x90, 0x52, 0x43, 0x78, 0x80, 0x52, 0x40, 0x00, 0x80, 0x5e, 0x40, 0x00, 0x90, 0x5c, 0x49, 0x00, 0x90, 0x50, 0x3e,
  0x81, 0x70, 0x80, 0x50, 0x40, 0x00, 0x80, 0x5c, 0x40, 0x00, 0x90, 0x5a, 0x48, 0x00, 0x90, 0x4e, 0x3d, 0x81, 0x70,
  0x80, 0x4e, 0x40, 0x00, 0x80, 0x5a, 0x40, 0x00, 0x90, 0x42, 0x38, 0x00, 0x90, 0x46, 0x38, 0x00, 0x90, 0x4e, 0x43,
  0x78, 0x80, 0x4e, 0x40, 0x00, 0x80, 0x46, 0x40, 0x00, 0x80, 0x42, 0x40, 0x00, 0x90, 0x41, 0x3a, 0x00, 0x90, 0x4d,
  0x45, 0x00, 0x90, 0x44, 0x3a, 0x78, 0x80, 0x44, 0x40, 0x00, 0x80, 0x4d, 0x40, 0x00, 0x80, 0x41, 0x40, 0x00, 0x90,
  0x49, 0x40, 0x00, 0x90, 0x40, 0x40, 0x00, 0x90, 0x4c, 0x4c, 0x00, 0x90, 0x43, 0x40, 0x78, 0x80, 0x43, 0x40, 0x00,
  0x80, 0x49, 0x40, 0x00, 0x80, 0x40, 0x40, 0x00, 0x80, 0x4c, 0x40, 0x00, 0x90, 0x40, 0x2e, 0x00, 0x90, 0x43, 0x2e,
  0x00, 0x90, 0x49, 0x2e, 0x00, 0x90, 0x4c, 0x37, 0x83, 0x60, 0x80, 0x4c, 0x40, 0x00, 0x80, 0x40, 0x40, 0x00, 0x80,
  0x43, 0x40, 0x00, 0x80, 0x49, 0x40, 0x00, 0x90, 0x49, 0x28, 0x00, 0x90, 0x4c, 0x33, 0x3c, 0x80, 0x49, 0x40, 0x00,
  0x90, 0x43, 0x28, 0x3c, 0x80, 0x43, 0x40, 0x00, 0x80, 0x4c, 0x40, 0x00, 0x90, 0x4b, 0x28, 0x00, 0x90, 0x47, 0x28,
  0x3c, 0x80, 0x47, 0x40, 0x00, 0x90, 0x42, 0x28, 0x3c, 0x80, 0x42, 0x40, 0x00, 0x80, 0x4b, 0x40, 0x00, 0x90, 0x3e,
  0x1d, 0x00, 0x90, 0x42, 0x1d, 0x00, 0x90, 0x46, 0x1d, 0x00, 0x90, 0x4a, 0x22, 0x83, 0x60, 0x80, 0x4a, 0x40, 0x00,
  0x80, 0x3e, 0x40, 0x00, 0x80, 0x42, 0x40, 0x00, 0x80, 0x46, 0x40, 0x81, 0x70, 0x90, 0x42, 0x33, 0x00, 0x90, 0x46,
  0x33, 0x00, 0x90, 0x49, 0x3d, 0x00, 0x90, 0x3d, 0x33, 0x83, 0x60, 0x80, 0x3d, 0x40, 0x00, 0x80, 0x42, 0x40, 0x00,
  0x80, 0x46, 0x40, 0x00, 0x90, 0x46, 0x28, 0x3c, 0x80, 0x46, 0x40, 0x00, 0x90, 0x42, 0x28, 0x3c, 0x80, 0x42, 0x40,
  0x00, 0x80, 0x49, 0x40, 0x00, 0x90, 0x45, 0x28, 0x00, 0x90, 0x48, 0x28, 0x3c, 0x80, 0x45, 0x40, 0x00, 0x90, 0x42,
  0x28, 0x3c, 0x80, 0x42, 0x40, 0x00, 0x80, 0x48, 0x40, 0x00, 0x90, 0x41, 0x28, 0x00, 0x90, 0x47, 0x30, 0x00, 0x90,
  0x44, 0x28, 0x00, 0x90, 0x3e, 0x28, 0x81, 0x70, 0x80, 0x3e, 0x40, 0x00, 0x80, 0x41, 0x40, 0x00, 0x80, 0x47, 0x40,
  0x00, 0x80, 0x44, 0x40, 0x89, 0x30, 0x90, 0x43, 0x26, 0x00, 0x90, 0x46, 0x2d, 0x83, 0x5b, 0x80, 0x46, 0x40, 0x00,
  0x80, 0x43, 0x40, 0x05, 0x90, 0x43, 0x24, 0x00, 0x90, 0x46, 0x24, 0x00, 0x90, 0x4b, 0x2a, 0x81, 0x70, 0x80, 0x4b,
  0x40, 0x00, 0x80, 0x46, 0x40, 0x00, 0x80, 0x43, 0x40, 0x00, 0x90, 0x43, 0x26, 0x00, 0x90, 0x3f, 0x26, 0x00, 0x90,
  0x46, 0x26, 0x00, 0x90, 0x4b, 0x2d, 0x83, 0x60, 0x80, 0x4b, 0x40, 0x00, 0x80, 0x43, 0x40, 0x00, 0x80, 0x3f, 0x40,
  0x00, 0x80, 0x46, 0x40, 0x00, 0x90, 0x3f, 0x24, 0x00, 0x90, 0x4b, 0x2c, 0x00, 0x90, 0x43, 0x24, 0x81, 0x70, 0x80,
  0x43, 0x40, 0x00, 0x80, 0x4b, 0x40, 0x00, 0x80, 0x3f, 0x40, 0x00, 0x90, 0x3f, 0x26, 0x00, 0x90, 0x42, 0x26, 0x00,
  0x90, 0x4b, 0x2d, 0x81, 0x70, 0x80, 0x4b, 0x40, 0x00, 0x80, 0x42, 0x40, 0x00, 0x80, 0x3f, 0x40, 0x00, 0x90, 0x3d,
  0x23, 0x00, 0x90, 0x49, 0x29, 0x00, 0x90, 0x41, 0x23, 0x83, 0x60, 0x80, 0x41, 0x40, 0x00, 0x80, 0x49, 0x40, 0x00,
  0x80, 0x3d, 0x40, 0x00, 0x90, 0x3d, 0x23, 0x00, 0x90, 0x42, 0x23, 0x00, 0x90, 0x46, 0x23, 0x00, 0x90, 0x49, 0x29,
  0x83, 0x60, 0x80, 0x49, 0x40, 0x00, 0x80, 0x3d, 0x40, 0x00, 0x80, 0x42, 0x40, 0x00, 0x80, 0x46, 0x40, 0x00, 0x90,
  0x46, 0x21, 0x81, 0x70, 0x80, 0x46, 0x40, 0x00, 0x90, 0x3d, 0x2a, 0x83, 0x60, 0x80, 0x3d, 0x40, 0x00, 0x90, 0x49,
  0x24, 0x81, 0x70, 0x80, 0x49, 0x40, 0x00, 0x90, 0x46, 0x28, 0x83, 0x60, 0x80, 0x46, 0x40, 0x00, 0x90, 0x52, 0x3b,
  0x00, 0x90, 0x49, 0x31, 0x00, 0x90, 0x46, 0x31, 0x81, 0x70, 0x80, 0x46, 0x40, 0x00, 0x80, 0x49, 0x40, 0x00, 0x80,
  0x52, 0x40, 0x00, 0x90, 0x44, 0x35, 0x00, 0x90, 0x50, 0x3f, 0x00, 0x90, 0x47, 0x35, 0x83, 0x60, 0x80, 0x47, 0x40,
  0x00, 0x80, 0x50, 0x40, 0x00, 0x80, 0x44, 0x40, 0x00, 0x90, 0x49, 0x33, 0x00, 0x90, 0x47, 0x2b, 0x00, 0x90, 0x44,
  0x2b, 0x00, 0x90, 0x3d, 0x2b, 0x81, 0x70, 0x80, 0x3d, 0x40, 0x00, 0x80, 0x49, 0x40, 0x00, 0x80, 0x47, 0x40, 0x00,
  0x80, 0x44, 0x40, 0x00, 0x90, 0x49, 0x36, 0x00, 0x90, 0x3d, 0x2d, 0x00, 0x90, 0x46, 0x2d, 0x83, 0x60, 0x80, 0x46,
  0x40, 0x00, 0x80, 0x3d, 0x40, 0x00, 0x80, 0x49, 0x40, 0x00, 0x90, 0x52, 0x33, 0x81, 0x70, 0x80, 0x52, 0x40, 0x00,
  0x90, 0x49, 0x32, 0x83, 0x60, 0x80, 0x49, 0x40, 0x00, 0x90, 0x55, 0x3a, 0x00, 0x90, 0x49, 0x31, 0x81, 0x70, 0x80,
  0x49, 0x40, 0x00, 0x80, 0x55, 0x40, 0x00, 0x90, 0x46, 0x36, 0x00, 0x90, 0x52, 0x40, 0x83, 0x60, 0x80, 0x52, 0x40,
  0x00, 0x80, 0x46, 0x40, 0x00, 0x90, 0x49, 0x34, 0x00, 0x90, 0x55, 0x3e, 0x83, 0x60, 0x80, 0x55, 0x40, 0x00, 0x80,
  0x49, 0x40, 0x00, 0x90, 0x55, 0x38, 0x00, 0x90, 0x4b, 0x38, 0x00, 0x90, 0x57, 0x43, 0x78, 0x80, 0x55, 0x40, 0x00,
  0x90, 0x53, 0x3d, 0x78, 0x80, 0x53, 0x40, 0x00, 0x80, 0x57, 0x40, 0x00, 0x80, 0x4b, 0x40, 0x00, 0x90, 0x52, 0x43,
  0x00, 0x90, 0x59, 0x43, 0x00, 0x90, 0x4d, 0x38, 0x78, 0x80, 0x52, 0x40, 0x00, 0x90, 0x53, 0x3c, 0x78, 0x80, 0x53,
  0x40, 0x00, 0x80, 0x4d, 0x40, 0x00, 0x80, 0x59, 0x40, 0x00, 0x90, 0x52, 0x38, 0x00, 0x90, 0x5a, 0x43, 0x00, 0x90,
  0x4e, 0x38, 0x85, 0x50, 0x80, 0x4e, 0x40, 0x00, 0x80, 0x5a, 0x40, 0x00, 0x80, 0x52, 0x40, 0x00, 0x90, 0x50, 0x30,
  0x00, 0x90, 0x59, 0x30, 0x00, 0x90, 0x5c, 0x39, 0x83, 0x60, 0x90, 0x55, 0x34, 0x81, 0x70, 0x80, 0x55, 0x40, 0x00,
  0x80, 0x50, 0x40, 0x00, 0x80, 0x59, 0x40, 0x00, 0x80, 0x5c, 0x40, 0x00, 0x90, 0x5e, 0x2b, 0x00, 0x90, 0x5a, 0x24,
  0x00, 0x90, 0x55, 0x24, 0x00, 0x90, 0x52, 0x24, 0x83, 0x60, 0x80, 0x52, 0x40, 0x00, 0x80, 0x5e, 0x40, 0x00, 0x80,
  0x5a, 0x40, 0x00, 0x80, 0x55, 0x40, 0x00, 0x90, 0x46, 0x24, 0x00, 0x90, 0x49, 0x24, 0x00, 0x90, 0x52, 0x2b, 0x81,
  0x6e, 0x80, 0x52, 0x40, 0x00, 0x80, 0x49, 0x40, 0x00, 0x80, 0x46, 0x40, 0x02, 0x90, 0x55, 0x3c, 0x00, 0x90, 0x52,
  0x33, 0x00, 0x90, 0x49, 0x33, 0x82, 0x68, 0x80, 0x49, 0x40, 0x00, 0x80, 0x52, 0x40, 0x00, 0x80, 0x55, 0x40, 0x00,
  0x90, 0x56, 0x43, 0x00, 0x90, 0x53, 0x39, 0x00, 0x90, 0x4a, 0x39, 0x78, 0x80, 0x4a, 0x40, 0x00, 0x80, 0x53, 0x40,
  0x00, 0x80, 0x56, 0x40, 0x00, 0x90, 0x58, 0x48, 0x00, 0x90, 0x55, 0x3c, 0x00, 0x90, 0x4c, 0x3c, 0x78, 0x80, 0x4c,
  0x40, 0x00, 0x80, 0x55, 0x40, 0x00, 0x80, 0x58, 0x40, 0x00, 0x90, 0x5a, 0x38, 0x00, 0x90, 0x56, 0x2f, 0x00, 0x90,
  0x4e, 0x2f, 0x77, 0x80, 0x4e, 0x40, 0x00, 0x80, 0x56, 0x40, 0x00, 0x80, 0x5a, 0x40, 0x01, 0x90, 0x5a, 0x33, 0x00,
  0x90, 0x4e, 0x2b, 0x83, 0x60, 0x80, 0x4e, 0x40, 0x00, 0x80, 0x5a, 0x40, 0x00, 0x90, 0x56, 0x28, 0x00, 0x90, 0x4a,
  0x22, 0x81, 0x6c, 0x80, 0x4a, 0x40, 0x00, 0x80, 0x56, 0x40, 0x04, 0x90, 0x56, 0x2e, 0x00, 0x90, 0x4a, 0x27, 0x81,
  0x70, 0x80, 0x4a, 0x40, 0x00, 0x80, 0x56, 0x40, 0x00, 0x90, 0x53, 0x2b, 0x00, 0x90, 0x47, 0x24, 0x81, 0x70, 0x80,
  0x47, 0x40, 0x00, 0x80, 0x53, 0x40, 0x00, 0x90, 0x49, 0x24, 0x00, 0x90, 0x55, 0x2b, 0x81, 0x70, 0x80, 0x55, 0x40,
  0x00, 0x80, 0x49, 0x40, 0x00, 0x90, 0x4a, 0x27, 0x00, 0x90, 0x56, 0x2f, 0x83, 0x60, 0x80, 0x56, 0x40, 0x00, 0x80,
  0x4a, 0x40, 0x87, 0x40, 0x90, 0x47, 0x27, 0x00, 0x90, 0x53, 0x2f, 0x85, 0x50, 0x80, 0x53, 0x40, 0x00, 0x80, 0x47,
  0x40, 0x00, 0x90, 0x4a, 0x27, 0x00, 0x90, 0x56, 0x2f, 0x85, 0x50, 0x80, 0x56, 0x40, 0x00, 0x80, 0x4a, 0x40, 0x00,
  0x90, 0x5b, 0x50, 0x00, 0x90, 0x4f, 0x43, 0x87, 0x40, 0x80, 0x4f, 0x40, 0x00, 0x80, 0x5b, 0x40, 0x00, 0x90, 0x47,
  0x2d, 0x00, 0x90, 0x4a, 0x36, 0x81, 0x70, 0x80, 0x4a, 0x40, 0x00, 0x80, 0x47, 0x40, 0x00, 0x90, 0x42, 0x2c, 0x00,
  0x90, 0x48, 0x34, 0x78, 0x80, 0x48, 0x40, 0x00, 0x80, 0x42, 0x40, 0x00, 0x90, 0x43, 0x28, 0x00, 0x90, 0x47, 0x2f,
  0x78, 0x80, 0x47, 0x40, 0x00, 0x80, 0x43, 0x40, 0x00, 0x90, 0x43, 0x2b, 0x00, 0x90, 0x47, 0x33, 0x81, 0x70, 0x80,
  0x47, 0x40, 0x00, 0x80, 0x43, 0x40, 0x81, 0x70, 0x90, 0x2b, 0x3a, 0x83, 0x5b, 0x80, 0x2b, 0x40, 0x05, 0x90, 0x2b,
  0x3a, 0x81, 0x6e, 0x80, 0x2b, 0x40, 0x02, 0x90, 0x2b, 0x38, 0x50, 0x80, 0x2b, 0x40, 0x00, 0x90, 0x2a, 0x32, 0x50,
  0x80, 0x2a, 0x40, 0x00, 0x90, 0x2b, 0x32, 0x3c, 0x80, 0x2b, 0x40, 0x14, 0x90, 0x26, 0x34, 0x83, 0x5b, 0x80, 0x26,
  0x40, 0x05, 0x90, 0x26, 0x34, 0x83, 0x5b, 0x80, 0x26, 0x40, 0x05, 0x90, 0x26, 0x34, 0x83, 0x60, 0x80, 0x26, 0x40,
  0x00, 0x90, 0x23, 0x30, 0x81, 0x70, 0x80, 0x23, 0x40, 0x81, 0x70, 0x90, 0x5b, 0x43, 0x00, 0x90, 0x4f, 0x3b, 0x83,
  0x5b, 0x80, 0x4f, 0x40, 0x00, 0x80, 0x5b, 0x40, 0x05, 0x90, 0x4f, 0x3b, 0x00, 0x90, 0x5b, 0x43, 0x81, 0x6e, 0x80,
  0x5b, 0x40, 0x00, 0x80, 0x4f, 0x40, 0x02, 0x90, 0x5b, 0x41, 0x00, 0x90, 0x4f, 0x39, 0x50, 0x90, 0x4e, 0x33, 0x00,
  0x90, 0x5a, 0x3a, 0x01, 0x80, 0x4f, 0x40, 0x00, 0x80, 0x5b, 0x40, 0x4f, 0x80, 0x4e, 0x40, 0x00, 0x80, 0x5a, 0x40,
  0x00, 0x90, 0x4f, 0x2e, 0x00, 0x90, 0x5b, 0x37, 0x3c, 0x80, 0x5b, 0x40, 0x14, 0x80, 0x4f, 0x40, 0x00, 0x90, 0x56,
  0x43, 0x00, 0x90, 0x4a, 0x3b, 0x83, 0x5b, 0x80, 0x4a, 0x40, 0x00, 0x80, 0x56, 0x40, 0x05, 0x90, 0x4a, 0x3e, 0x00,
  0x90, 0x56, 0x46, 0x83, 0x5b, 0x80, 0x56, 0x40, 0x00, 0x80, 0x4a, 0x40, 0x05, 0x90, 0x4a, 0x3f, 0x00, 0x90, 0x56,
  0x48, 0x83, 0x5b, 0x80, 0x56, 0x40, 0x00, 0x80, 0x4a, 0x40, 0x05, 0x90, 0x56, 0x49, 0x00, 0x90, 0x4a, 0x40, 0x83,
  0x5b, 0x80, 0x4a, 0x40, 0x00, 0x80, 0x56, 0x40, 0x05, 0x90, 0x4a, 0x47, 0x00, 0x90, 0x56, 0x50, 0x83, 0x5b, 0x80,
  0x56, 0x40, 0x00, 0x80, 0x4a, 0x40, 0x05, 0x90, 0x4a, 0x4b, 0x00, 0x90, 0x56, 0x54, 0x82, 0x40, 0x80, 0x56, 0x40,
  0x00, 0x80, 0x4a, 0x40, 0x00, 0x90, 0x49, 0x3f, 0x00, 0x90, 0x55, 0x48, 0x50, 0x80, 0x55, 0x40, 0x00, 0x80, 0x49,
  0x40, 0x00, 0x90, 0x4a, 0x40, 0x00, 0x90, 0x56, 0x49, 0x4e, 0x80, 0x56, 0x40, 0x00, 0x80, 0x4a, 0x40, 0x02, 0x90,
  0x4e, 0x4a, 0x00, 0x90, 0x56, 0x55, 0x00, 0x90, 0x4a, 0x4a, 0x83, 0x5b, 0x80, 0x4a, 0x40, 0x00, 0x80, 0x56, 0x40,
  0x00, 0x80, 0x4e, 0x40, 0x05, 0x90, 0x4e, 0x52, 0x00, 0x90, 0x4a, 0x52, 0x00, 0x90, 0x56, 0x5d, 0x83, 0x5b, 0x80,
  0x56, 0x40, 0x00, 0x80, 0x4a, 0x40, 0x00, 0x80, 0x4e, 0x40, 0x05, 0x90, 0x4e, 0x56, 0x00, 0x90, 0x5a, 0x61, 0x82,
  0x40, 0x80, 0x5a, 0x40, 0x00, 0x80, 0x4e, 0x40, 0x00, 0x90, 0x4d, 0x48, 0x00, 0x90, 0x59, 0x52, 0x50, 0x80, 0x59,
  0x40, 0x00, 0x80, 0x4d, 0x40, 0x00, 0x90, 0x4e, 0x49, 0x00, 0x90, 0x5a, 0x53, 0x4e, 0x80, 0x5a, 0x40, 0x00, 0x80,
  0x4e, 0x40, 0x02, 0x90, 0x4e, 0x55, 0x00, 0x90, 0x5a, 0x61, 0x83, 0x5b, 0x80, 0x5a, 0x40, 0x00, 0x80, 0x4e, 0x40,
  0x05, 0x90, 0x4e, 0x67, 0x00, 0x90, 0x5a, 0x67, 0x82, 0x68, 0x80, 0x5a, 0x40, 0x00, 0x80, 0x4e, 0x40, 0x78, 0x90,
  0x4e, 0x67, 0x00, 0x90, 0x5a, 0x67, 0x82, 0x68, 0x80, 0x5a, 0x40, 0x00, 0x80, 0x4e, 0x40, 0x78, 0x90, 0x5a, 0x66,
  0x00, 0x90, 0x4e, 0x66, 0x77, 0x80, 0x4e, 0x40, 0x00, 0x80, 0x5a, 0x40, 0x01, 0x90, 0x5a, 0x66, 0x81, 0x6e, 0x80,
  0x5a, 0x40, 0x02, 0x90, 0x5a, 0x67, 0x81, 0x6e, 0x80, 0x5a, 0x40, 0x02, 0x90, 0x5a, 0x68, 0x81, 0x6e, 0x80, 0x5a,
  0x40, 0x02, 0x90, 0x5a, 0x6a, 0x81, 0x6e, 0x80, 0x5a, 0x40, 0x02, 0x90, 0x5a, 0x6b, 0x81, 0x6e, 0x80, 0x5a, 0x40,
  0x02, 0x90, 0x5a, 0x6c, 0x78, 0x80, 0x5a, 0x40, 0x00, 0x90, 0x49, 0x30, 0x83, 0x60, 0x80, 0x49, 0x40, 0x00, 0x90,
  0x45, 0x2a, 0x81, 0x6e, 0x80, 0x45, 0x40, 0x02, 0x90, 0x45, 0x2f, 0x81, 0x70, 0x80, 0x45, 0x40, 0x00, 0x90, 0x42,
  0x29, 0x81, 0x70, 0x80, 0x42, 0x40, 0x00, 0x90, 0x41, 0x22, 0x00, 0x90, 0x44, 0x29, 0x00, 0x90, 0x3d, 0x22, 0x81,
  0x70, 0x80, 0x3d, 0x40, 0x00, 0x80, 0x44, 0x40, 0x00, 0x80, 0x41, 0x40, 0x00, 0x90, 0x39, 0x2a, 0x00, 0x90, 0x42,
  0x2a, 0x00, 0x90, 0x45, 0x32, 0x00, 0x90, 0x3d, 0x2a, 0x83, 0x60, 0x80, 0x3d, 0x40, 0x00, 0x80, 0x39, 0x40, 0x00,
  0x80, 0x42, 0x40, 0x00, 0x80, 0x45, 0x40, 0x00, 0x90, 0x3a, 0x2f, 0x00, 0x90, 0x3d, 0x2f, 0x00, 0x90, 0x42, 0x2f,
  0x00, 0x90, 0x46, 0x38, 0x81, 0x70, 0x80, 0x46, 0x40, 0x00, 0x80, 0x3a, 0x40, 0x00, 0x80, 0x3d, 0x40, 0x00, 0x80,
  0x42, 0x40, 0x00, 0x90, 0x3e, 0x33, 0x00, 0x90, 0x3b, 0x33, 0x00, 0x90, 0x47, 0x3d, 0x00, 0x90, 0x42, 0x33, 0x83,
  0x60, 0x80, 0x42, 0x40, 0x00, 0x80, 0x3e, 0x40, 0x00, 0x80, 0x3b, 0x40, 0x00, 0x80, 0x47, 0x40, 0x00, 0x90, 0x47,
  0x37, 0x00, 0x90, 0x42, 0x37, 0x00, 0x90, 0x3e, 0x37, 0x00, 0x90, 0x4a, 0x42, 0x81, 0x70, 0x80, 0x4a, 0x40, 0x00,
  0x80, 0x47, 0x40, 0x00, 0x80, 0x42, 0x40, 0x00, 0x80, 0x3e, 0x40, 0x00, 0x90, 0x47, 0x43, 0x00, 0x90, 0x3e, 0x43,
  0x00, 0x90, 0x4a, 0x4f, 0x00, 0x90, 0x41, 0x43, 0x83, 0x60, 0x80, 0x41, 0x40, 0x00, 0x80, 0x47, 0x40, 0x00, 0x80,
  0x3e, 0x40, 0x00, 0x80, 0x4a, 0x40, 0x00, 0x90, 0x45, 0x37, 0x00, 0x90, 0x42, 0x37, 0x00, 0x90, 0x49, 0x41, 0x00,
  0x90, 0x3d, 0x37, 0x81, 0x6e, 0x80, 0x3d, 0x40, 0x00, 0x80, 0x45, 0x40, 0x00, 0x80, 0x42, 0x40, 0x00, 0x80, 0x49,
  0x40, 0x02, 0x90, 0x45, 0x3f, 0x00, 0x90, 0x42, 0x3f, 0x00, 0x90, 0x49, 0x4c, 0x00, 0x90, 0x3d, 0x3f, 0x81, 0x70,
  0x80, 0x3d, 0x40, 0x00, 0x80, 0x45, 0x40, 0x00, 0x80, 0x42, 0x40, 0x00, 0x80, 0x49, 0x40, 0x00, 0x90, 0x3b, 0x37,
  0x00, 0x90, 0x3e, 0x37, 0x00, 0x90, 0x44, 0x37, 0x00, 0x90, 0x47, 0x44, 0x81, 0x70, 0x80, 0x47, 0x40, 0x00, 0x80,
  0x3b, 0x40, 0x00, 0x80, 0x3e, 0x40, 0x00, 0x80, 0x44, 0x40, 0x00, 0x90, 0x42, 0x37, 0x00, 0x90, 0x3f, 0x37, 0x00,
  0x90, 0x39, 0x37, 0x00, 0x90, 0x45, 0x43, 0x81, 0x70, 0x80, 0x45, 0x40, 0x00, 0x80, 0x42, 0x40, 0x00, 0x80, 0x3f,
  0x40, 0x00, 0x80, 0x39, 0x40, 0x00, 0x90, 0x42, 0x30, 0x00, 0x90, 0x39, 0x30, 0x00, 0x90, 0x45, 0x39, 0x00, 0x90,
  0x3f, 0x30, 0x81, 0x70, 0x90, 0x3d, 0x2e, 0x81, 0x70, 0x80, 0x3f, 0x40, 0x00, 0x80, 0x45, 0x40, 0x00, 0x80, 0x42,
  0x40, 0x00, 0x80, 0x39, 0x40, 0x00, 0x90, 0x41, 0x2e, 0x00, 0x90, 0x38, 0x2e, 0x00, 0x90, 0x44, 0x37, 0x81, 0x70,
  0x80, 0x44, 0x40, 0x00, 0x80, 0x3d, 0x40, 0x00, 0x80, 0x41, 0x40, 0x00, 0x80, 0x38, 0x40, 0x00, 0x90, 0x41, 0x35,
  0x00, 0x90, 0x3d, 0x35, 0x00, 0x90, 0x44, 0x40, 0x00, 0x90, 0x38, 0x35, 0x81, 0x70, 0x80, 0x38, 0x40, 0x00, 0x80,
  0x41, 0x40, 0x00, 0x80, 0x3d, 0x40, 0x00, 0x80, 0x44, 0x40, 0x00, 0x90, 0x37, 0x31, 0x00, 0x90, 0x3a, 0x31, 0x00,
  0x90, 0x40, 0x31, 0x00, 0x90, 0x43, 0x3c, 0x81, 0x70, 0x80, 0x40, 0x40, 0x00, 0x80, 0x37, 0x40, 0x00, 0x80, 0x3a,
  0x40, 0x00, 0x90, 0x3e, 0x34, 0x00, 0x90, 0x3b, 0x34, 0x00, 0x90, 0x37, 0x34, 0x81, 0x34, 0x80, 0x37, 0x40, 0x00,
  0x80, 0x3b, 0x40, 0x00, 0x80, 0x3e, 0x40, 0x00, 0x90, 0x43, 0x35, 0x3c, 0x80, 0x43, 0x40, 0x00, 0x80, 0x43, 0x40,
  0x00, 0x90, 0x53, 0x41, 0x81, 0x70, 0x90, 0x47, 0x37, 0x81, 0x70, 0x80, 0x47, 0x40, 0x00, 0x80, 0x53, 0x40, 0x00,
  0x90, 0x45, 0x34, 0x00, 0x90, 0x51, 0x3e, 0x81, 0x6e, 0x80, 0x51, 0x40, 0x00, 0x80, 0x45, 0x40, 0x02, 0x90, 0x45,
  0x37, 0x00, 0x90, 0x51, 0x41, 0x81, 0x70, 0x80, 0x51, 0x40, 0x00, 0x80, 0x45, 0x40, 0x00, 0x90, 0x43, 0x33, 0x00,
  0x90, 0x4f, 0x39, 0x81, 0x70, 0x80, 0x4f, 0x40, 0x00, 0x80, 0x43, 0x40, 0x00, 0x90, 0x42, 0x32, 0x00, 0x90, 0x4e,
  0x39, 0x81, 0x6e, 0x80, 0x4e, 0x40, 0x00, 0x80, 0x42, 0x40, 0x02, 0x90, 0x42, 0x37, 0x00, 0x90, 0x4e, 0x41, 0x81,
  0x70, 0x80, 0x4e, 0x40, 0x00, 0x80, 0x42, 0x40, 0x00, 0x90, 0x40, 0x34, 0x00, 0x90, 0x4c, 0x38, 0x81, 0x70, 0x80,
  0x4c, 0x40, 0x00, 0x80, 0x40, 0x40, 0x00, 0x90, 0x42, 0x34, 0x00, 0x90, 0x4e, 0x38, 0x81, 0x6e, 0x80, 0x4e, 0x40,
  0x00, 0x80, 0x42, 0x40, 0x02, 0x90, 0x42, 0x34, 0x00, 0x90, 0x4e, 0x3d, 0x81, 0x70, 0x80, 0x4e, 0x40, 0x00, 0x80,
  0x42, 0x40, 0x00, 0x90, 0x43, 0x37, 0x00, 0x90, 0x4f, 0x3b, 0x82, 0x68, 0x80, 0x4f, 0x40, 0x00, 0x80, 0x43, 0x40,
  0x00, 0x90, 0x36, 0x2b, 0x00, 0x90, 0x42, 0x2e, 0x77, 0x80, 0x42, 0x40, 0x00, 0x80, 0x36, 0x40, 0x01, 0x90, 0x36,
  0x2d, 0x00, 0x90, 0x42, 0x3c, 0x81, 0x70, 0x80, 0x42, 0x40, 0x00, 0x80, 0x36, 0x40, 0x00, 0x90, 0x39, 0x2d, 0x00,
  0x90, 0x45, 0x35, 0x81, 0x70, 0x80, 0x45, 0x40, 0x00, 0x80, 0x39, 0x40, 0x00, 0x90, 0x3d, 0x2b, 0x00, 0x90, 0x42,
  0x2b, 0x00, 0x90, 0x45, 0x2b, 0x00, 0x90, 0x49, 0x33, 0x81, 0x6e, 0x80, 0x49, 0x40, 0x00, 0x80, 0x3d, 0x40, 0x00,
  0x80, 0x42, 0x40, 0x00, 0x80, 0x45, 0x40, 0x02, 0x90, 0x3d, 0x2d, 0x00, 0x90, 0x49, 0x36, 0x00, 0x90, 0x41, 0x2d,
  0x00, 0x90, 0x44, 0x2d, 0x83, 0x60, 0x80, 0x44, 0x40, 0x00, 0x80, 0x3d, 0x40, 0x00, 0x80, 0x49, 0x40, 0x00, 0x80,
  0x41, 0x40, 0x00, 0x90, 0x3d, 0x24, 0x00, 0x90, 0x49, 0x2b, 0x00, 0x90, 0x45, 0x24, 0x00, 0x90, 0x42, 0x24, 0x81,
  0x6e, 0x80, 0x42, 0x40, 0x00, 0x80, 0x3d, 0x40, 0x00, 0x80, 0x49, 0x40, 0x00, 0x80, 0x45, 0x40, 0x02, 0x90, 0x45,
  0x28, 0x00, 0x90, 0x3d, 0x28, 0x00, 0x90, 0x49, 0x30, 0x81, 0x70, 0x80, 0x49, 0x40, 0x00, 0x80, 0x3d, 0x40, 0x00,
  0x80, 0x45, 0x40, 0x00, 0x90, 0x3e, 0x24, 0x00, 0x90, 0x4a, 0x2b, 0x00, 0x90, 0x43, 0x24, 0x81, 0x70, 0x80, 0x43,
  0x40, 0x00, 0x80, 0x4a, 0x40, 0x00, 0x80, 0x3e, 0x40, 0x00, 0x90, 0x37, 0x24, 0x00, 0x90, 0x43, 0x2b, 0x81, 0x70,
  0x80, 0x43, 0x40, 0x00, 0x80, 0x37, 0x40, 0x00, 0x90, 0x3b, 0x25, 0x00, 0x90, 0x47, 0x2f, 0x81, 0x70, 0x80, 0x47,
  0x40, 0x00, 0x80, 0x3b, 0x40, 0x00, 0x90, 0x31, 0x25, 0x00, 0x90, 0x3d, 0x2d, 0x81, 0x70, 0x80, 0x3d, 0x40, 0x00,
  0x80, 0x31, 0x40, 0x00, 0x90, 0x41, 0x2c, 0x00, 0x90, 0x35, 0x25, 0x78, 0x80, 0x35, 0x40, 0x00, 0x80, 0x41, 0x40,
  0x00, 0x90, 0x36, 0x20, 0x00, 0x90, 0x42, 0x26, 0x78, 0x80, 0x42, 0x40, 0x00, 0x80, 0x36, 0x40, 0x00, 0x90, 0x36,
  0x19, 0x00, 0x90, 0x3a, 0x19, 0x00, 0x90, 0x40, 0x19, 0x00, 0x90, 0x42, 0x34, 0x82, 0x68, 0x80, 0x40, 0x40, 0x00,
  0x80, 0x36, 0x40, 0x00, 0x80, 0x3a, 0x40, 0x00, 0x90, 0x42, 0x19, 0x78, 0x80, 0x42, 0x40, 0x00, 0x90, 0x4e, 0x39,
  0x76, 0x80, 0x42, 0x40, 0x02, 0x90, 0x42, 0x19, 0x78, 0x80, 0x4e, 0x40, 0x00, 0x90, 0x4e, 0x39, 0x76, 0x80, 0x42,
  0x40, 0x02, 0x90, 0x42, 0x19, 0x81, 0x6e, 0x80, 0x42, 0x40, 0x02, 0x90, 0x42, 0x19, 0x78, 0x80, 0x4e, 0x40, 0x00,
  0x90, 0x49, 0x32, 0x76, 0x80, 0x42, 0x40, 0x02, 0x90, 0x42, 0x19, 0x78, 0x80, 0x49, 0x40, 0x00, 0x90, 0x4c, 0x39,
  0x76, 0x80, 0x42, 0x40, 0x02, 0x90, 0x42, 0x19, 0x78, 0x80, 0x4c, 0x40, 0x00, 0x90, 0x4a, 0x33, 0x76, 0x80, 0x42,
  0x40, 0x02, 0x90, 0x3e, 0x19, 0x00, 0x90, 0x44, 0x19, 0x00, 0x90, 0x41, 0x19, 0x78, 0x80, 0x4a, 0x40, 0x00, 0x90,
  0x47, 0x33, 0x76, 0x80, 0x3e, 0x40, 0x00, 0x80, 0x41, 0x40, 0x00, 0x80, 0x44, 0x40, 0x02, 0x90, 0x3e, 0x19, 0x00,
  0x90, 0x41, 0x19, 0x00, 0x90, 0x44, 0x19, 0x81, 0x6e, 0x80, 0x44, 0x40, 0x00, 0x80, 0x41, 0x40, 0x00, 0x80, 0x3e,
  0x40, 0x02, 0x90, 0x3e, 0x19, 0x00, 0x90, 0x41, 0x19, 0x00, 0x90, 0x44, 0x19, 0x78, 0x80, 0x47, 0x40, 0x00, 0x90,
  0x4a, 0x38, 0x76, 0x80, 0x3e, 0x40, 0x00, 0x80, 0x44, 0x40, 0x00, 0x80, 0x41, 0x40, 0x02, 0x90, 0x3e, 0x19, 0x00,
  0x90, 0x41, 0x19, 0x00, 0x90, 0x44, 0x19, 0x78, 0x80, 0x4a, 0x40, 0x00, 0x90, 0x47, 0x35, 0x76, 0x80, 0x3e, 0x40,
  0x00, 0x80, 0x44, 0x40, 0x00, 0x80, 0x41, 0x40, 0x02, 0x90, 0x3e, 0x19, 0x00, 0x90, 0x41, 0x19, 0x00, 0x90, 0x44,
  0x19, 0x77, 0x80, 0x44, 0x40, 0x00, 0x80, 0x41, 0x40, 0x00, 0x80, 0x3e, 0x40, 0x01, 0x80, 0x47, 0x40, 0x00, 0x90,
  0x3d, 0x22, 0x00, 0x90, 0x42, 0x22, 0x00, 0x90, 0x46, 0x30, 0x50, 0x80, 0x46, 0x40, 0x00, 0x90, 0x4e, 0x2d, 0x50,
  0x80, 0x4e, 0x40, 0x00, 0x90, 0x49, 0x30, 0x50, 0x80, 0x49, 0x40, 0x00, 0x80, 0x42, 0x40, 0x00, 0x80, 0x3d, 0x40,
  0x00, 0x90, 0x52, 0x36, 0x50, 0x80, 0x52, 0x40, 0x00, 0x90, 0x4e, 0x33, 0x50, 0x80, 0x4e, 0x40, 0x00, 0x90, 0x55,
  0x33, 0x50, 0x80, 0x55, 0x40, 0x00, 0x90, 0x4e, 0x39, 0x50, 0x80, 0x4e, 0x40, 0x00, 0x90, 0x5b, 0x3f, 0x50, 0x80,
  0x5b, 0x40, 0x00, 0x90, 0x5a, 0x3b, 0x50, 0x80, 0x5a, 0x40, 0x00, 0x90, 0x59, 0x40, 0x50, 0x80, 0x59, 0x40, 0x00,
  0x90, 0x5a, 0x3b, 0x50, 0x80, 0x5a, 0x40, 0x00, 0x90, 0x58, 0x3b, 0x81, 0x20, 0x80, 0x58, 0x40, 0x00, 0x90, 0x55,
  0x39, 0x50, 0x80, 0x55, 0x40, 0x00, 0x90, 0x52, 0x39, 0x50, 0x80, 0x52, 0x40, 0x00, 0x90, 0x49, 0x22, 0x00, 0x90,
  0x4f, 0x3e, 0x50, 0x80, 0x4f, 0x40, 0x00, 0x90, 0x4e, 0x3c, 0x50, 0x80, 0x4e, 0x40, 0x00, 0x90, 0x4c, 0x3c, 0x50,
  0x80, 0x49, 0x40, 0x50, 0x80, 0x4c, 0x40, 0x00, 0x90, 0x49, 0x3b, 0x50, 0x80, 0x49, 0x40, 0x00, 0x90, 0x4a, 0x3b,
  0x50, 0x80, 0x4a, 0x40, 0x00, 0x90, 0x53, 0x3f, 0x50, 0x80, 0x53, 0x40, 0x00, 0x90, 0x50, 0x35, 0x50, 0x80, 0x50,
  0x40, 0x00, 0x90, 0x56, 0x3a, 0x81, 0x20, 0x80, 0x56, 0x40, 0x00, 0x90, 0x55, 0x35, 0x50, 0x80, 0x55, 0x40, 0x00,
  0x90, 0x53, 0x32, 0x4e, 0x80, 0x53, 0x40, 0x02, 0x90, 0x47, 0x2a, 0x00, 0x90, 0x4a, 0x2a, 0x00, 0x90, 0x4d, 0x2a,
  0x00, 0x90, 0x50, 0x2a, 0x00, 0x90, 0x53, 0x34, 0x83, 0x5b, 0x80, 0x53, 0x40, 0x00, 0x80, 0x4d, 0x40, 0x00, 0x80,
  0x47, 0x40, 0x00, 0x80, 0x4a, 0x40, 0x00, 0x80, 0x50, 0x40, 0x05, 0x90, 0x47, 0x2c, 0x00, 0x90, 0x4a, 0x2c, 0x00,
  0x90, 0x4d, 0x2c, 0x00, 0x90, 0x50, 0x2c, 0x00, 0x90, 0x53, 0x38, 0x81, 0x70, 0x80, 0x53, 0x40, 0x00, 0x80, 0x4d,
  0x40, 0x00, 0x80, 0x47, 0x40, 0x00, 0x80, 0x4a, 0x40, 0x00, 0x80, 0x50, 0x40, 0x00, 0x90, 0x46, 0x2b, 0x00, 0x90,
  0x49, 0x2b, 0x00, 0x90, 0x4e, 0x2b, 0x00, 0x90, 0x52, 0x36, 0x89, 0x2e, 0x80, 0x52, 0x40, 0x00, 0x80, 0x46, 0x40,
  0x00, 0x80, 0x49, 0x40, 0x00, 0x80, 0x4e, 0x40, 0x02, 0x90, 0x46, 0x2a, 0x00, 0x90, 0x49, 0x2a, 0x00, 0x90, 0x4e,
  0x2a, 0x00, 0x90, 0x52, 0x35, 0x85, 0x4e, 0x80, 0x52, 0x40, 0x00, 0x80, 0x46, 0x40, 0x00, 0x80, 0x49, 0x40, 0x00,
  0x80, 0x4e, 0x40, 0x02, 0x90, 0x5a, 0x32, 0x00, 0x90, 0x52, 0x28, 0x00, 0x90, 0x4e, 0x28, 0x85, 0x4e, 0x80, 0x4e,
  0x40, 0x00, 0x80, 0x52, 0x40, 0x00, 0x80, 0x5a, 0x40, 0x02, 0x90, 0x4e, 0x24, 0x00, 0x90, 0x52, 0x24, 0x00, 0x90,
  0x5a, 0x2e, 0x83, 0x5b, 0x80, 0x5a, 0x40, 0x00, 0x80, 0x52, 0x40, 0x00, 0x80, 0x4e, 0x40, 0x05, 0x90, 0x5e, 0x2c,
  0x00, 0x90, 0x55, 0x23, 0x00, 0x90, 0x52, 0x23, 0x87, 0x37, 0x80, 0x52, 0x40, 0x00, 0x80, 0x55, 0x40, 0x00, 0x80,
  0x5e, 0x40, 0x09, 0x90, 0x49, 0x23, 0x81, 0x70, 0x80, 0x49, 0x40, 0x00, 0x90, 0x49, 0x26, 0x83, 0x60, 0x80, 0x49,
  0x40, 0x00, 0x90, 0x45, 0x21, 0x81, 0x6e, 0x80, 0x45, 0x40, 0x02, 0x90, 0x45, 0x25, 0x81, 0x70, 0x80, 0x45, 0x40,
  0x00, 0x90, 0x42, 0x20, 0x81, 0x70, 0x80, 0x42, 0x40, 0x00, 0x90, 0x41, 0x1b, 0x00, 0x90, 0x44, 0x20, 0x00, 0x90,
  0x3d, 0x1b, 0x81, 0x70, 0x80, 0x3d, 0x40, 0x00, 0x80, 0x44, 0x40, 0x00, 0x80, 0x41, 0x40, 0x00, 0x90, 0x42, 0x21,
  0x00, 0x90, 0x45, 0x28, 0x00, 0x90, 0x3d, 0x21, 0x83, 0x60, 0x80, 0x3d, 0x40, 0x00, 0x80, 0x45, 0x40, 0x00, 0x80,
  0x42, 0x40, 0x00, 0x90, 0x3a, 0x1d, 0x00, 0x90, 0x3d, 0x1d, 0x00, 0x90, 0x42, 0x1d, 0x00, 0x90, 0x46, 0x25, 0x81,
  0x70, 0x80, 0x46, 0x40, 0x00, 0x80, 0x3a, 0x40, 0x00, 0x80, 0x3d, 0x40, 0x00, 0x80, 0x42, 0x40, 0x00, 0x90, 0x3e,
  0x24, 0x00, 0x90, 0x3b, 0x24, 0x00, 0x90, 0x47, 0x2e, 0x00, 0x90, 0x42, 0x24, 0x83, 0x60, 0x80, 0x42, 0x40, 0x00,
  0x80, 0x3e, 0x40, 0x00, 0x80, 0x3b, 0x40, 0x00, 0x80, 0x47, 0x40, 0x00, 0x90, 0x46, 0x27, 0x00, 0x90, 0x42, 0x27,
  0x00, 0x90, 0x3d, 0x27, 0x00, 0x90, 0x49, 0x31, 0x81, 0x70, 0x80, 0x49, 0x40, 0x00, 0x80, 0x46, 0x40, 0x00, 0x80,
  0x42, 0x40, 0x00, 0x80, 0x3d, 0x40, 0x00, 0x90, 0x47, 0x2c, 0x00, 0x90, 0x3e, 0x2c, 0x00, 0x90, 0x4a, 0x38, 0x00,
  0x90, 0x42, 0x2c, 0x81, 0x6e, 0x80, 0x42, 0x40, 0x00, 0x80, 0x47, 0x40, 0x00, 0x80, 0x3e, 0x40, 0x00, 0x80, 0x4a,
  0x40, 0x02, 0x90, 0x47, 0x1c, 0x00, 0x90, 0x44, 0x1c, 0x00, 0x90, 0x4a, 0x23, 0x00, 0x90, 0x3e, 0x1c, 0x83, 0x5b,
  0x80, 0x3e, 0x40, 0x00, 0x80, 0x47, 0x40, 0x00, 0x80, 0x44, 0x40, 0x00, 0x80, 0x4a, 0x40, 0x05, 0x90, 0x47, 0x21,
  0x00, 0x90, 0x44, 0x21, 0x00, 0x90, 0x4a, 0x2a, 0x00, 0x90, 0x3e, 0x21, 0x83, 0x5b, 0x80, 0x3e, 0x40, 0x00, 0x80,
  0x47, 0x40, 0x00, 0x80, 0x44, 0x40, 0x00, 0x80, 0x4a, 0x40, 0x05, 0x90, 0x3e, 0x19, 0x00, 0x90, 0x44, 0x19, 0x00,
  0x90, 0x47, 0x19, 0x00, 0x90, 0x4a, 0x20, 0x78, 0x80, 0x4a, 0x40, 0x00, 0x80, 0x3e, 0x40, 0x00, 0x80, 0x44, 0x40,
  0x00, 0x80, 0x47, 0x40, 0x00, 0x90, 0x46, 0x19, 0x00, 0x90, 0x3d, 0x19, 0x00, 0x90, 0x49, 0x20, 0x75, 0x80, 0x49,
  0x40, 0x00, 0x80, 0x3d, 0x40, 0x00, 0x80, 0x46, 0x40, 0x03, 0x90, 0x3d, 0x21, 0x00, 0x90, 0x46, 0x21, 0x00, 0x90,
  0x49, 0x27, 0x8b, 0x20, 0x80, 0x49, 0x40, 0x00, 0x80, 0x46, 0x40, 0x00, 0x80, 0x3d, 0x40, 0x00, 0x90, 0x46, 0x1c,
  0x00, 0x90, 0x4e, 0x1c, 0x00, 0x90, 0x55, 0x21, 0x8b, 0x1e, 0x80, 0x55, 0x40, 0x00, 0x80, 0x4e, 0x40, 0x00, 0x80,
  0x46, 0x40, 0x02, 0x90, 0x46, 0x1c, 0x00, 0x90, 0x4e, 0x1c, 0x00, 0x90, 0x55, 0x21, 0x85, 0x50, 0x80, 0x55, 0x40,
  0x00, 0x80, 0x4e, 0x40, 0x00, 0x80, 0x46, 0x40, 0x00, 0x90, 0x3a, 0x1c, 0x00, 0x90, 0x42, 0x1c, 0x00, 0x90, 0x49,
  0x21, 0x85, 0x50, 0x80, 0x49, 0x40, 0x00, 0x80, 0x42, 0x40, 0x00, 0x80, 0x3a, 0x40, 0x81, 0x34, 0x90, 0x3a, 0x18,
  0x3c, 0x90, 0x42, 0x18, 0x3c, 0x90, 0x49, 0x21, 0x81, 0x34, 0x80, 0x49, 0x40, 0x00, 0x80, 0x42, 0x40, 0x00, 0x80,
  0x3a, 0x40, 0x00, 0xff, 0x2f, 0x00, 0x4d, 0x54, 0x72, 0x6b, 0x00, 0x00, 0x56, 0xc4, 0x00, 0xff, 0x03, 0x04, 0x4c,
  0x65, 0x66, 0x74, 0x00, 0xc0, 0x00, 0x00, 0x90, 0x21, 0x17, 0x00, 0x90, 0x2d, 0x1c, 0x85, 0x50, 0x80, 0x2d, 0x40,
  0x00, 0x80, 0x21, 0x40, 0x00, 0x90, 0x25, 0x15, 0x00, 0x90, 0x31, 0x1e, 0x85, 0x50, 0x80, 0x31, 0x40, 0x00, 0x80,
  0x25, 0x40, 0x00, 0x90, 0x2a, 0x1d, 0x00, 0x90, 0x31, 0x1d, 0x00, 0x90, 0x36, 0x23, 0x85, 0x50, 0x80, 0x36, 0x40,
  0x00, 0x80, 0x31, 0x40, 0x00, 0x80, 0x2a, 0x40, 0x00, 0x90, 0x2a, 0x1d, 0x00, 0x90, 0x31, 0x1d, 0x00, 0x90, 0x36,
  0x23, 0x81, 0x70, 0x80, 0x36, 0x40, 0x00, 0x80, 0x31, 0x40, 0x00, 0x80, 0x2a, 0x40, 0x00, 0x90, 0x2d, 0x1a, 0x00,
  0x90, 0x31, 0x1a, 0x00, 0x90, 0x39, 0x1f, 0x81, 0x70, 0x80, 0x39, 0x40, 0x00, 0x80, 0x31, 0x40, 0x00, 0x80, 0x2d,
  0x40, 0x00, 0x90, 0x2c, 0x1a, 0x00, 0x90, 0x31, 0x1a, 0x00, 0x90, 0x38, 0x1f, 0x81, 0x70, 0x80, 0x38, 0x40, 0x00,
  0x80, 0x31, 0x40, 0x00, 0x80, 0x2c, 0x40, 0x00, 0x90, 0x2a, 0x1c, 0x00, 0x90, 0x31, 0x1c, 0x00, 0x90, 0x36, 0x22,
  0x85, 0x50, 0x80, 0x36, 0x40, 0x00, 0x80, 0x31, 0x40, 0x00, 0x80, 0x2a, 0x40, 0x00, 0x90, 0x26, 0x21, 0x00, 0x90,
  0x32, 0x27, 0x83, 0x60, 0x80, 0x32, 0x40, 0x00, 0x80, 0x26, 0x40, 0x00, 0x90, 0x23, 0x22, 0x00, 0x90, 0x2f, 0x28,
  0x81, 0x6e, 0x80, 0x2f, 0x40, 0x00, 0x80, 0x23, 0x40, 0x02, 0x90, 0x23, 0x25, 0x00, 0x90, 0x2f, 0x2e, 0x83, 0x60,
  0x80, 0x2f, 0x40, 0x00, 0x80, 0x23, 0x40, 0x00, 0x90, 0x21, 0x23, 0x00, 0x90, 0x2d, 0x2a, 0x81, 0x6e, 0x80, 0x2d,
  0x40, 0x00, 0x80, 0x21, 0x40, 0x02, 0x90, 0x21, 0x27, 0x00, 0x90, 0x2d, 0x30, 0x81, 0x70, 0x80, 0x2d, 0x40, 0x00,
  0x80, 0x21, 0x40, 0x00, 0x90, 0x20, 0x26, 0x00, 0x90, 0x2c, 0x2d, 0x81, 0x70, 0x80, 0x2c, 0x40, 0x00, 0x80, 0x20,
  0x40, 0x00, 0x90, 0x1e, 0x28, 0x00, 0x90, 0x2a, 0x30, 0x81, 0x70, 0x80, 0x2a, 0x40, 0x00, 0x80, 0x1e, 0x40, 0x00,
  0x90, 0x1d, 0x27, 0x00, 0x90, 0x29, 0x30, 0x85, 0x50, 0x80, 0x29, 0x40, 0x00, 0x80, 0x1d, 0x40, 0x00, 0x90, 0x3b,
  0x1e, 0x00, 0x90, 0x38, 0x1e, 0x00, 0x90, 0x35, 0x1e, 0x00, 0x90, 0x3e, 0x24, 0x85, 0x50, 0x80, 0x3e, 0x40, 0x00,
  0x80, 0x3b, 0x40, 0x00, 0x80, 0x38, 0x40, 0x00, 0x80, 0x35, 0x40, 0x00, 0x90, 0x1d, 0x1c, 0x00, 0x90, 0x29, 0x22,
  0x85, 0x50, 0x80, 0x29, 0x40, 0x00, 0x80, 0x1d, 0x40, 0x00, 0x90, 0x1e, 0x19, 0x00, 0x90, 0x2a, 0x1e, 0x83, 0x60,
  0x80, 0x2a, 0x40, 0x00, 0x80, 0x1e, 0x40, 0x00, 0x90, 0x20, 0x1a, 0x00, 0x90, 0x2c, 0x1f, 0x81, 0x6e, 0x80, 0x2c,
  0x40, 0x00, 0x80, 0x20, 0x40, 0x02, 0x90, 0x20, 0x1d, 0x00, 0x90, 0x2c, 0x23, 0x85, 0x49, 0x80, 0x2c, 0x40, 0x00,
  0x80, 0x20, 0x40, 0x07, 0x90, 0x20, 0x1d, 0x00, 0x90, 0x2c, 0x23, 0x81, 0x70, 0x80, 0x2c, 0x40, 0x00, 0x80, 0x20,
  0x40, 0x00, 0x90, 0x21, 0x1a, 0x00, 0x90, 0x2d, 0x1f, 0x81, 0x70, 0x80, 0x2d, 0x40, 0x00, 0x80, 0x21, 0x40, 0x00,
  0x90, 0x23, 0x1a, 0x00, 0x90, 0x2f, 0x1f, 0x81, 0x70, 0x80, 0x2f, 0x40, 0x00, 0x80, 0x23, 0x40, 0x00, 0x90, 0x24,
  0x1d, 0x00, 0x90, 0x30, 0x23, 0x83, 0x5b, 0x80, 0x30, 0x40, 0x00, 0x80, 0x24, 0x40, 0x05, 0x90, 0x24, 0x1b, 0x00,
  0x90, 0x30, 0x20, 0x81, 0x6e, 0x80, 0x30, 0x40, 0x00, 0x80, 0x24, 0x40, 0x02, 0x90, 0x24, 0x21, 0x00, 0x90, 0x30,
  0x28, 0x81, 0x6e, 0x80, 0x30, 0x40, 0x00, 0x80, 0x24, 0x40, 0x02, 0x90, 0x24, 0x1f, 0x00, 0x90, 0x30, 0x25, 0x81,
  0x6e, 0x80, 0x30, 0x40, 0x00, 0x80, 0x24, 0x40, 0x02, 0x90, 0x24, 0x20, 0x00, 0x90, 0x30, 0x27, 0x81, 0x70, 0x80,
  0x30, 0x40, 0x00, 0x80, 0x24, 0x40, 0x00, 0x90, 0x25, 0x20, 0x00, 0x90, 0x31, 0x27, 0x85, 0x50, 0x80, 0x31, 0x40,
  0x00, 0x80, 0x25, 0x40, 0x00, 0x90, 0x25, 0x1b, 0x00, 0x90, 0x31, 0x20, 0x81, 0x70, 0x80, 0x31, 0x40, 0x00, 0x80,
  0x25, 0x40, 0x00, 0x90, 0x31, 0x1f, 0x00, 0x90, 0x35, 0x1f, 0x00, 0x90, 0x38, 0x25, 0x81, 0x70, 0x80, 0x38, 0x40,
  0x00, 0x80, 0x35, 0x40, 0x00, 0x80, 0x31, 0x40, 0x00, 0x90, 0x31, 0x1f, 0x00, 0x90, 0x38, 0x1f, 0x00, 0x90, 0x3b,
  0x25, 0x81, 0x70, 0x80, 0x3b, 0x40, 0x00, 0x80, 0x38, 0x40, 0x00, 0x80, 0x31, 0x40, 0x00, 0x90, 0x31, 0x24, 0x00,
  0x90, 0x3b, 0x2b, 0x83, 0x60, 0x80, 0x3b, 0x40, 0x00, 0x80, 0x31, 0x40, 0x00, 0x90, 0x31, 0x1c, 0x00, 0x90, 0x39,
  0x22, 0x81, 0x6e, 0x80, 0x39, 0x40, 0x00, 0x80, 0x31, 0x40, 0x02, 0x90, 0x31, 0x24, 0x00, 0x90, 0x39, 0x2b, 0x81,
  0x70, 0x80, 0x39, 0x40, 0x00, 0x80, 0x31, 0x40, 0x00, 0x90, 0x31, 0x20, 0x00, 0x90, 0x38, 0x26, 0x81, 0x70, 0x80,
  0x38, 0x40, 0x00, 0x80, 0x31, 0x40, 0x00, 0x90, 0x31, 0x20, 0x00, 0x90, 0x36, 0x26, 0x81, 0x70, 0x80, 0x36, 0x40,
  0x00, 0x80, 0x31, 0x40, 0x00, 0x90, 0x31, 0x24, 0x00, 0x90, 0x36, 0x2b, 0x83, 0x60, 0x80, 0x36, 0x40, 0x00, 0x80,
  0x31, 0x40, 0x00, 0x90, 0x31, 0x1c, 0x00, 0x90, 0x35, 0x22, 0x81, 0x70, 0x80, 0x35, 0x40, 0x00, 0x80, 0x31, 0x40,
  0x00, 0x90, 0x31, 0x24, 0x00, 0x90, 0x35, 0x31, 0x81, 0x70, 0x80, 0x35, 0x40, 0x00, 0x90, 0x38, 0x2d, 0x81, 0x70,
  0x80, 0x38, 0x40, 0x00, 0x80, 0x31, 0x40, 0x00, 0x90, 0x38, 0x20, 0x00, 0x90, 0x31, 0x20, 0x00, 0x90, 0x3b, 0x26,
  0x78, 0x80, 0x3b, 0x40, 0x00, 0x90, 0x3e, 0x26, 0x77, 0x80, 0x3e, 0x40, 0x01, 0x80, 0x31, 0x40, 0x00, 0x80, 0x38,
  0x40, 0x00, 0x90, 0x3b, 0x24, 0x00, 0x90, 0x31, 0x24, 0x00, 0x90, 0x3e, 0x2b, 0x83, 0x60, 0x80, 0x3e, 0x40, 0x00,
  0x80, 0x31, 0x40, 0x00, 0x80, 0x3b, 0x40, 0x00, 0x90, 0x39, 0x1f, 0x00, 0x90, 0x31, 0x1f, 0x00, 0x90, 0x3d, 0x25,
  0x81, 0x6e, 0x80, 0x3d, 0x40, 0x00, 0x80, 0x31, 0x40, 0x00, 0x80, 0x39, 0x40, 0x02, 0x90, 0x31, 0x22, 0x00, 0x90,
  0x3d, 0x29, 0x00, 0x90, 0x39, 0x22, 0x81, 0x70, 0x80, 0x39, 0x40, 0x00, 0x80, 0x3d, 0x40, 0x00, 0x80, 0x31, 0x40,
  0x00, 0x90, 0x31, 0x1e, 0x00, 0x90, 0x3b, 0x24, 0x00, 0x90, 0x38, 0x1e, 0x81, 0x70, 0x80, 0x38, 0x40, 0x00, 0x80,
  0x3b, 0x40, 0x00, 0x80, 0x31, 0x40, 0x00, 0x90, 0x31, 0x1d, 0x00, 0x90, 0x39, 0x23, 0x00, 0x90, 0x36, 0x1d, 0x81,
  0x6e, 0x80, 0x36, 0x40, 0x00, 0x80, 0x39, 0x40, 0x00, 0x80, 0x31, 0x40, 0x02, 0x90, 0x36, 0x20, 0x00, 0x90, 0x31,
  0x20, 0x00, 0x90, 0x39, 0x27, 0x83, 0x60, 0x80, 0x39, 0x40, 0x00, 0x80, 0x31, 0x40, 0x00, 0x80, 0x36, 0x40, 0x00,
  0x90, 0x35, 0x19, 0x00, 0x90, 0x31, 0x19, 0x00, 0x90, 0x38, 0x1d, 0x81, 0x6e, 0x80, 0x38, 0x40, 0x00, 0x80, 0x31,
  0x40, 0x00, 0x80, 0x35, 0x40, 0x02, 0x90, 0x35, 0x1a, 0x00, 0x90, 0x31, 0x1a, 0x00, 0x90, 0x38, 0x1f, 0x83, 0x60,
  0x80, 0x38, 0x40, 0x00, 0x80, 0x31, 0x40, 0x00, 0x80, 0x35, 0x40, 0x00, 0x90, 0x37, 0x15, 0x00, 0x90, 0x34, 0x15,
  0x00, 0x90, 0x31, 0x15, 0x00, 0x90, 0x3a, 0x1a, 0x81, 0x34, 0x80, 0x3a, 0x40, 0x00, 0x80, 0x37, 0x40, 0x00, 0x80,
  0x34, 0x40, 0x00, 0x80, 0x31, 0x40, 0x3c, 0x90, 0x32, 0x20, 0x00, 0x90, 0x37, 0x20, 0x0a, 0x90, 0x3b, 0x2b, 0x85,
  0x46, 0x80, 0x37, 0x40, 0x00, 0x80, 0x32, 0x40, 0x00, 0x90, 0x3b, 0x1e, 0x00, 0x90, 0x37, 0x1e, 0x00, 0x90, 0x3e,
  0x24, 0x0a, 0x80, 0x3b, 0x40, 0x83, 0x56, 0x80, 0x3b, 0x40, 0x00, 0x80, 0x3e, 0x40, 0x00, 0x90, 0x3e, 0x1e, 0x81,
  0x70, 0x80, 0x3e, 0x40, 0x00, 0x80, 0x37, 0x40, 0x00, 0x90, 0x40, 0x27, 0x00, 0x90, 0x3c, 0x21, 0x85, 0x50, 0x80,
  0x3c, 0x40, 0x00, 0x80, 0x40, 0x40, 0x00, 0x90, 0x3b, 0x1d, 0x00, 0x90, 0x3e, 0x23, 0x83, 0x60, 0x80, 0x3e, 0x40,
  0x00, 0x80, 0x3b, 0x40, 0x00, 0x90, 0x3e, 0x20, 0x81, 0x6e, 0x80, 0x3e, 0x40, 0x02, 0x90, 0x3e, 0x23, 0x81, 0x70,
  0x80, 0x3e, 0x40, 0x00, 0x90, 0x3d, 0x1f, 0x81, 0x70, 0x80, 0x3d, 0x40, 0x00, 0x90, 0x31, 0x1a, 0x00, 0x90, 0x36,
  0x1a, 0x00, 0x90, 0x39, 0x1a, 0x00, 0x90, 0x3d, 0x1f, 0x81, 0x70, 0x80, 0x3d, 0x40, 0x00, 0x80, 0x31, 0x40, 0x00,
  0x80, 0x36, 0x40, 0x00, 0x80, 0x39, 0x40, 0x00, 0x90, 0x31, 0x1d, 0x00, 0x90, 0x35, 0x1d, 0x00, 0x90, 0x38, 0x1d,
  0x00, 0x90, 0x3d, 0x23, 0x83, 0x5b, 0x80, 0x3d, 0x40, 0x00, 0x80, 0x31, 0x40, 0x00, 0x80, 0x35, 0x40, 0x00, 0x80,
  0x38, 0x40, 0x05, 0x90, 0x31, 0x1b, 0x00, 0x90, 0x35, 0x1b, 0x00, 0x90, 0x38, 0x1b, 0x00, 0x90, 0x3d, 0x20, 0x81,
  0x6e, 0x80, 0x3d, 0x40, 0x00, 0x80, 0x31, 0x40, 0x00, 0x80, 0x35, 0x40, 0x00, 0x80, 0x38, 0x40, 0x02, 0x90, 0x31,
  0x1d, 0x00, 0x90, 0x35, 0x1d, 0x00, 0x90, 0x38, 0x1d, 0x00, 0x90, 0x3d, 0x23, 0x83, 0x60, 0x80, 0x3d, 0x40, 0x00,
  0x80, 0x31, 0x40, 0x00, 0x80, 0x35, 0x40, 0x00, 0x80, 0x38, 0x40, 0x00, 0x90, 0x36, 0x1b, 0x00, 0x90, 0x39, 0x1b,
  0x00, 0x90, 0x3d, 0x20, 0x81, 0x6e, 0x80, 0x3d, 0x40, 0x00, 0x80, 0x39, 0x40, 0x00, 0x80, 0x36, 0x40, 0x02, 0x90,
  0x36, 0x1b, 0x00, 0x90, 0x39, 0x1b, 0x00, 0x90, 0x3d, 0x23, 0x81, 0x6e, 0x80, 0x3d, 0x40, 0x00, 0x80, 0x39, 0x40,
  0x00, 0x80, 0x36, 0x40, 0x02, 0x90, 0x39, 0x22, 0x81, 0x70, 0x80, 0x39, 0x40, 0x00, 0x90, 0x38, 0x21, 0x00, 0x90,
  0x3b, 0x21, 0x78, 0x80, 0x3b, 0x40, 0x00, 0x80, 0x38, 0x40, 0x00, 0x90, 0x36, 0x26, 0x00, 0x90, 0x39, 0x26, 0x78,
  0x80, 0x39, 0x40, 0x00, 0x80, 0x36, 0x40, 0x00, 0x90, 0x25, 0x2b, 0x81, 0x70, 0x90, 0x29, 0x26, 0x81, 0x70, 0x80,
  0x29, 0x40, 0x00, 0x90, 0x2a, 0x27, 0x81, 0x70, 0x80, 0x2a, 0x40, 0x00, 0x90, 0x2c, 0x2a, 0x82, 0x68, 0x80, 0x2c,
  0x40, 0x00, 0x90, 0x2d, 0x2d, 0x78, 0x80, 0x2d, 0x40, 0x00, 0x90, 0x2f, 0x30, 0x78, 0x80, 0x2f, 0x40, 0x00, 0x90,
  0x30, 0x32, 0x78, 0x80, 0x30, 0x40, 0x00, 0x80, 0x25, 0x40, 0x00, 0x90, 0x25, 0x24, 0x00, 0x90, 0x31, 0x2b, 0x86,
  0x48, 0x80, 0x31, 0x40, 0x00, 0x80, 0x25, 0x40, 0x00, 0x90, 0x31, 0x2d, 0x78, 0x80, 0x31, 0x40, 0x00, 0x90, 0x35,
  0x2d, 0x78, 0x80, 0x35, 0x40, 0x00, 0x90, 0x38, 0x2d, 0x78, 0x80, 0x38, 0x40, 0x00, 0x90, 0x3b, 0x26, 0x78, 0x80,
  0x3b, 0x40, 0x00, 0x90, 0x3e, 0x26, 0x77, 0x80, 0x3e, 0x40, 0x01, 0x90, 0x25, 0x24, 0x07, 0x90, 0x31, 0x2b, 0x81,
  0x69, 0x80, 0x25, 0x40, 0x00, 0x90, 0x29, 0x1f, 0x00, 0x90, 0x31, 0x1f, 0x00, 0x90, 0x35, 0x25, 0x07, 0x80, 0x31,
  0x40, 0x81, 0x69, 0x80, 0x29, 0x40, 0x00, 0x80, 0x31, 0x40, 0x00, 0x80, 0x35, 0x40, 0x00, 0x90, 0x31, 0x1f, 0x00,
  0x90, 0x2a, 0x1f, 0x00, 0x90, 0x36, 0x25, 0x81, 0x70, 0x80, 0x36, 0x40, 0x00, 0x80, 0x2a, 0x40, 0x00, 0x80, 0x31,
  0x40, 0x00, 0x90, 0x2c, 0x22, 0x00, 0x90, 0x38, 0x29, 0x00, 0x90, 0x31, 0x22, 0x82, 0x68, 0x80, 0x31, 0x40, 0x00,
  0x80, 0x38, 0x40, 0x00, 0x80, 0x2c, 0x40, 0x00, 0x90, 0x39, 0x2d, 0x00, 0x90, 0x2d, 0x26, 0x78, 0x80, 0x2d, 0x40,
  0x00, 0x80, 0x39, 0x40, 0x00, 0x90, 0x3b, 0x30, 0x00, 0x90, 0x2f, 0x28, 0x78, 0x80, 0x2f, 0x40, 0x00, 0x80, 0x3b,
  0x40, 0x00, 0x90, 0x3c, 0x32, 0x00, 0x90, 0x30, 0x2a, 0x78, 0x80, 0x30, 0x40, 0x00, 0x80, 0x3c, 0x40, 0x00, 0x90,
  0x31, 0x20, 0x81, 0x70, 0x90, 0x36, 0x1c, 0x00, 0x90, 0x39, 0x23, 0x81, 0x70, 0x80, 0x39, 0x40, 0x00, 0x80, 0x36,
  0x40, 0x00, 0x80, 0x31, 0x40, 0x00, 0x90, 0x35, 0x19, 0x00, 0x90, 0x31, 0x19, 0x00, 0x90, 0x38, 0x1d, 0x81, 0x70,
  0x80, 0x38, 0x40, 0x00, 0x80, 0x31, 0x40, 0x00, 0x80, 0x35, 0x40, 0x00, 0x90, 0x35, 0x1a, 0x00, 0x90, 0x31, 0x1a,
  0x00, 0x90, 0x38, 0x1f, 0x81, 0x70, 0x80, 0x38, 0x40, 0x00, 0x80, 0x31, 0x40, 0x00, 0x80, 0x35, 0x40, 0x00, 0x90,
  0x3a, 0x1a, 0x00, 0x90, 0x34, 0x15, 0x00, 0x90, 0x31, 0x15, 0x00, 0x90, 0x37, 0x15, 0x81, 0x70, 0x80, 0x37, 0x40,
  0x00, 0x80, 0x3a, 0x40, 0x00, 0x80, 0x34, 0x40, 0x00, 0x80, 0x31, 0x40, 0x00, 0x90, 0x32, 0x15, 0x00, 0x90, 0x37,
  0x15, 0x00, 0x90, 0x3b, 0x1a, 0x81, 0x70, 0x80, 0x3b, 0x40, 0x00, 0x80, 0x37, 0x40, 0x00, 0x80, 0x32, 0x40, 0x00,
  0x90, 0x3b, 0x2b, 0x00, 0x90, 0x2b, 0x20, 0x00, 0x90, 0x32, 0x20, 0x85, 0x50, 0x80, 0x32, 0x40, 0x00, 0x80, 0x2b,
  0x40, 0x00, 0x80, 0x3b, 0x40, 0x00, 0x90, 0x37, 0x1e, 0x00, 0x90, 0x2f, 0x1e, 0x00, 0x90, 0x3e, 0x24, 0x85, 0x50,
  0x80, 0x3e, 0x40, 0x00, 0x80, 0x2f, 0x40, 0x00, 0x80, 0x37, 0x40, 0x00, 0x90, 0x30, 0x1e, 0x00, 0x90, 0x40, 0x2a,
  0x00, 0x90, 0x37, 0x1e, 0x85, 0x50, 0x80, 0x37, 0x40, 0x00, 0x80, 0x40, 0x40, 0x00, 0x80, 0x30, 0x40, 0x00, 0x90,
  0x2f, 0x27, 0x00, 0x90, 0x37, 0x27, 0x00, 0x90, 0x3e, 0x2f, 0x81, 0x70, 0x80, 0x3e, 0x40, 0x00, 0x80, 0x37, 0x40,
  0x00, 0x90, 0x37, 0x23, 0x81, 0x70, 0x80, 0x37, 0x40, 0x00, 0x80, 0x2f, 0x40, 0x00, 0x90, 0x32, 0x24, 0x00, 0x90,
  0x36, 0x2b, 0x81, 0x70, 0x80, 0x36, 0x40, 0x00, 0x80, 0x32, 0x40, 0x00, 0x90, 0x32, 0x23, 0x00, 0x90, 0x36, 0x23,
  0x81, 0x70, 0x80, 0x36, 0x40, 0x00, 0x80, 0x32, 0x40, 0x00, 0x90, 0x31, 0x1f, 0x00, 0x90, 0x36, 0x1f, 0x00, 0x90,
  0x39, 0x1f, 0x81, 0x70, 0x80, 0x39, 0x40, 0x00, 0x80, 0x36, 0x40, 0x00, 0x80, 0x31, 0x40, 0x00, 0x90, 0x31, 0x1a,
  0x00, 0x90, 0x36, 0x1a, 0x00, 0x90, 0x39, 0x1a, 0x00, 0x90, 0x3d, 0x1f, 0x81, 0x6e, 0x80, 0x3d, 0x40, 0x00, 0x80,
  0x31, 0x40, 0x00, 0x80, 0x36, 0x40, 0x00, 0x80, 0x39, 0x40, 0x02, 0x90, 0x31, 0x1f, 0x00, 0x90, 0x35, 0x1f, 0x00,
  0x90, 0x38, 0x1f, 0x00, 0x90, 0x3d, 0x26, 0x83, 0x60, 0x80, 0x3d, 0x40, 0x00, 0x80, 0x31, 0x40, 0x00, 0x80, 0x35,
  0x40, 0x00, 0x80, 0x38, 0x40, 0x00, 0x90, 0x36, 0x1b, 0x00, 0x90, 0x39, 0x1b, 0x00, 0x90, 0x3d, 0x20, 0x81, 0x6e,
  0x80, 0x3d, 0x40, 0x00, 0x80, 0x39, 0x40, 0x00, 0x80, 0x36, 0x40, 0x02, 0x90, 0x39, 0x21, 0x00, 0x90, 0x36, 0x21,
  0x00, 0x90, 0x3d, 0x27, 0x81, 0x70, 0x80, 0x3d, 0x40, 0x00, 0x80, 0x36, 0x40, 0x00, 0x80, 0x39, 0x40, 0x00, 0x90,
  0x2f, 0x1a, 0x00, 0x90, 0x3e, 0x22, 0x81, 0x70, 0x80, 0x3e, 0x40, 0x00, 0x90, 0x37, 0x1f, 0x81, 0x70, 0x80, 0x37,
  0x40, 0x00, 0x80, 0x2f, 0x40, 0x00, 0x90, 0x3b, 0x27, 0x81, 0x70, 0x80, 0x3b, 0x40, 0x00, 0x90, 0x25, 0x1a, 0x00,
  0x90, 0x31, 0x1f, 0x81, 0x70, 0x80, 0x25, 0x40, 0x00, 0x90, 0x35, 0x1f, 0x81, 0x70, 0x80, 0x35, 0x40, 0x00, 0x80,
  0x31, 0x40, 0x00, 0x90, 0x31, 0x21, 0x00, 0x90, 0x2a, 0x21, 0x00, 0x90, 0x36, 0x27, 0x81, 0x70, 0x80, 0x36, 0x40,
  0x00, 0x80, 0x2a, 0x40, 0x00, 0x80, 0x31, 0x40, 0x00, 0x90, 0x31, 0x1f, 0x00, 0x90, 0x29, 0x1f, 0x00, 0x90, 0x38,
  0x25, 0x83, 0x60, 0x80, 0x38, 0x40, 0x00, 0x80, 0x29, 0x40, 0x00, 0x80, 0x31, 0x40, 0x00, 0x90, 0x31, 0x1c, 0x00,
  0x90, 0x2a, 0x1c, 0x00, 0x90, 0x36, 0x21, 0x81, 0x70, 0x80, 0x36, 0x40, 0x00, 0x80, 0x2a, 0x40, 0x00, 0x80, 0x31,
  0x40, 0x00, 0x90, 0x31, 0x14, 0x00, 0x90, 0x39, 0x20, 0x82, 0x68, 0x80, 0x39, 0x40, 0x00, 0x90, 0x35, 0x16, 0x78,
  0x80, 0x35, 0x40, 0x00, 0x80, 0x31, 0x40, 0x81, 0x70, 0x90, 0x2a, 0x1a, 0x78, 0x80, 0x2a, 0x40, 0x78, 0x90, 0x3d,
  0x1a, 0x00, 0x90, 0x39, 0x14, 0x00, 0x90, 0x36, 0x14, 0x00, 0x90, 0x31, 0x14, 0x78, 0x80, 0x31, 0x40, 0x00, 0x80,
  0x3d, 0x40, 0x00, 0x80, 0x39, 0x40, 0x00, 0x80, 0x36, 0x40, 0x78, 0x90, 0x3d, 0x1f, 0x00, 0x90, 0x39, 0x18, 0x00,
  0x90, 0x36, 0x18, 0x00, 0x90, 0x31, 0x18, 0x78, 0x80, 0x31, 0x40, 0x00, 0x80, 0x3d, 0x40, 0x00, 0x80, 0x39, 0x40,
  0x00, 0x80, 0x36, 0x40, 0x78, 0x90, 0x2a, 0x1a, 0x78, 0x80, 0x2a, 0x40, 0x78, 0x90, 0x3d, 0x1a, 0x00, 0x90, 0x39,
  0x14, 0x00, 0x90, 0x36, 0x14, 0x00, 0x90, 0x31, 0x14, 0x78, 0x80, 0x31, 0x40, 0x00, 0x80, 0x3d, 0x40, 0x00, 0x80,
  0x39, 0x40, 0x00, 0x80, 0x36, 0x40, 0x78, 0x90, 0x31, 0x17, 0x00, 0x90, 0x36, 0x17, 0x00, 0x90, 0x39, 0x17, 0x00,
  0x90, 0x3d, 0x1d, 0x78, 0x80, 0x3d, 0x40, 0x00, 0x80, 0x31, 0x40, 0x00, 0x80, 0x36, 0x40, 0x00, 0x80, 0x39, 0x40,
  0x78, 0x90, 0x2a, 0x1a, 0x78, 0x80, 0x2a, 0x40, 0x78, 0x90, 0x3d, 0x1a, 0x00, 0x90, 0x39, 0x14, 0x00, 0x90, 0x36,
  0x14, 0x00, 0x90, 0x31, 0x14, 0x78, 0x80, 0x31, 0x40, 0x00, 0x80, 0x3d, 0x40, 0x00, 0x80, 0x39, 0x40, 0x00, 0x80,
  0x36, 0x40, 0x78, 0x90, 0x31, 0x18, 0x00, 0x90, 0x36, 0x18, 0x00, 0x90, 0x39, 0x18, 0x00, 0x90, 0x3d, 0x1e, 0x78,
  0x80, 0x3d, 0x40, 0x00, 0x80, 0x31, 0x40, 0x00, 0x80, 0x36, 0x40, 0x00, 0x80, 0x39, 0x40, 0x78, 0x90, 0x2a, 0x1a,
  0x78, 0x80, 0x2a, 0x40, 0x78, 0x90, 0x3d, 0x1a, 0x00, 0x90, 0x39, 0x14, 0x00, 0x90, 0x36, 0x14, 0x00, 0x90, 0x31,
  0x14, 0x78, 0x80, 0x31, 0x40, 0x00, 0x80, 0x3d, 0x40, 0x00, 0x80, 0x39, 0x40, 0x00, 0x80, 0x36, 0x40, 0x78, 0x90,
  0x35, 0x17, 0x00, 0x90, 0x31, 0x17, 0x00, 0x90, 0x38, 0x17, 0x00, 0x90, 0x3b, 0x17, 0x00, 0x90, 0x3d, 0x1d, 0x78,
  0x80, 0x3d, 0x40, 0x00, 0x80, 0x38, 0x40, 0x00, 0x80, 0x35, 0x40, 0x00, 0x80, 0x31, 0x40, 0x00, 0x80, 0x3b, 0x40,
  0x78, 0x90, 0x2c, 0x1a, 0x78, 0x80, 0x2c, 0x40, 0x78, 0x90, 0x3e, 0x1a, 0x00, 0x90, 0x3b, 0x14, 0x00, 0x90, 0x38,
  0x14, 0x00, 0x90, 0x35, 0x14, 0x78, 0x80, 0x35, 0x40, 0x00, 0x80, 0x3e, 0x40, 0x00, 0x80, 0x3b, 0x40, 0x00, 0x80,
  0x38, 0x40, 0x78, 0x90, 0x35, 0x18, 0x00, 0x90, 0x38, 0x18, 0x00, 0x90, 0x3b, 0x18, 0x00, 0x90, 0x3e, 0x1e, 0x78,
  0x80, 0x3e, 0x40, 0x00, 0x80, 0x35, 0x40, 0x00, 0x80, 0x38, 0x40, 0x00, 0x80, 0x3b, 0x40, 0x78, 0x90, 0x2c, 0x1a,
  0x78, 0x80, 0x2c, 0x40, 0x78, 0x90, 0x3e, 0x1a, 0x00, 0x90, 0x3b, 0x14, 0x00, 0x90, 0x38, 0x14, 0x00, 0x90, 0x35,
  0x14, 0x78, 0x80, 0x35, 0x40, 0x00, 0x80, 0x3e, 0x40, 0x00, 0x80, 0x3b, 0x40, 0x00, 0x80, 0x38, 0x40, 0x78, 0x90,
  0x35, 0x17, 0x00, 0x90, 0x38, 0x17, 0x00, 0x90, 0x3b, 0x17, 0x00, 0x90, 0x3e, 0x1d, 0x78, 0x80, 0x3e, 0x40, 0x00,
  0x80, 0x35, 0x40, 0x00, 0x80, 0x38, 0x40, 0x00, 0x80, 0x3b, 0x40, 0x78, 0x90, 0x2c, 0x1a, 0x78, 0x80, 0x2c, 0x40,
  0x78, 0x90, 0x3e, 0x1a, 0x00, 0x90, 0x3b, 0x14, 0x00, 0x90, 0x38, 0x14, 0x00, 0x90, 0x35, 0x14, 0x78, 0x80, 0x35,
  0x40, 0x00, 0x80, 0x3e, 0x40, 0x00, 0x80, 0x3b, 0x40, 0x00, 0x80, 0x38, 0x40, 0x78, 0x90, 0x35, 0x18, 0x00, 0x90,
  0x38, 0x18, 0x00, 0x90, 0x3b, 0x18, 0x00, 0x90, 0x3e, 0x1e, 0x78, 0x80, 0x3e, 0x40, 0x00, 0x80, 0x35, 0x40, 0x00,
  0x80, 0x38, 0x40, 0x00, 0x80, 0x3b, 0x40, 0x78, 0x90, 0x2c, 0x1a, 0x78, 0x80, 0x2c, 0x40, 0x78, 0x90, 0x3d, 0x1a,
  0x00, 0x90, 0x3b, 0x14, 0x00, 0x90, 0x38, 0x14, 0x00, 0x90, 0x35, 0x14, 0x78, 0x80, 0x35, 0x40, 0x00, 0x80, 0x3d,
  0x40, 0x00, 0x80, 0x3b, 0x40, 0x00, 0x80, 0x38, 0x40, 0x78, 0x90, 0x31, 0x17, 0x00, 0x90, 0x36, 0x17, 0x00, 0x90,
  0x39, 0x17, 0x00, 0x90, 0x3d, 0x1d, 0x78, 0x80, 0x3d, 0x40, 0x00, 0x80, 0x31, 0x40, 0x00, 0x80, 0x36, 0x40, 0x00,
  0x80, 0x39, 0x40, 0x78, 0x90, 0x2a, 0x1a, 0x78, 0x80, 0x2a, 0x40, 0x78, 0x90, 0x3d, 0x1a, 0x00, 0x90, 0x39, 0x14,
  0x00, 0x90, 0x36, 0x14, 0x00, 0x90, 0x31, 0x14, 0x78, 0x80, 0x31, 0x40, 0x00, 0x80, 0x3d, 0x40, 0x00, 0x80, 0x39,
  0x40, 0x00, 0x80, 0x36, 0x40, 0x78, 0x90, 0x31, 0x18, 0x00, 0x90, 0x36, 0x18, 0x00, 0x90, 0x39, 0x18, 0x00, 0x90,
  0x3d, 0x1e, 0x78, 0x80, 0x3d, 0x40, 0x00, 0x80, 0x31, 0x40, 0x00, 0x80, 0x36, 0x40, 0x00, 0x80, 0x39, 0x40, 0x78,
  0x90, 0x2a, 0x1a, 0x78, 0x80, 0x2a, 0x40, 0x78, 0x90, 0x3d, 0x1a, 0x00, 0x90, 0x39, 0x14, 0x00, 0x90, 0x36, 0x14,
  0x00, 0x90, 0x31, 0x14, 0x78, 0x80, 0x31, 0x40, 0x00, 0x80, 0x3d, 0x40, 0x00, 0x80, 0x39, 0x40, 0x00, 0x80, 0x36,
  0x40, 0x78, 0x90, 0x35, 0x19, 0x00, 0x90, 0x31, 0x19, 0x00, 0x90, 0x38, 0x19, 0x00, 0x90, 0x3b, 0x19, 0x00, 0x90,
  0x3d, 0x20, 0x78, 0x80, 0x3d, 0x40, 0x00, 0x80, 0x38, 0x40, 0x00, 0x80, 0x35, 0x40, 0x00, 0x80, 0x31, 0x40, 0x00,
  0x80, 0x3b, 0x40, 0x78, 0x90, 0x2c, 0x1e, 0x78, 0x80, 0x2c, 0x40, 0x78, 0x90, 0x3e, 0x20, 0x00, 0x90, 0x3b, 0x18,
  0x00, 0x90, 0x38, 0x18, 0x00, 0x90, 0x35, 0x18, 0x78, 0x80, 0x35, 0x40, 0x00, 0x80, 0x3e, 0x40, 0x00, 0x80, 0x3b,
  0x40, 0x00, 0x80, 0x38, 0x40, 0x78, 0x90, 0x35, 0x1c, 0x00, 0x90, 0x38, 0x1c, 0x00, 0x90, 0x3b, 0x1c, 0x00, 0x90,
  0x3e, 0x23, 0x78, 0x80, 0x3e, 0x40, 0x00, 0x80, 0x35, 0x40, 0x00, 0x80, 0x38, 0x40, 0x00, 0x80, 0x3b, 0x40, 0x78,
  0x90, 0x2c, 0x1d, 0x78, 0x80, 0x2c, 0x40, 0x78, 0x90, 0x3e, 0x1c, 0x00, 0x90, 0x3b, 0x15, 0x00, 0x90, 0x38, 0x15,
  0x00, 0x90, 0x35, 0x15, 0x78, 0x80, 0x35, 0x40, 0x00, 0x80, 0x3e, 0x40, 0x00, 0x80, 0x3b, 0x40, 0x00, 0x80, 0x38,
  0x40, 0x78, 0x90, 0x35, 0x17, 0x00, 0x90, 0x38, 0x17, 0x00, 0x90, 0x3b, 0x17, 0x00, 0x90, 0x3e, 0x1d, 0x78, 0x80,
  0x3e, 0x40, 0x00, 0x80, 0x35, 0x40, 0x00, 0x80, 0x38, 0x40, 0x00, 0x80, 0x3b, 0x40, 0x78, 0x90, 0x2c, 0x1d, 0x78,
  0x80, 0x2c, 0x40, 0x78, 0x90, 0x3e, 0x1f, 0x00, 0x90, 0x3b, 0x18, 0x00, 0x90, 0x38, 0x18, 0x00, 0x90, 0x35, 0x18,
  0x78, 0x80, 0x35, 0x40, 0x00, 0x80, 0x3e, 0x40, 0x00, 0x80, 0x3b, 0x40, 0x00, 0x80, 0x38, 0x40, 0x78, 0x90, 0x35,
  0x1c, 0x00, 0x90, 0x38, 0x1c, 0x00, 0x90, 0x3b, 0x1c, 0x00, 0x90, 0x3e, 0x23, 0x78, 0x80, 0x3e, 0x40, 0x00, 0x80,
  0x35, 0x40, 0x00, 0x80, 0x38, 0x40, 0x00, 0x80, 0x3b, 0x40, 0x78, 0x90, 0x2c, 0x20, 0x78, 0x80, 0x2c, 0x40, 0x78,
  0x90, 0x3d, 0x20, 0x00, 0x90, 0x3b, 0x19, 0x00, 0x90, 0x38, 0x19, 0x00, 0x90, 0x35, 0x19, 0x78, 0x80, 0x35, 0x40,
  0x00, 0x80, 0x3d, 0x40, 0x00, 0x80, 0x3b, 0x40, 0x00, 0x80, 0x38, 0x40, 0x78, 0x90, 0x36, 0x1c, 0x00, 0x90, 0x39,
  0x1c, 0x00, 0x90, 0x3d, 0x24, 0x78, 0x80, 0x3d, 0x40, 0x00, 0x80, 0x39, 0x40, 0x00, 0x80, 0x36, 0x40, 0x78, 0x90,
  0x2d, 0x20, 0x78, 0x80, 0x2d, 0x40, 0x78, 0x90, 0x3d, 0x20, 0x00, 0x90, 0x39, 0x19, 0x00, 0x90, 0x36, 0x19, 0x78,
  0x80, 0x36, 0x40, 0x00, 0x80, 0x39, 0x40, 0x00, 0x80, 0x3d, 0x40, 0x78, 0x90, 0x35, 0x1e, 0x00, 0x90, 0x38, 0x1e,
  0x00, 0x90, 0x3b, 0x1e, 0x00, 0x90, 0x3e, 0x25, 0x78, 0x80, 0x3e, 0x40, 0x00, 0x80, 0x35, 0x40, 0x00, 0x80, 0x38,
  0x40, 0x00, 0x80, 0x3b, 0x40, 0x78, 0x90, 0x2c, 0x20, 0x78, 0x80, 0x2c, 0x40, 0x78, 0x90, 0x3d, 0x20, 0x00, 0x90,
  0x3b, 0x19, 0x00, 0x90, 0x38, 0x19, 0x00, 0x90, 0x35, 0x19, 0x78, 0x80, 0x35, 0x40, 0x00, 0x80, 0x3d, 0x40, 0x00,
  0x80, 0x3b, 0x40, 0x00, 0x80, 0x38, 0x40, 0x78, 0x90, 0x36, 0x1c, 0x00, 0x90, 0x39, 0x1c, 0x00, 0x90, 0x3d, 0x24,
  0x78, 0x80, 0x3d, 0x40, 0x00, 0x80, 0x39, 0x40, 0x00, 0x80, 0x36, 0x40, 0x78, 0x90, 0x2d, 0x20, 0x78, 0x80, 0x2d,
  0x40, 0x78, 0x90, 0x31, 0x19, 0x00, 0x90, 0x3d, 0x20, 0x00, 0x90, 0x39, 0x19, 0x00, 0x90, 0x36, 0x19, 0x78, 0x80,
  0x36, 0x40, 0x00, 0x80, 0x31, 0x40, 0x00, 0x80, 0x3d, 0x40, 0x00, 0x80, 0x39, 0x40, 0x78, 0x90, 0x31, 0x1e, 0x00,
  0x90, 0x35, 0x1e, 0x00, 0x90, 0x38, 0x1e, 0x00, 0x90, 0x3b, 0x1e, 0x00, 0x90, 0x3d, 0x25, 0x78, 0x80, 0x3d, 0x40,
  0x00, 0x80, 0x38, 0x40, 0x00, 0x80, 0x31, 0x40, 0x00, 0x80, 0x35, 0x40, 0x00, 0x80, 0x3b, 0x40, 0x78, 0x90, 0x2c,
  0x20, 0x78, 0x80, 0x2c, 0x40, 0x78, 0x90, 0x3d, 0x20, 0x00, 0x90, 0x3b, 0x19, 0x00, 0x90, 0x38, 0x19, 0x78, 0x80,
  0x38, 0x40, 0x00, 0x80, 0x3b, 0x40, 0x00, 0x80, 0x3d, 0x40, 0x78, 0x90, 0x39, 0x1e, 0x00, 0x90, 0x3d, 0x27, 0x78,
  0x80, 0x3d, 0x40, 0x00, 0x80, 0x39, 0x40, 0x78, 0x90, 0x2d, 0x23, 0x78, 0x80, 0x2d, 0x40, 0x78, 0x90, 0x3d, 0x24,
  0x00, 0x90, 0x3a, 0x1c, 0x78, 0x80, 0x3a, 0x40, 0x00, 0x80, 0x3d, 0x40, 0x78, 0x90, 0x3a, 0x22, 0x00, 0x90, 0x3d,
  0x2a, 0x78, 0x80, 0x3d, 0x40, 0x00, 0x80, 0x3a, 0x40, 0x78, 0x90, 0x2e, 0x28, 0x78, 0x80, 0x2e, 0x40, 0x78, 0x90,
  0x3f, 0x28, 0x00, 0x90, 0x3b, 0x1f, 0x78, 0x80, 0x3b, 0x40, 0x00, 0x80, 0x3f, 0x40, 0x78, 0x90, 0x3b, 0x24, 0x00,
  0x90, 0x3f, 0x2f, 0x78, 0x80, 0x3f, 0x40, 0x00, 0x80, 0x3b, 0x40, 0x78, 0x90, 0x2f, 0x2a, 0x78, 0x80, 0x2f, 0x40,
  0x78, 0x90, 0x40, 0x2a, 0x00, 0x90, 0x3d, 0x21, 0x78, 0x80, 0x3d, 0x40, 0x00, 0x80, 0x40, 0x40, 0x78, 0x90, 0x3d,
  0x28, 0x00, 0x90, 0x40, 0x32, 0x78, 0x80, 0x40, 0x40, 0x00, 0x80, 0x3d, 0x40, 0x78, 0x90, 0x31, 0x2c, 0x78, 0x80,
  0x31, 0x40, 0x78, 0x90, 0x42, 0x2c, 0x00, 0x90, 0x3f, 0x23, 0x78, 0x80, 0x3f, 0x40, 0x00, 0x80, 0x42, 0x40, 0x78,
  0x90, 0x42, 0x31, 0x00, 0x90, 0x3f, 0x29, 0x78, 0x80, 0x3f, 0x40, 0x00, 0x80, 0x42, 0x40, 0x00, 0x90, 0x33, 0x29,
  0x78, 0x80, 0x33, 0x40, 0x00, 0x90, 0x43, 0x31, 0x00, 0x90, 0x40, 0x29, 0x78, 0x80, 0x40, 0x40, 0x00, 0x80, 0x43,
  0x40, 0x00, 0x90, 0x34, 0x2a, 0x78, 0x80, 0x34, 0x40, 0x00, 0x90, 0x45, 0x33, 0x00, 0x90, 0x42, 0x2a, 0x78, 0x80,
  0x42, 0x40, 0x00, 0x80, 0x45, 0x40, 0x00, 0x90, 0x36, 0x29, 0x78, 0x80, 0x36, 0x40, 0x00, 0x90, 0x43, 0x2f, 0x00,
  0x90, 0x47, 0x38, 0x78, 0x80, 0x47, 0x40, 0x00, 0x80, 0x43, 0x40, 0x00, 0x90, 0x37, 0x2c, 0x78, 0x80, 0x37, 0x40,
  0x00, 0x90, 0x44, 0x30, 0x00, 0x90, 0x47, 0x39, 0x78, 0x80, 0x47, 0x40, 0x00, 0x80, 0x44, 0x40, 0x00, 0x90, 0x38,
  0x33, 0x78, 0x80, 0x38, 0x40, 0x00, 0x90, 0x45, 0x34, 0x00, 0x90, 0x49, 0x3e, 0x78, 0x80, 0x49, 0x40, 0x00, 0x80,
  0x45, 0x40, 0x00, 0x90, 0x39, 0x31, 0x78, 0x80, 0x39, 0x40, 0x00, 0x90, 0x45, 0x28, 0x00, 0x90, 0x49, 0x30, 0x81,
  0x70, 0x80, 0x49, 0x40, 0x00, 0x80, 0x45, 0x40, 0x00, 0x90, 0x3d, 0x28, 0x00, 0x90, 0x39, 0x22, 0x81, 0x70, 0x80,
  0x3d, 0x40, 0x00, 0x90, 0x3f, 0x23, 0x81, 0x70, 0x80, 0x39, 0x40, 0x00, 0x90, 0x39, 0x21, 0x78, 0x80, 0x3f, 0x40,
  0x00, 0x90, 0x3f, 0x20, 0x78, 0x80, 0x3f, 0x40, 0x00, 0x90, 0x42, 0x26, 0x78, 0x80, 0x42, 0x40, 0x00, 0x90, 0x40,
  0x22, 0x78, 0x80, 0x40, 0x40, 0x00, 0x90, 0x3f, 0x27, 0x78, 0x80, 0x3f, 0x40, 0x00, 0x90, 0x40, 0x23, 0x78, 0x80,
  0x40, 0x40, 0x00, 0x80, 0x39, 0x40, 0x00, 0x90, 0x39, 0x22, 0x00, 0x90, 0x3e, 0x30, 0x81, 0x70, 0x80, 0x3e, 0x40,
  0x00, 0x90, 0x3d, 0x28, 0x83, 0x60, 0x80, 0x39, 0x40, 0x00, 0x90, 0x39, 0x21, 0x78, 0x80, 0x3d, 0x40, 0x00, 0x90,
  0x3d, 0x20, 0x78, 0x80, 0x3d, 0x40, 0x00, 0x90, 0x40, 0x26, 0x78, 0x80, 0x40, 0x40, 0x00, 0x90, 0x3e, 0x22, 0x78,
  0x80, 0x3e, 0x40, 0x00, 0x90, 0x3d, 0x27, 0x78, 0x80, 0x3d, 0x40, 0x00, 0x90, 0x3e, 0x23, 0x78, 0x80, 0x3e, 0x40,
  0x00, 0x80, 0x39, 0x40, 0x00, 0x90, 0x39, 0x21, 0x00, 0x90, 0x3f, 0x27, 0x00, 0x90, 0x3c, 0x27, 0x81, 0x70, 0x80,
  0x3c, 0x40, 0x00, 0x80, 0x3f, 0x40, 0x00, 0x90, 0x40, 0x27, 0x00, 0x90, 0x3d, 0x21, 0x81, 0x70, 0x80, 0x3d, 0x40,
  0x00, 0x80, 0x40, 0x40, 0x00, 0x80, 0x39, 0x40, 0x00, 0x90, 0x3f, 0x27, 0x00, 0x90, 0x3a, 0x21, 0x78, 0x80, 0x3f,
  0x40, 0x00, 0x90, 0x40, 0x27, 0x77, 0x80, 0x40, 0x40, 0x01, 0x80, 0x3a, 0x40, 0x00, 0x90, 0x40, 0x2d, 0x00, 0x90,
  0x3a, 0x26, 0x78, 0x80, 0x40, 0x40, 0x00, 0x90, 0x3d, 0x27, 0x78, 0x80, 0x3d, 0x40, 0x00, 0x80, 0x3a, 0x40, 0x00,
  0x90, 0x40, 0x2c, 0x00, 0x90, 0x3b, 0x25, 0x78, 0x80, 0x40, 0x40, 0x00, 0x90, 0x3e, 0x27, 0x78, 0x80, 0x3e, 0x40,
  0x00, 0x80, 0x3b, 0x40, 0x00, 0x90, 0x3d, 0x2b, 0x00, 0x90, 0x38, 0x24, 0x78, 0x80, 0x3d, 0x40, 0x00, 0x90, 0x3e,
  0x27, 0x77, 0x80, 0x3e, 0x40, 0x01, 0x80, 0x38, 0x40, 0x00, 0x90, 0x38, 0x27, 0x00, 0x90, 0x3e, 0x2e, 0x81, 0x70,
  0x80, 0x3e, 0x40, 0x00, 0x80, 0x38, 0x40, 0x00, 0x90, 0x3d, 0x2a, 0x00, 0x90, 0x37, 0x23, 0x81, 0x70, 0x80, 0x37,
  0x40, 0x00, 0x80, 0x3d, 0x40, 0x00, 0x90, 0x39, 0x21, 0x00, 0x90, 0x36, 0x21, 0x00, 0x90, 0x3e, 0x27, 0x81, 0x70,
  0x80, 0x3e, 0x40, 0x00, 0x80, 0x36, 0x40, 0x00, 0x80, 0x39, 0x40, 0x00, 0x90, 0x34, 0x2d, 0x00, 0x90, 0x2d, 0x26,
  0x78, 0x80, 0x34, 0x40, 0x00, 0x90, 0x31, 0x27, 0x78, 0x80, 0x31, 0x40, 0x00, 0x80, 0x2d, 0x40, 0x00, 0x90, 0x34,
  0x39, 0x00, 0x90, 0x2f, 0x2b, 0x78, 0x80, 0x34, 0x40, 0x00, 0x90, 0x32, 0x30, 0x78, 0x80, 0x32, 0x40, 0x00, 0x80,
  0x2f, 0x40, 0x00, 0x90, 0x31, 0x39, 0x00, 0x90, 0x2c, 0x30, 0x78, 0x80, 0x31, 0x40, 0x00, 0x90, 0x32, 0x35, 0x78,
  0x80, 0x32, 0x40, 0x00, 0x80, 0x2c, 0x40, 0x00, 0x90, 0x29, 0x33, 0x00, 0x90, 0x32, 0x43, 0x78, 0x80, 0x32, 0x40,
  0x00, 0x90, 0x2c, 0x3b, 0x78, 0x80, 0x2c, 0x40, 0x00, 0x80, 0x29, 0x40, 0x00, 0x90, 0x2a, 0x35, 0x00, 0x90, 0x2f,
  0x45, 0x78, 0x80, 0x2f, 0x40, 0x00, 0x90, 0x2d, 0x3a, 0x78, 0x80, 0x2d, 0x40, 0x00, 0x90, 0x2c, 0x45, 0x78, 0x80,
  0x2c, 0x40, 0x00, 0x80, 0x2a, 0x40, 0x00, 0x90, 0x29, 0x2d, 0x00, 0x90, 0x2d, 0x3a, 0x78, 0x80, 0x2d, 0x40, 0x00,
  0x80, 0x29, 0x40, 0x00, 0x90, 0x28, 0x39, 0x00, 0x90, 0x2d, 0x44, 0x78, 0x80, 0x2d, 0x40, 0x00, 0x80, 0x28, 0x40,
  0x00, 0x90, 0x20, 0x3d, 0x78, 0x80, 0x20, 0x40, 0x00, 0x90, 0x22, 0x48, 0x78, 0x80, 0x22, 0x40, 0x00, 0x90, 0x21,
  0x3f, 0x78, 0x80, 0x21, 0x40, 0x00, 0x90, 0x20, 0x48, 0x78, 0x80, 0x20, 0x40, 0x00, 0x90, 0x21, 0x3e, 0x6e, 0x80,
  0x21, 0x40, 0x0a, 0x90, 0x21, 0x51, 0x78, 0x80, 0x21, 0x40, 0x00, 0x90, 0x34, 0x2b, 0x78, 0x80, 0x34, 0x40, 0x00,
  0x90, 0x31, 0x2f, 0x78, 0x80, 0x31, 0x40, 0x00, 0x90, 0x37, 0x2b, 0x78, 0x80, 0x37, 0x40, 0x00, 0x90, 0x34, 0x30,
  0x78, 0x80, 0x34, 0x40, 0x00, 0x90, 0x3a, 0x2b, 0x78, 0x80, 0x3a, 0x40, 0x00, 0x90, 0x38, 0x2f, 0x78, 0x80, 0x38,
  0x40, 0x00, 0x90, 0x39, 0x2b, 0x78, 0x80, 0x39, 0x40, 0x00, 0x90, 0x34, 0x2e, 0x78, 0x80, 0x34, 0x40, 0x00, 0x90,
  0x3b, 0x27, 0x78, 0x80, 0x3b, 0x40, 0x00, 0x90, 0x39, 0x2d, 0x78, 0x80, 0x39, 0x40, 0x00, 0x90, 0x37, 0x28, 0x78,
  0x80, 0x37, 0x40, 0x00, 0x90, 0x32, 0x20, 0x00, 0x90, 0x36, 0x26, 0x78, 0x80, 0x36, 0x40, 0x00, 0x90, 0x3b, 0x21,
  0x78, 0x80, 0x3b, 0x40, 0x00, 0x90, 0x38, 0x26, 0x78, 0x80, 0x38, 0x40, 0x00, 0x90, 0x39, 0x22, 0x78, 0x80, 0x39,
  0x40, 0x00, 0x90, 0x36, 0x26, 0x78, 0x80, 0x36, 0x40, 0x00, 0x90, 0x3b, 0x21, 0x78, 0x80, 0x3b, 0x40, 0x00, 0x90,
  0x38, 0x26, 0x78, 0x80, 0x38, 0x40, 0x00, 0x90, 0x39, 0x21, 0x78, 0x80, 0x39, 0x40, 0x00, 0x90, 0x36, 0x20, 0x78,
  0x80, 0x36, 0x40, 0x00, 0x90, 0x3b, 0x1c, 0x78, 0x80, 0x3b, 0x40, 0x00, 0x80, 0x32, 0x40, 0x00, 0x90, 0x32, 0x1b,
  0x00, 0x90, 0x36, 0x20, 0x78, 0x80, 0x36, 0x40, 0x00, 0x90, 0x39, 0x1c, 0x78, 0x80, 0x39, 0x40, 0x00, 0x80, 0x32,
  0x40, 0x00, 0x90, 0x31, 0x20, 0x00, 0x90, 0x34, 0x26, 0x78, 0x80, 0x34, 0x40, 0x00, 0x90, 0x39, 0x21, 0x78, 0x80,
  0x39, 0x40, 0x00, 0x80, 0x31, 0x40, 0x00, 0x90, 0x32, 0x20, 0x00, 0x90, 0x36, 0x26, 0x78, 0x80, 0x36, 0x40, 0x00,
  0x90, 0x39, 0x22, 0x78, 0x80, 0x39, 0x40, 0x00, 0x80, 0x32, 0x40, 0x00, 0x90, 0x34, 0x22, 0x00, 0x90, 0x37, 0x29,
  0x78, 0x80, 0x37, 0x40, 0x00, 0x90, 0x39, 0x24, 0x76, 0x80, 0x34, 0x40, 0x02, 0x80, 0x39, 0x40, 0x00, 0x90, 0x34,
  0x22, 0x00, 0x90, 0x37, 0x28, 0x78, 0x80, 0x37, 0x40, 0x00, 0x90, 0x39, 0x22, 0x78, 0x80, 0x39, 0x40, 0x00, 0x80,
  0x34, 0x40, 0x00, 0x90, 0x32, 0x20, 0x00, 0x90, 0x36, 0x26, 0x78, 0x80, 0x36, 0x40, 0x00, 0x90, 0x39, 0x20, 0x78,
  0x80, 0x39, 0x40, 0x00, 0x80, 0x32, 0x40, 0x00, 0x90, 0x31, 0x1f, 0x00, 0x90, 0x34, 0x25, 0x78, 0x80, 0x34, 0x40,
  0x00, 0x90, 0x39, 0x22, 0x78, 0x80, 0x39, 0x40, 0x00, 0x80, 0x31, 0x40, 0x00, 0x90, 0x32, 0x20, 0x00, 0x90, 0x36,
  0x26, 0x78, 0x80, 0x36, 0x40, 0x00, 0x90, 0x3b, 0x21, 0x78, 0x80, 0x3b, 0x40, 0x00, 0x90, 0x38, 0x26, 0x78, 0x80,
  0x38, 0x40, 0x00, 0x90, 0x39, 0x22, 0x78, 0x80, 0x39, 0x40, 0x00, 0x90, 0x36, 0x26, 0x78, 0x80, 0x36, 0x40, 0x00,
  0x90, 0x3b, 0x21, 0x78, 0x80, 0x3b, 0x40, 0x00, 0x90, 0x38, 0x26, 0x78, 0x80, 0x38, 0x40, 0x00, 0x90, 0x39, 0x21,
  0x78, 0x80, 0x39, 0x40, 0x00, 0x90, 0x36, 0x26, 0x78, 0x80, 0x36, 0x40, 0x00, 0x90, 0x3b, 0x20, 0x78, 0x80, 0x3b,
  0x40, 0x00, 0x80, 0x32, 0x40, 0x00, 0x90, 0x32, 0x1d, 0x00, 0x90, 0x36, 0x22, 0x78, 0x80, 0x36, 0x40, 0x00, 0x90,
  0x39, 0x1d, 0x78, 0x80, 0x39, 0x40, 0x00, 0x80, 0x32, 0x40, 0x00, 0x90, 0x31, 0x1b, 0x00, 0x90, 0x34, 0x20, 0x78,
  0x80, 0x34, 0x40, 0x00, 0x90, 0x39, 0x1c, 0x78, 0x80, 0x39, 0x40, 0x00, 0x80, 0x31, 0x40, 0x00, 0x90, 0x32, 0x1c,
  0x00, 0x90, 0x36, 0x22, 0x78, 0x80, 0x36, 0x40, 0x00, 0x90, 0x39, 0x1f, 0x78, 0x80, 0x39, 0x40, 0x00, 0x80, 0x32,
  0x40, 0x00, 0x90, 0x34, 0x20, 0x00, 0x90, 0x37, 0x27, 0x78, 0x80, 0x37, 0x40, 0x00, 0x90, 0x39, 0x23, 0x76, 0x80,
  0x34, 0x40, 0x02, 0x80, 0x39, 0x40, 0x00, 0x90, 0x34, 0x22, 0x00, 0x90, 0x37, 0x28, 0x78, 0x80, 0x37, 0x40, 0x00,
  0x90, 0x39, 0x22, 0x78, 0x80, 0x39, 0x40, 0x00, 0x80, 0x34, 0x40, 0x00, 0x90, 0x32, 0x20, 0x00, 0x90, 0x36, 0x26,
  0x78, 0x80, 0x36, 0x40, 0x00, 0x90, 0x39, 0x20, 0x78, 0x80, 0x39, 0x40, 0x00, 0x80, 0x32, 0x40, 0x00, 0x90, 0x31,
  0x1f, 0x00, 0x90, 0x34, 0x25, 0x78, 0x80, 0x34, 0x40, 0x00, 0x90, 0x39, 0x22, 0x78, 0x80, 0x39, 0x40, 0x00, 0x80,
  0x31, 0x40, 0x00, 0x90, 0x32, 0x20, 0x00, 0x90, 0x36, 0x26, 0x51, 0x80, 0x36, 0x40, 0x00, 0x90, 0x3b, 0x21, 0x4f,
  0x90, 0x39, 0x21, 0x01, 0x80, 0x3b, 0x40, 0x4f, 0x80, 0x39, 0x40, 0x00, 0x90, 0x38, 0x26, 0x50, 0x90, 0x3b, 0x22,
  0x01, 0x80, 0x38, 0x40, 0x4f, 0x80, 0x3b, 0x40, 0x00, 0x90, 0x39, 0x22, 0x3c, 0x80, 0x39, 0x40, 0x14, 0x90, 0x36,
  0x26, 0x51, 0x80, 0x36, 0x40, 0x00, 0x90, 0x3b, 0x21, 0x4f, 0x90, 0x39, 0x21, 0x01, 0x80, 0x3b, 0x40, 0x3b, 0x80,
  0x39, 0x40, 0x14, 0x90, 0x38, 0x26, 0x50, 0x90, 0x3b, 0x21, 0x01, 0x80, 0x38, 0x40, 0x4f, 0x80, 0x3b, 0x40, 0x00,
  0x90, 0x39, 0x21, 0x3c, 0x80, 0x39, 0x40, 0x14, 0x90, 0x36, 0x26, 0x51, 0x80, 0x36, 0x40, 0x00, 0x90, 0x3b, 0x22,
  0x4f, 0x90, 0x39, 0x22, 0x01, 0x80, 0x3b, 0x40, 0x3b, 0x80, 0x39, 0x40, 0x14, 0x80, 0x32, 0x40, 0x00, 0x90, 0x32,
  0x20, 0x00, 0x90, 0x36, 0x26, 0x50, 0x90, 0x3a, 0x22, 0x01, 0x80, 0x36, 0x40, 0x4f, 0x80, 0x3a, 0x40, 0x00, 0x90,
  0x39, 0x22, 0x3c, 0x80, 0x39, 0x40, 0x14, 0x80, 0x32, 0x40, 0x00, 0x90, 0x31, 0x20, 0x00, 0x90, 0x34, 0x26, 0x50,
  0x90, 0x3b, 0x21, 0x01, 0x80, 0x34, 0x40, 0x4f, 0x80, 0x3b, 0x40, 0x00, 0x90, 0x39, 0x21, 0x3c, 0x80, 0x39, 0x40,
  0x14, 0x80, 0x31, 0x40, 0x00, 0x90, 0x32, 0x20, 0x00, 0x90, 0x36, 0x26, 0x50, 0x90, 0x3b, 0x22, 0x01, 0x80, 0x36,
  0x40, 0x4f, 0x80, 0x3b, 0x40, 0x00, 0x90, 0x39, 0x22, 0x3c, 0x80, 0x39, 0x40, 0x14, 0x80, 0x32, 0x40, 0x00, 0x90,
  0x34, 0x22, 0x00, 0x90, 0x37, 0x29, 0x50, 0x90, 0x3b, 0x24, 0x01, 0x80, 0x37, 0x40, 0x4f, 0x80, 0x3b, 0x40, 0x00,
  0x90, 0x39, 0x24, 0x3c, 0x80, 0x39, 0x40, 0x12, 0x80, 0x34, 0x40, 0x02, 0x90, 0x34, 0x22, 0x00, 0x90, 0x37, 0x28,
  0x50, 0x90, 0x3b, 0x22, 0x01, 0x80, 0x37, 0x40, 0x4f, 0x80, 0x3b, 0x40, 0x00, 0x90, 0x39, 0x22, 0x3c, 0x80, 0x39,
  0x40, 0x14, 0x80, 0x34, 0x40, 0x00, 0x90, 0x32, 0x20, 0x00, 0x90, 0x36, 0x26, 0x50, 0x90, 0x3b, 0x20, 0x01, 0x80,
  0x36, 0x40, 0x4f, 0x80, 0x3b, 0x40, 0x00, 0x90, 0x39, 0x20, 0x3c, 0x80, 0x39, 0x40, 0x14, 0x80, 0x32, 0x40, 0x00,
  0x90, 0x31, 0x1f, 0x00, 0x90, 0x34, 0x25, 0x50, 0x90, 0x3b, 0x22, 0x01, 0x80, 0x34, 0x40, 0x4f, 0x80, 0x3b, 0x40,
  0x00, 0x90, 0x39, 0x22, 0x3c, 0x80, 0x39, 0x40, 0x14, 0x80, 0x31, 0x40, 0x00, 0x90, 0x32, 0x20, 0x00, 0x90, 0x36,
  0x26, 0x51, 0x80, 0x36, 0x40, 0x00, 0x90, 0x3b, 0x27, 0x4f, 0x90, 0x39, 0x27, 0x01, 0x80, 0x3b, 0x40, 0x4f, 0x80,
  0x39, 0x40, 0x00, 0x90, 0x38, 0x2e, 0x50, 0x90, 0x3b, 0x29, 0x01, 0x80, 0x38, 0x40, 0x4f, 0x80, 0x3b, 0x40, 0x00,
  0x90, 0x39, 0x2a, 0x3c, 0x80, 0x39, 0x40, 0x14, 0x90, 0x36, 0x2f, 0x51, 0x80, 0x36, 0x40, 0x00, 0x90, 0x3b, 0x29,
  0x4f, 0x90, 0x39, 0x2a, 0x01, 0x80, 0x3b, 0x40, 0x3b, 0x80, 0x39, 0x40, 0x14, 0x90, 0x38, 0x31, 0x50, 0x90, 0x3b,
  0x2a, 0x01, 0x80, 0x38, 0x40, 0x4f, 0x80, 0x3b, 0x40, 0x00, 0x90, 0x39, 0x2b, 0x3c, 0x80, 0x39, 0x40, 0x14, 0x90,
  0x36, 0x32, 0x51, 0x80, 0x36, 0x40, 0x00, 0x90, 0x3b, 0x2d, 0x4f, 0x90, 0x39, 0x2d, 0x01, 0x80, 0x3b, 0x40, 0x3b,
  0x80, 0x39, 0x40, 0x14, 0x80, 0x32, 0x40, 0x00, 0x90, 0x32, 0x2b, 0x00, 0x90, 0x36, 0x33, 0x50, 0x90, 0x3a, 0x32,
  0x01, 0x80, 0x36, 0x40, 0x4f, 0x80, 0x3a, 0x40, 0x00, 0x90, 0x39, 0x32, 0x3c, 0x80, 0x39, 0x40, 0x14, 0x80, 0x32,
  0x40, 0x00, 0x90, 0x31, 0x2c, 0x00, 0x90, 0x34, 0x35, 0x50, 0x90, 0x3b, 0x2e, 0x01, 0x80, 0x34, 0x40, 0x4f, 0x80,
  0x3b, 0x40, 0x00, 0x90, 0x39, 0x2e, 0x3c, 0x80, 0x39, 0x40, 0x14, 0x80, 0x31, 0x40, 0x00, 0x90, 0x32, 0x2d, 0x00,
  0x90, 0x36, 0x36, 0x50, 0x90, 0x3b, 0x30, 0x01, 0x80, 0x36, 0x40, 0x4f, 0x80, 0x3b, 0x40, 0x00, 0x90, 0x39, 0x31,
  0x3c, 0x80, 0x39, 0x40, 0x14, 0x80, 0x32, 0x40, 0x00, 0x90, 0x34, 0x32, 0x00, 0x90, 0x37, 0x3c, 0x50, 0x90, 0x3b,
  0x35, 0x01, 0x80, 0x37, 0x40, 0x4f, 0x80, 0x3b, 0x40, 0x00, 0x90, 0x39, 0x36, 0x3c, 0x80, 0x39, 0x40, 0x14, 0x80,
  0x34, 0x40, 0x00, 0x90, 0x34, 0x32, 0x00, 0x90, 0x37, 0x3c, 0x50, 0x90, 0x3b, 0x33, 0x01, 0x80, 0x37, 0x40, 0x4f,
  0x80, 0x3b, 0x40, 0x00, 0x90, 0x39, 0x33, 0x3c, 0x80, 0x39, 0x40, 0x14, 0x80, 0x34, 0x40, 0x00, 0x90, 0x32, 0x31,
  0x00, 0x90, 0x36, 0x3a, 0x50, 0x90, 0x3b, 0x31, 0x01, 0x80, 0x36, 0x40, 0x4f, 0x80, 0x3b, 0x40, 0x00, 0x90, 0x39,
  0x32, 0x3c, 0x80, 0x39, 0x40, 0x14, 0x80, 0x32, 0x40, 0x00, 0x90, 0x31, 0x31, 0x00, 0x90, 0x34, 0x3a, 0x50, 0x90,
  0x39, 0x35, 0x01, 0x80, 0x34, 0x40, 0x4f, 0x80, 0x39, 0x40, 0x00, 0x90, 0x37, 0x28, 0x3c, 0x80, 0x37, 0x40, 0x14,
  0x80, 0x31, 0x40, 0x00, 0x90, 0x36, 0x28, 0x00, 0x90, 0x32, 0x32, 0x50, 0x80, 0x36, 0x40, 0x00, 0x90, 0x39, 0x24,
  0x50, 0x80, 0x39, 0x40, 0x00, 0x90, 0x37, 0x24, 0x50, 0x80, 0x37, 0x40, 0x00, 0x90, 0x36, 0x28, 0x50, 0x80, 0x36,
  0x40, 0x00, 0x90, 0x37, 0x26, 0x50, 0x80, 0x37, 0x40, 0x00, 0x90, 0x39, 0x26, 0x50, 0x80, 0x39, 0x40, 0x00, 0x90,
  0x3b, 0x28, 0x50, 0x80, 0x3b, 0x40, 0x00, 0x90, 0x3d, 0x25, 0x50, 0x80, 0x3d, 0x40, 0x00, 0x90, 0x3e, 0x25, 0x50,
  0x80, 0x3e, 0x40, 0x00, 0x80, 0x32, 0x40, 0x00, 0x90, 0x40, 0x28, 0x00, 0x90, 0x34, 0x32, 0x81, 0x70, 0x80, 0x40,
  0x40, 0x00, 0x90, 0x40, 0x28, 0x50, 0x80, 0x40, 0x40, 0x00, 0x90, 0x3e, 0x24, 0x50, 0x80, 0x3e, 0x40, 0x00, 0x90,
  0x3d, 0x24, 0x50, 0x80, 0x3d, 0x40, 0x00, 0x90, 0x3b, 0x28, 0x50, 0x80, 0x3b, 0x40, 0x00, 0x90, 0x39, 0x23, 0x50,
  0x80, 0x39, 0x40, 0x00, 0x90, 0x37, 0x23, 0x50, 0x80, 0x37, 0x40, 0x00, 0x80, 0x34, 0x40, 0x00, 0x90, 0x3d, 0x28,
  0x00, 0x90, 0x36, 0x32, 0x50, 0x80, 0x3d, 0x40, 0x00, 0x90, 0x3e, 0x24, 0x50, 0x80, 0x3e, 0x40, 0x00, 0x90, 0x3d,
  0x25, 0x50, 0x80, 0x3d, 0x40, 0x00, 0x90, 0x39, 0x2a, 0x50, 0x80, 0x39, 0x40, 0x00, 0x90, 0x3b, 0x28, 0x50, 0x80,
  0x3b, 0x40, 0x00, 0x90, 0x3c, 0x29, 0x50, 0x80, 0x3c, 0x40, 0x00, 0x90, 0x3e, 0x2c, 0x50, 0x80, 0x3e, 0x40, 0x00,
  0x90, 0x40, 0x29, 0x50, 0x80, 0x40, 0x40, 0x00, 0x90, 0x42, 0x29, 0x50, 0x80, 0x42, 0x40, 0x00, 0x80, 0x36, 0x40,
  0x00, 0x90, 0x43, 0x2e, 0x00, 0x90, 0x37, 0x39, 0x82, 0x40, 0x80, 0x43, 0x40, 0x00, 0x90, 0x42, 0x2b, 0x50, 0x80,
  0x42, 0x40, 0x00, 0x90, 0x40, 0x2c, 0x50, 0x80, 0x40, 0x40, 0x00, 0x90, 0x3e, 0x32, 0x50, 0x80, 0x3e, 0x40, 0x00,
  0x90, 0x3c, 0x2c, 0x50, 0x80, 0x3c, 0x40, 0x00, 0x90, 0x3b, 0x2c, 0x50, 0x80, 0x3b, 0x40, 0x00, 0x80, 0x37, 0x40,
  0x00, 0x90, 0x40, 0x34, 0x00, 0x90, 0x39, 0x41, 0x50, 0x80, 0x40, 0x40, 0x00, 0x90, 0x3d, 0x2f, 0x50, 0x80, 0x3d,
  0x40, 0x00, 0x90, 0x3e, 0x2f, 0x50, 0x80, 0x3e, 0x40, 0x00, 0x90, 0x40, 0x36, 0x50, 0x80, 0x40, 0x40, 0x00, 0x90,
  0x42, 0x33, 0x50, 0x80, 0x42, 0x40, 0x00, 0x90, 0x43, 0x34, 0x50, 0x80, 0x43, 0x40, 0x00, 0x80, 0x39, 0x40, 0x00,
  0x90, 0x3b, 0x46, 0x00, 0x90, 0x42, 0x38, 0x50, 0x80, 0x42, 0x40, 0x00, 0x90, 0x40, 0x34, 0x50, 0x80, 0x40, 0x40,
  0x00, 0x90, 0x3e, 0x34, 0x50, 0x80, 0x3e, 0x40, 0x00, 0x80, 0x3b, 0x40, 0x00, 0x90, 0x46, 0x3a, 0x00, 0x90, 0x3d,
  0x48, 0x50, 0x80, 0x46, 0x40, 0x00, 0x90, 0x40, 0x34, 0x50, 0x80, 0x40, 0x40, 0x00, 0x90, 0x42, 0x35, 0x50, 0x80,
  0x42, 0x40, 0x00, 0x90, 0x43, 0x3c, 0x50, 0x80, 0x43, 0x40, 0x00, 0x90, 0x45, 0x39, 0x50, 0x80, 0x45, 0x40, 0x00,
  0x90, 0x46, 0x3a, 0x50, 0x80, 0x46, 0x40, 0x00, 0x80, 0x3d, 0x40, 0x00, 0x90, 0x3f, 0x4d, 0x00, 0x90, 0x45, 0x3e,
  0x50, 0x80, 0x45, 0x40, 0x00, 0x90, 0x43, 0x39, 0x50, 0x80, 0x43, 0x40, 0x00, 0x90, 0x42, 0x3a, 0x50, 0x80, 0x42,
  0x40, 0x00, 0x80, 0x3f, 0x40, 0x00, 0x90, 0x43, 0x3a, 0x00, 0x90, 0x40, 0x48, 0x50, 0x80, 0x43, 0x40, 0x00, 0x90,
  0x46, 0x34, 0x50, 0x80, 0x46, 0x40, 0x00, 0x90, 0x49, 0x35, 0x50, 0x80, 0x49, 0x40, 0x00, 0x80, 0x40, 0x40, 0x00,
  0x90, 0x42, 0x32, 0x00, 0x90, 0x48, 0x33, 0x50, 0x80, 0x48, 0x40, 0x00, 0x90, 0x47, 0x30, 0x50, 0x80, 0x47, 0x40,
  0x00, 0x90, 0x48, 0x31, 0x50, 0x80, 0x48, 0x40, 0x00, 0x80, 0x42, 0x40, 0x00, 0x90, 0x43, 0x41, 0x00, 0x90, 0x47,
  0x34, 0x50, 0x80, 0x47, 0x40, 0x00, 0x90, 0x45, 0x30, 0x50, 0x80, 0x45, 0x40, 0x00, 0x80, 0x43, 0x40, 0x00, 0x90,
  0x37, 0x34, 0x00, 0x90, 0x43, 0x34, 0x50, 0x80, 0x43, 0x40, 0x00, 0x80, 0x37, 0x40, 0x00, 0x90, 0x3b, 0x30, 0x00,
  0x90, 0x38, 0x34, 0x50, 0x80, 0x3b, 0x40, 0x00, 0x90, 0x3d, 0x2f, 0x50, 0x80, 0x3d, 0x40, 0x00, 0x90, 0x3e, 0x27,
  0x50, 0x80, 0x3e, 0x40, 0x00, 0x90, 0x41, 0x2d, 0x50, 0x80, 0x41, 0x40, 0x00, 0x90, 0x40, 0x26, 0x50, 0x80, 0x40,
  0x40, 0x00, 0x90, 0x3e, 0x25, 0x50, 0x80, 0x3e, 0x40, 0x00, 0x80, 0x38, 0x40, 0x00, 0x90, 0x3d, 0x2b, 0x00, 0x90,
  0x37, 0x26, 0x50, 0x80, 0x3d, 0x40, 0x00, 0x90, 0x3f, 0x24, 0x50, 0x80, 0x3f, 0x40, 0x00, 0x90, 0x40, 0x23, 0x50,
  0x80, 0x40, 0x40, 0x00, 0x80, 0x37, 0x40, 0x00, 0x90, 0x42, 0x27, 0x00, 0x90, 0x45, 0x2e, 0x85, 0x50, 0x80, 0x45,
  0x40, 0x00, 0x80, 0x42, 0x40, 0x00, 0x90, 0x3f, 0x20, 0x00, 0x90, 0x42, 0x26, 0x83, 0x5e, 0x80, 0x42, 0x40, 0x00,
  0x80, 0x3f, 0x40, 0x02, 0x90, 0x3b, 0x1a, 0x00, 0x90, 0x3f, 0x1a, 0x00, 0x90, 0x42, 0x1f, 0x81, 0x70, 0x80, 0x42,
  0x40, 0x00, 0x80, 0x3f, 0x40, 0x00, 0x80, 0x3b, 0x40, 0x00, 0x90, 0x40, 0x29, 0x00, 0x90, 0x43, 0x29, 0x82, 0x68,
  0x80, 0x43, 0x40, 0x00, 0x80, 0x40, 0x40, 0x00, 0x90, 0x37, 0x1e, 0x00, 0x90, 0x3b, 0x24, 0x78, 0x80, 0x3b, 0x40,
  0x00, 0x80, 0x37, 0x40, 0x00, 0x90, 0x37, 0x2b, 0x00, 0x90, 0x45, 0x2b, 0x78, 0x80, 0x45, 0x40, 0x00, 0x90, 0x43,
  0x25, 0x78, 0x80, 0x43, 0x40, 0x00, 0x80, 0x37, 0x40, 0x00, 0x90, 0x42, 0x2e, 0x00, 0x90, 0x39, 0x27, 0x78, 0x80,
  0x42, 0x40, 0x00, 0x90, 0x44, 0x27, 0x78, 0x80, 0x44, 0x40, 0x00, 0x90, 0x47, 0x2c, 0x78, 0x80, 0x47, 0x40, 0x00,
  0x90, 0x45, 0x28, 0x78, 0x80, 0x45, 0x40, 0x00, 0x80, 0x39, 0x40, 0x00, 0x90, 0x21, 0x26, 0x00, 0x90, 0x2d, 0x2d,
  0x78, 0x80, 0x2d, 0x40, 0x00, 0x80, 0x21, 0x40, 0x00, 0x90, 0x1f, 0x26, 0x00, 0x90, 0x2b, 0x2d, 0x3c, 0x80, 0x2b,
  0x40, 0x00, 0x80, 0x1f, 0x40, 0x00, 0x90, 0x1e, 0x27, 0x00, 0x90, 0x2a, 0x2e, 0x3c, 0x80, 0x2a, 0x40, 0x00, 0x80,
  0x1e, 0x40, 0x00, 0x90, 0x1e, 0x34, 0x3c, 0x80, 0x1e, 0x40, 0x00, 0x90, 0x21, 0x2c, 0x3c, 0x80, 0x21, 0x40, 0x00,
  0x90, 0x24, 0x2b, 0x3c, 0x80, 0x24, 0x40, 0x00, 0x90, 0x27, 0x2a, 0x3c, 0x80, 0x27, 0x40, 0x00, 0x90, 0x2a, 0x29,
  0x3c, 0x80, 0x2a, 0x40, 0x00, 0x90, 0x2d, 0x28, 0x3c, 0x80, 0x2d, 0x40, 0x00, 0x90, 0x30, 0x27, 0x3c, 0x80, 0x30,
  0x40, 0x00, 0x90, 0x33, 0x26, 0x3c, 0x80, 0x33, 0x40, 0x00, 0x90, 0x36, 0x24, 0x3c, 0x80, 0x36, 0x40, 0x00, 0x90,
  0x3c, 0x1b, 0x3c, 0x80, 0x3c, 0x40, 0x00, 0x90, 0x37, 0x1b, 0x3c, 0x80, 0x37, 0x40, 0x00, 0x90, 0x3b, 0x1b, 0x3c,
  0x80, 0x3b, 0x40, 0x00, 0x90, 0x2b, 0x16, 0x00, 0x90, 0x37, 0x1a, 0x83, 0x60, 0x80, 0x37, 0x40, 0x00, 0x80, 0x2b,
  0x40, 0x81, 0x70, 0x90, 0x21, 0x27, 0x50, 0x80, 0x21, 0x40, 0x00, 0x90, 0x26, 0x22, 0x50, 0x80, 0x26, 0x40, 0x00,
  0x90, 0x2a, 0x22, 0x50, 0x80, 0x2a, 0x40, 0x00, 0x90, 0x2d, 0x27, 0x3c, 0x90, 0x32, 0x20, 0x3c, 0x80, 0x32, 0x40,
  0x00, 0x90, 0x36, 0x20, 0x3c, 0x80, 0x36, 0x40, 0x00, 0x90, 0x39, 0x20, 0x3c, 0x80, 0x39, 0x40, 0x00, 0x90, 0x32,
  0x26, 0x3c, 0x80, 0x32, 0x40, 0x00, 0x90, 0x36, 0x22, 0x3c, 0x80, 0x36, 0x40, 0x00, 0x80, 0x2d, 0x40, 0x00, 0x90,
  0x2f, 0x1c, 0x00, 0x90, 0x32, 0x22, 0x3c, 0x80, 0x32, 0x40, 0x00, 0x90, 0x35, 0x22, 0x3c, 0x80, 0x35, 0x40, 0x00,
  0x80, 0x2f, 0x40, 0x00, 0x90, 0x31, 0x20, 0x00, 0x90, 0x34, 0x26, 0x81, 0x6e, 0x80, 0x34, 0x40, 0x00, 0x80, 0x31,
  0x40, 0x02, 0x90, 0x2e, 0x19, 0x00, 0x90, 0x31, 0x19, 0x00, 0x90, 0x34, 0x19, 0x00, 0x90, 0x37, 0x1e, 0x82, 0x68,
  0x80, 0x37, 0x40, 0x00, 0x80, 0x2e, 0x40, 0x00, 0x80, 0x31, 0x40, 0x00, 0x80, 0x34, 0x40, 0x00, 0x90, 0x2f, 0x16,
  0x00, 0x90, 0x33, 0x16, 0x00, 0x90, 0x36, 0x1b, 0x78, 0x80, 0x36, 0x40, 0x00, 0x80, 0x33, 0x40, 0x00, 0x80, 0x2f,
  0x40, 0x00, 0x90, 0x2f, 0x19, 0x00, 0x90, 0x33, 0x19, 0x00, 0x90, 0x36, 0x1e, 0x83, 0x5b, 0x80, 0x36, 0x40, 0x00,
  0x80, 0x33, 0x40, 0x00, 0x80, 0x2f, 0x40, 0x05, 0x90, 0x2f, 0x16, 0x00, 0x90, 0x33, 0x16, 0x00, 0x90, 0x36, 0x16,
  0x00, 0x90, 0x3b, 0x1b, 0x81, 0x6e, 0x80, 0x3b, 0x40, 0x00, 0x80, 0x2f, 0x40, 0x00, 0x80, 0x33, 0x40, 0x00, 0x80,
  0x36, 0x40, 0x02, 0x90, 0x2f, 0x19, 0x00, 0x90, 0x33, 0x19, 0x00, 0x90, 0x36, 0x19, 0x00, 0x90, 0x3b, 0x1e, 0x83,
  0x5b, 0x80, 0x3b, 0x40, 0x00, 0x80, 0x2f, 0x40, 0x00, 0x80, 0x33, 0x40, 0x00, 0x80, 0x36, 0x40, 0x05, 0x90, 0x2f,
  0x16, 0x00, 0x90, 0x33, 0x16, 0x00, 0x90, 0x36, 0x16, 0x00, 0x90, 0x3b, 0x1b, 0x81, 0x6e, 0x80, 0x3b, 0x40, 0x00,
  0x80, 0x2f, 0x40, 0x00, 0x80, 0x33, 0x40, 0x00, 0x80, 0x36, 0x40, 0x02, 0x90, 0x23, 0x19, 0x00, 0x90, 0x2f, 0x1e,
  0x81, 0x6e, 0x80, 0x2f, 0x40, 0x00, 0x80, 0x23, 0x40, 0x02, 0x90, 0x1e, 0x19, 0x00, 0x90, 0x2a, 0x1e, 0x83, 0x5b,
  0x80, 0x2a, 0x40, 0x00, 0x80, 0x1e, 0x40, 0x05, 0x90, 0x1f, 0x19, 0x00, 0x90, 0x2b, 0x1e, 0x81, 0x6e, 0x80, 0x2b,
  0x40, 0x00, 0x80, 0x1f, 0x40, 0x02, 0x90, 0x21, 0x15, 0x00, 0x90, 0x2d, 0x19, 0x83, 0x5b, 0x80, 0x2d, 0x40, 0x00,
  0x80, 0x21, 0x40, 0x05, 0x90, 0x1a, 0x14, 0x00, 0x90, 0x26, 0x18, 0x83, 0x60, 0x80, 0x26, 0x40, 0x00, 0x80, 0x1a,
  0x40, 0x00, 0x90, 0x36, 0x16, 0x81, 0x70, 0x80, 0x36, 0x40, 0x00, 0x90, 0x2d, 0x18, 0x83, 0x60, 0x80, 0x2d, 0x40,
  0x00, 0x90, 0x39, 0x15, 0x81, 0x70, 0x80, 0x39, 0x40, 0x00, 0x90, 0x36, 0x18, 0x83, 0x60, 0x80, 0x36, 0x40, 0x00,
  0x90, 0x21, 0x1c, 0x00, 0x90, 0x2d, 0x22, 0x81, 0x70, 0x80, 0x2d, 0x40, 0x00, 0x80, 0x21, 0x40, 0x00, 0x90, 0x2f,
  0x28, 0x00, 0x90, 0x23, 0x1b, 0x00, 0x90, 0x2d, 0x22, 0x83, 0x60, 0x80, 0x2d, 0x40, 0x00, 0x80, 0x23, 0x40, 0x00,
  0x80, 0x2f, 0x40, 0x00, 0x90, 0x25, 0x1d, 0x00, 0x90, 0x31, 0x1d, 0x00, 0x90, 0x2d, 0x1d, 0x81, 0x6e, 0x80, 0x2d,
  0x40, 0x00, 0x80, 0x31, 0x40, 0x00, 0x80, 0x25, 0x40, 0x02, 0x90, 0x2d, 0x1e, 0x00, 0x90, 0x26, 0x1e, 0x00, 0x90,
  0x32, 0x24, 0x83, 0x60, 0x80, 0x32, 0x40, 0x00, 0x80, 0x26, 0x40, 0x00, 0x80, 0x2d, 0x40, 0x00, 0x90, 0x42, 0x21,
  0x81, 0x70, 0x80, 0x42, 0x40, 0x00, 0x90, 0x39, 0x21, 0x83, 0x60, 0x80, 0x39, 0x40, 0x00, 0x90, 0x2a, 0x1a, 0x00,
  0x90, 0x2d, 0x1a, 0x00, 0x90, 0x36, 0x1f, 0x81, 0x70, 0x80, 0x36, 0x40, 0x00, 0x80, 0x2d, 0x40, 0x00, 0x80, 0x2a,
  0x40, 0x00, 0x90, 0x2d, 0x1c, 0x00, 0x90, 0x39, 0x21, 0x83, 0x60, 0x80, 0x39, 0x40, 0x00, 0x80, 0x2d, 0x40, 0x00,
  0x90, 0x2a, 0x1c, 0x00, 0x90, 0x2d, 0x1c, 0x00, 0x90, 0x36, 0x21, 0x83, 0x60, 0x80, 0x36, 0x40, 0x00, 0x80, 0x2d,
  0x40, 0x00, 0x80, 0x2a, 0x40, 0x00, 0x90, 0x28, 0x1c, 0x00, 0x90, 0x2d, 0x1c, 0x00, 0x90, 0x34, 0x22, 0x81, 0x70,
  0x80, 0x34, 0x40, 0x00, 0x80, 0x2d, 0x40, 0x00, 0x80, 0x28, 0x40, 0x00, 0x90, 0x21, 0x1d, 0x00, 0x90, 0x2d, 0x22,
  0x81, 0x70, 0x80, 0x2d, 0x40, 0x00, 0x80, 0x21, 0x40, 0x00, 0x90, 0x26, 0x1e, 0x00, 0x90, 0x2d, 0x24, 0x85, 0x50,
  0x80, 0x2d, 0x40, 0x00, 0x80, 0x26, 0x40, 0x00, 0x90, 0x21, 0x1f, 0x00, 0x90, 0x2d, 0x25, 0x85, 0x49, 0x80, 0x2d,
  0x40, 0x00, 0x80, 0x21, 0x40, 0x07, 0x90, 0x21, 0x20, 0x00, 0x90, 0x2d, 0x26, 0x83, 0x60, 0x80, 0x2d, 0x40, 0x00,
  0x80, 0x21, 0x40, 0x00, 0x90, 0x2b, 0x2b, 0x78, 0x80, 0x2b, 0x40, 0x00, 0x90, 0x2a, 0x2d, 0x78, 0x80, 0x2a, 0x40,
  0x00, 0x90, 0x28, 0x35, 0x78, 0x80, 0x28, 0x40, 0x00, 0x90, 0x26, 0x30, 0x78, 0x80, 0x26, 0x40, 0x00, 0x90, 0x25,
  0x40, 0x50, 0x80, 0x25, 0x40, 0x00, 0x90, 0x28, 0x35, 0x50, 0x80, 0x28, 0x40, 0x00, 0x90, 0x2d, 0x37, 0x50, 0x80,
  0x2d, 0x40, 0x00, 0x90, 0x31, 0x41, 0x50, 0x80, 0x31, 0x40, 0x00, 0x90, 0x34, 0x3b, 0x50, 0x80, 0x34, 0x40, 0x00,
  0x90, 0x39, 0x3b, 0x50, 0x80, 0x39, 0x40, 0x00, 0x90, 0x2a, 0x24, 0x00, 0x90, 0x36, 0x2b, 0x85, 0x50, 0x80, 0x36,
  0x40, 0x00, 0x80, 0x2a, 0x40, 0x00, 0x90, 0x2d, 0x24, 0x00, 0x90, 0x39, 0x2b, 0x85, 0x50, 0x80, 0x39, 0x40, 0x00,
  0x80, 0x2d, 0x40, 0x00, 0x90, 0x32, 0x24, 0x00, 0x90, 0x3e, 0x2b, 0x85, 0x50, 0x80, 0x3e, 0x40, 0x00, 0x80, 0x32,
  0x40, 0x00, 0x90, 0x2f, 0x24, 0x00, 0x90, 0x3b, 0x2b, 0x83, 0x60, 0x80, 0x3b, 0x40, 0x00, 0x80, 0x2f, 0x40, 0x00,
  0x90, 0x2b, 0x1e, 0x00, 0x90, 0x37, 0x24, 0x81, 0x70, 0x80, 0x37, 0x40, 0x00, 0x80, 0x2b, 0x40, 0x00, 0x90, 0x28,
  0x27, 0x00, 0x90, 0x34, 0x2f, 0x83, 0x60, 0x80, 0x34, 0x40, 0x00, 0x80, 0x28, 0x40, 0x00, 0x90, 0x34, 0x24, 0x00,
  0x90, 0x37, 0x2b, 0x81, 0x6e, 0x80, 0x37, 0x40, 0x00, 0x80, 0x34, 0x40, 0x02, 0x90, 0x31, 0x24, 0x00, 0x90, 0x34,
  0x2b, 0x83, 0x60, 0x80, 0x34, 0x40, 0x00, 0x80, 0x31, 0x40, 0x00, 0x90, 0x2f, 0x25, 0x00, 0x90, 0x32, 0x2c, 0x78,
  0x80, 0x32, 0x40, 0x00, 0x80, 0x2f, 0x40, 0x00, 0x90, 0x2e, 0x26, 0x00, 0x90, 0x31, 0x2d, 0x77, 0x80, 0x31, 0x40,
  0x00, 0x80, 0x2e, 0x40, 0x01, 0x90, 0x2e, 0x2f, 0x78, 0x80, 0x2e, 0x40, 0x00, 0x90, 0x31, 0x2c, 0x78, 0x80, 0x31,
  0x40, 0x00, 0x90, 0x36, 0x2f, 0x78, 0x80, 0x36, 0x40, 0x00, 0x90, 0x3a, 0x31, 0x78, 0x80, 0x3a, 0x40, 0x00, 0x90,
  0x3d, 0x33, 0x78, 0x80, 0x3d, 0x40, 0x00, 0x90, 0x42, 0x35, 0x78, 0x80, 0x42, 0x40, 0x00, 0x90, 0x44, 0x38, 0x00,
  0x90, 0x42, 0x2f, 0x00, 0x90, 0x3f, 0x2f, 0x00, 0x90, 0x3c, 0x2f, 0x85, 0x50, 0x80, 0x3c, 0x40, 0x00, 0x80, 0x44,
  0x40, 0x00, 0x80, 0x42, 0x40, 0x00, 0x80, 0x3f, 0x40, 0x00, 0x90, 0x2c, 0x2a, 0x00, 0x90, 0x38, 0x32, 0x83, 0x60,
  0x80, 0x38, 0x40, 0x00, 0x80, 0x2c, 0x40, 0x00, 0x90, 0x29, 0x26, 0x00, 0x90, 0x35, 0x2d, 0x81, 0x6e, 0x80, 0x35,
  0x40, 0x00, 0x80, 0x29, 0x40, 0x02, 0x90, 0x29, 0x2a, 0x00, 0x90, 0x35, 0x32, 0x81, 0x70, 0x80, 0x35, 0x40, 0x00,
  0x80, 0x29, 0x40, 0x00, 0x90, 0x25, 0x26, 0x00, 0x90, 0x31, 0x2d, 0x81, 0x70, 0x80, 0x31, 0x40, 0x00, 0x80, 0x25,
  0x40, 0x00, 0x90, 0x27, 0x26, 0x00, 0x90, 0x33, 0x2d, 0x81, 0x70, 0x80, 0x33, 0x40, 0x00, 0x80, 0x27, 0x40, 0x00,
  0x90, 0x29, 0x2a, 0x00, 0x90, 0x35, 0x32, 0x83, 0x60, 0x80, 0x35, 0x40, 0x00, 0x80, 0x29, 0x40, 0x00, 0x90, 0x35,
  0x26, 0x00, 0x90, 0x38, 0x2d, 0x81, 0x70, 0x80, 0x38, 0x40, 0x00, 0x80, 0x35, 0x40, 0x00, 0x90, 0x36, 0x2a, 0x00,
  0x90, 0x39, 0x32, 0x83, 0x60, 0x80, 0x39, 0x40, 0x00, 0x80, 0x36, 0x40, 0x00, 0x90, 0x3d, 0x30, 0x00, 0x90, 0x39,
  0x28, 0x81, 0x70, 0x80, 0x39, 0x40, 0x00, 0x80, 0x3d, 0x40, 0x00, 0x90, 0x3d, 0x32, 0x00, 0x90, 0x39, 0x2a, 0x83,
  0x60, 0x80, 0x39, 0x40, 0x00, 0x80, 0x3d, 0x40, 0x00, 0x90, 0x3c, 0x2e, 0x00, 0x90, 0x38, 0x27, 0x81, 0x6e, 0x80,
  0x38, 0x40, 0x00, 0x80, 0x3c, 0x40, 0x02, 0x90, 0x38, 0x2a, 0x00, 0x90, 0x3c, 0x32, 0x81, 0x70, 0x80, 0x3c, 0x40,
  0x00, 0x80, 0x38, 0x40, 0x00, 0x90, 0x3f, 0x2e, 0x00, 0x90, 0x3c, 0x27, 0x81, 0x70, 0x80, 0x3c, 0x40, 0x00, 0x80,
  0x3f, 0x40, 0x00, 0x90, 0x41, 0x2e, 0x00, 0x90, 0x3d, 0x27, 0x81, 0x70, 0x80, 0x3d, 0x40, 0x00, 0x80, 0x41, 0x40,
  0x00, 0x90, 0x3e, 0x32, 0x78, 0x80, 0x3e, 0x40, 0x00, 0x90, 0x41, 0x2d, 0x78, 0x80, 0x41, 0x40, 0x00, 0x90, 0x44,
  0x30, 0x78, 0x80, 0x44, 0x40, 0x00, 0x90, 0x4a, 0x33, 0x78, 0x80, 0x4a, 0x40, 0x00, 0x90, 0x4d, 0x34, 0x6e, 0x80,
  0x4d, 0x40, 0x0a, 0x90, 0x50, 0x31, 0x78, 0x80, 0x50, 0x40, 0x00, 0x90, 0x4a, 0x2e, 0x00, 0x90, 0x4d, 0x2e, 0x00,
  0x90, 0x50, 0x2e, 0x00, 0x90, 0x52, 0x37, 0x83, 0x60, 0x80, 0x52, 0x40, 0x00, 0x80, 0x4a, 0x40, 0x00, 0x80, 0x4d,
  0x40, 0x00, 0x80, 0x50, 0x40, 0x81, 0x70, 0x90, 0x2b, 0x3e, 0x78, 0x80, 0x2b, 0x40, 0x00, 0x90, 0x2e, 0x32, 0x78,
  0x80, 0x2e, 0x40, 0x00, 0x90, 0x33, 0x32, 0x78, 0x80, 0x33, 0x40, 0x00, 0x90, 0x37, 0x2f, 0x78, 0x80, 0x37, 0x40,
  0x00, 0x90, 0x3a, 0x36, 0x78, 0x80, 0x3a, 0x40, 0x00, 0x90, 0x3f, 0x2d, 0x78, 0x80, 0x3f, 0x40, 0x00, 0x90, 0x2e,
  0x35, 0x78, 0x80, 0x2e, 0x40, 0x00, 0x90, 0x33, 0x2d, 0x78, 0x80, 0x33, 0x40, 0x00, 0x90, 0x37, 0x33, 0x78, 0x80,
  0x37, 0x40, 0x00, 0x90, 0x3a, 0x2d, 0x78, 0x80, 0x3a, 0x40, 0x00, 0x90, 0x38, 0x2d, 0x78, 0x80, 0x38, 0x40, 0x00,
  0x90, 0x35, 0x2d, 0x78, 0x80, 0x35, 0x40, 0x00, 0x90, 0x33, 0x37, 0x78, 0x80, 0x33, 0x40, 0x00, 0x90, 0x37, 0x31,
  0x78, 0x80, 0x37, 0x40, 0x00, 0x90, 0x3a, 0x31, 0x78, 0x80, 0x3a, 0x40, 0x00, 0x90, 0x3f, 0x31, 0x78, 0x80, 0x3f,
  0x40, 0x00, 0x90, 0x2c, 0x36, 0x78, 0x80, 0x2c, 0x40, 0x00, 0x90, 0x38, 0x2f, 0x78, 0x80, 0x38, 0x40, 0x00, 0x90,
  0x2f, 0x36, 0x78, 0x80, 0x2f, 0x40, 0x00, 0x90, 0x33, 0x30, 0x78, 0x80, 0x33, 0x40, 0x00, 0x90, 0x38, 0x33, 0x78,
  0x80, 0x38, 0x40, 0x00, 0x90, 0x3b, 0x2d, 0x78, 0x80, 0x3b, 0x40, 0x00, 0x90, 0x31, 0x2d, 0x78, 0x80, 0x31, 0x40,
  0x00, 0x90, 0x3d, 0x2d, 0x78, 0x80, 0x3d, 0x40, 0x00, 0x90, 0x2e, 0x41, 0x78, 0x80, 0x2e, 0x40, 0x00, 0x90, 0x31,
  0x2a, 0x78, 0x80, 0x31, 0x40, 0x00, 0x90, 0x36, 0x33, 0x78, 0x80, 0x36, 0x40, 0x00, 0x90, 0x3a, 0x2e, 0x78, 0x80,
  0x3a, 0x40, 0x00, 0x90, 0x31, 0x3a, 0x78, 0x80, 0x31, 0x40, 0x00, 0x90, 0x3d, 0x2e, 0x78, 0x80, 0x3d, 0x40, 0x00,
  0x90, 0x33, 0x3a, 0x78, 0x80, 0x33, 0x40, 0x00, 0x90, 0x37, 0x2f, 0x78, 0x80, 0x37, 0x40, 0x00, 0x90, 0x3a, 0x37,
  0x78, 0x80, 0x3a, 0x40, 0x00, 0x90, 0x3d, 0x2f, 0x78, 0x80, 0x3d, 0x40, 0x00, 0x90, 0x37, 0x1e, 0x78, 0x80, 0x37,
  0x40, 0x00, 0x90, 0x3a, 0x1e, 0x78, 0x80, 0x3a, 0x40, 0x00, 0x90, 0x38, 0x27, 0x78, 0x80, 0x38, 0x40, 0x00, 0x90,
  0x3b, 0x1a, 0x78, 0x80, 0x3b, 0x40, 0x00, 0x90, 0x3f, 0x1a, 0x78, 0x80, 0x3f, 0x40, 0x00, 0x90, 0x44, 0x1a, 0x76,
  0x80, 0x44, 0x40, 0x02, 0x90, 0x3c, 0x1f, 0x78, 0x80, 0x3c, 0x40, 0x00, 0x90, 0x3f, 0x1f, 0x78, 0x80, 0x3f, 0x40,
  0x00, 0x90, 0x3d, 0x28, 0x78, 0x80, 0x3d, 0x40, 0x00, 0x90, 0x40, 0x22, 0x78, 0x80, 0x40, 0x40, 0x00, 0x90, 0x44,
  0x22, 0x78, 0x80, 0x44, 0x40, 0x00, 0x90, 0x49, 0x1d, 0x76, 0x80, 0x49, 0x40, 0x02, 0x90, 0x41, 0x22, 0x78, 0x80,
  0x41, 0x40, 0x00, 0x90, 0x44, 0x1f, 0x78, 0x80, 0x44, 0x40, 0x00, 0x90, 0x36, 0x27, 0x78, 0x80, 0x36, 0x40, 0x00,
  0x90, 0x3a, 0x1f, 0x78, 0x80, 0x3a, 0x40, 0x00, 0x90, 0x3d, 0x1f, 0x78, 0x80, 0x3d, 0x40, 0x00, 0x90, 0x42, 0x2d,
  0x78, 0x80, 0x42, 0x40, 0x00, 0x90, 0x27, 0x3b, 0x78, 0x80, 0x27, 0x40, 0x00, 0x90, 0x33, 0x34, 0x78, 0x80, 0x33,
  0x40, 0x00, 0x90, 0x2a, 0x3a, 0x78, 0x80, 0x2a, 0x40, 0x00, 0x90, 0x2e, 0x31, 0x78, 0x80, 0x2e, 0x40, 0x00, 0x90,
  0x33, 0x39, 0x78, 0x80, 0x33, 0x40, 0x00, 0x90, 0x36, 0x31, 0x78, 0x80, 0x36, 0x40, 0x00, 0x90, 0x2c, 0x35, 0x78,
  0x80, 0x2c, 0x40, 0x00, 0x90, 0x38, 0x31, 0x78, 0x80, 0x38, 0x40, 0x00, 0x90, 0x28, 0x3b, 0x78, 0x80, 0x28, 0x40,
  0x00, 0x90, 0x2c, 0x33, 0x78, 0x80, 0x2c, 0x40, 0x00, 0x90, 0x31, 0x34, 0x78, 0x80, 0x31, 0x40, 0x00, 0x90, 0x34,
  0x32, 0x78, 0x80, 0x34, 0x40, 0x00, 0x90, 0x2c, 0x32, 0x78, 0x80, 0x2c, 0x40, 0x00, 0x90, 0x38, 0x2d, 0x78, 0x80,
  0x38, 0x40, 0x00, 0x90, 0x2d, 0x36, 0x78, 0x80, 0x2d, 0x40, 0x00, 0x90, 0x31, 0x31, 0x78, 0x80, 0x31, 0x40, 0x00,
  0x90, 0x34, 0x31, 0x78, 0x80, 0x34, 0x40, 0x00, 0x90, 0x39, 0x31, 0x76, 0x80, 0x39, 0x40, 0x02, 0x90, 0x31, 0x25,
  0x78, 0x80, 0x31, 0x40, 0x00, 0x90, 0x3d, 0x22, 0x78, 0x80, 0x3d, 0x40, 0x00, 0x90, 0x33, 0x27, 0x78, 0x90, 0x36,
  0x1f, 0x78, 0x90, 0x3a, 0x1f, 0x78, 0x80, 0x3a, 0x40, 0x00, 0x90, 0x3f, 0x1f, 0x76, 0x80, 0x3f, 0x40, 0x02, 0x80,
  0x36, 0x40, 0x00, 0x80, 0x33, 0x40, 0x00, 0x90, 0x37, 0x23, 0x78, 0x80, 0x37, 0x40, 0x00, 0x90, 0x3a, 0x1f, 0x78,
  0x80, 0x3a, 0x40, 0x00, 0x90, 0x38, 0x25, 0x78, 0x80, 0x38, 0x40, 0x00, 0x90, 0x3b, 0x22, 0x78, 0x80, 0x3b, 0x40,
  0x00, 0x90, 0x3f, 0x22, 0x78, 0x80, 0x3f, 0x40, 0x00, 0x90, 0x44, 0x22, 0x78, 0x80, 0x44, 0x40, 0x00, 0x90, 0x3c,
  0x25, 0x78, 0x80, 0x3c, 0x40, 0x00, 0x90, 0x3f, 0x22, 0x78, 0x80, 0x3f, 0x40, 0x00, 0x90, 0x3d, 0x29, 0x78, 0x80,
  0x3d, 0x40, 0x00, 0x90, 0x41, 0x1f, 0x78, 0x80, 0x41, 0x40, 0x00, 0x90, 0x44, 0x1f, 0x78, 0x80, 0x44, 0x40, 0x00,
  0x90, 0x49, 0x1f, 0x76, 0x80, 0x49, 0x40, 0x02, 0x90, 0x41, 0x2a, 0x78, 0x80, 0x41, 0x40, 0x00, 0x90, 0x44, 0x24,
  0x78, 0x80, 0x44, 0x40, 0x00, 0x90, 0x42, 0x2a, 0x78, 0x80, 0x42, 0x40, 0x00, 0x90, 0x45, 0x22, 0x78, 0x80, 0x45,
  0x40, 0x00, 0x90, 0x49, 0x22, 0x78, 0x80, 0x49, 0x40, 0x00, 0x90, 0x4e, 0x22, 0x78, 0x80, 0x4e, 0x40, 0x00, 0x90,
  0x3b, 0x25, 0x78, 0x80, 0x3b, 0x40, 0x00, 0x90, 0x47, 0x22, 0x00, 0x90, 0x3b, 0x22, 0x76, 0x80, 0x47, 0x40, 0x02,
  0x80, 0x3b, 0x40, 0x78, 0x90, 0x38, 0x1c, 0x00, 0x90, 0x44, 0x21, 0x78, 0x80, 0x44, 0x40, 0x00, 0x80, 0x38, 0x40,
  0x78, 0x90, 0x41, 0x21, 0x00, 0x90, 0x35, 0x1c, 0x78, 0x80, 0x35, 0x40, 0x00, 0x80, 0x41, 0x40, 0x82, 0x68, 0x90,
  0x3d, 0x1e, 0x00, 0x90, 0x31, 0x19, 0x78, 0x80, 0x31, 0x40, 0x00, 0x80, 0x3d, 0x40, 0x78, 0x90, 0x25, 0x19, 0x00,
  0x90, 0x31, 0x1e, 0x78, 0x80, 0x31, 0x40, 0x00, 0x80, 0x25, 0x40, 0x82, 0x68, 0x90, 0x25, 0x16, 0x00, 0x90, 0x31,
  0x1a, 0x78, 0x80, 0x31, 0x40, 0x00, 0x80, 0x25, 0x40, 0x78, 0x90, 0x25, 0x19, 0x78, 0x80, 0x25, 0x40, 0x82, 0x68,
  0x90, 0x25, 0x16, 0x78, 0x80, 0x25, 0x40, 0x78, 0x90, 0x25, 0x15, 0x78, 0x80, 0x25, 0x40, 0x00, 0x90, 0x25, 0x15,
  0x81, 0x70, 0x80, 0x25, 0x40, 0x00, 0x90, 0x25, 0x1e, 0x81, 0x6e, 0x80, 0x25, 0x40, 0x02, 0x90, 0x25, 0x18, 0x81,
  0x6e, 0x80, 0x25, 0x40, 0x02, 0x90, 0x2c, 0x18, 0x00, 0x90, 0x25, 0x14, 0x81, 0x6e, 0x80, 0x25, 0x40, 0x00, 0x80,
  0x2c, 0x40, 0x02, 0x90, 0x25, 0x14, 0x00, 0x90, 0x2c, 0x18, 0x81, 0x6e, 0x80, 0x2c, 0x40, 0x00, 0x80, 0x25, 0x40,
  0x02, 0x90, 0x25, 0x14, 0x00, 0x90, 0x2c, 0x18, 0x81, 0x6e, 0x80, 0x2c, 0x40, 0x00, 0x80, 0x25, 0x40, 0x02, 0x90,
  0x1e, 0x14, 0x00, 0x90, 0x25, 0x14, 0x00, 0x90, 0x2a, 0x18, 0x81, 0x6e, 0x80, 0x2a, 0x40, 0x00, 0x80, 0x25, 0x40,
  0x00, 0x80, 0x1e, 0x40, 0x02, 0x90, 0x1e, 0x14, 0x00, 0x90, 0x25, 0x14, 0x00, 0x90, 0x2a, 0x18, 0x81, 0x6e, 0x80,
  0x2a, 0x40, 0x00, 0x80, 0x25, 0x40, 0x00, 0x80, 0x1e, 0x40, 0x02, 0x90, 0x25, 0x14, 0x00, 0x90, 0x2a, 0x14, 0x00,
  0x90, 0x31, 0x18, 0x81, 0x6e, 0x80, 0x31, 0x40, 0x00, 0x80, 0x2a, 0x40, 0x00, 0x80, 0x25, 0x40, 0x02, 0x90, 0x25,
  0x14, 0x00, 0x90, 0x2a, 0x14, 0x00, 0x90, 0x31, 0x18, 0x81, 0x6e, 0x80, 0x31, 0x40, 0x00, 0x80, 0x2a, 0x40, 0x00,
  0x80, 0x25, 0x40, 0x02, 0x90, 0x25, 0x14, 0x00, 0x90, 0x2a, 0x14, 0x00, 0x90, 0x31, 0x18, 0x81, 0x6e, 0x80, 0x31,
  0x40, 0x00, 0x80, 0x2a, 0x40, 0x00, 0x80, 0x25, 0x40, 0x02, 0x90, 0x25, 0x14, 0x00, 0x90, 0x2a, 0x14, 0x00, 0x90,
  0x31, 0x18, 0x81, 0x6e, 0x80, 0x31, 0x40, 0x00, 0x80, 0x2a, 0x40, 0x00, 0x80, 0x25, 0x40, 0x02, 0x90, 0x25, 0x14,
  0x00, 0x90, 0x29, 0x14, 0x00, 0x90, 0x31, 0x18, 0x81, 0x6e, 0x80, 0x31, 0x40, 0x00, 0x80, 0x29, 0x40, 0x00, 0x80,
  0x25, 0x40, 0x02, 0x90, 0x25, 0x1c, 0x00, 0x90, 0x2a, 0x1c, 0x00, 0x90, 0x31, 0x22, 0x81, 0x6e, 0x80, 0x2a, 0x40,
  0x00, 0x80, 0x25, 0x40, 0x00, 0x80, 0x31, 0x40, 0x02, 0x90, 0x25, 0x17, 0x00, 0x90, 0x2a, 0x17, 0x00, 0x90, 0x31,
  0x1b, 0x81, 0x6e, 0x80, 0x31, 0x40, 0x00, 0x80, 0x2a, 0x40, 0x00, 0x80, 0x25, 0x40, 0x02, 0x90, 0x26, 0x18, 0x00,
  0x90, 0x2a, 0x18, 0x00, 0x90, 0x32, 0x1c, 0x81, 0x6e, 0x80, 0x32, 0x40, 0x00, 0x80, 0x2a, 0x40, 0x00, 0x80, 0x26,
  0x40, 0x02, 0x90, 0x26, 0x19, 0x00, 0x90, 0x2a, 0x19, 0x00, 0x90, 0x32, 0x1e, 0x81, 0x6e, 0x80, 0x32, 0x40, 0x00,
  0x80, 0x2a, 0x40, 0x00, 0x80, 0x26, 0x40, 0x02, 0x90, 0x26, 0x1a, 0x00, 0x90, 0x2a, 0x1a, 0x00, 0x90, 0x32, 0x1f,
  0x81, 0x6e, 0x80, 0x32, 0x40, 0x00, 0x80, 0x2a, 0x40, 0x00, 0x80, 0x26, 0x40, 0x02, 0x90, 0x23, 0x1b, 0x00, 0x90,
  0x2a, 0x1b, 0x00, 0x90, 0x2f, 0x20, 0x81, 0x6e, 0x80, 0x2f, 0x40, 0x00, 0x80, 0x2a, 0x40, 0x00, 0x80, 0x23, 0x40,
  0x02, 0x90, 0x23, 0x1d, 0x00, 0x90, 0x2a, 0x1d, 0x00, 0x90, 0x2f, 0x23, 0x81, 0x6e, 0x80, 0x2f, 0x40, 0x00, 0x80,
  0x2a, 0x40, 0x00, 0x80, 0x23, 0x40, 0x02, 0x90, 0x2f, 0x1d, 0x00, 0x90, 0x36, 0x1d, 0x00, 0x90, 0x3b, 0x22, 0x81,
  0x6e, 0x80, 0x3b, 0x40, 0x00, 0x80, 0x36, 0x40, 0x00, 0x80, 0x2f, 0x40, 0x02, 0x90, 0x2d, 0x1e, 0x00, 0x90, 0x36,
  0x1e, 0x00, 0x90, 0x39, 0x24, 0x81, 0x6e, 0x80, 0x39, 0x40, 0x00, 0x80, 0x36, 0x40, 0x00, 0x80, 0x2d, 0x40, 0x02,
  0x90, 0x2d, 0x1f, 0x00, 0x90, 0x36, 0x1f, 0x00, 0x90, 0x39, 0x25, 0x81, 0x6e, 0x80, 0x39, 0x40, 0x00, 0x80, 0x36,
  0x40, 0x00, 0x80, 0x2d, 0x40, 0x02, 0x90, 0x2c, 0x20, 0x00, 0x90, 0x31, 0x20, 0x00, 0x90, 0x38, 0x26, 0x81, 0x6e,
  0x80, 0x38, 0x40, 0x00, 0x80, 0x31, 0x40, 0x00, 0x80, 0x2c, 0x40, 0x02, 0x90, 0x2a, 0x21, 0x00, 0x90, 0x31, 0x21,
  0x00, 0x90, 0x36, 0x27, 0x81, 0x6e, 0x80, 0x36, 0x40, 0x00, 0x80, 0x31, 0x40, 0x00, 0x80, 0x2a, 0x40, 0x02, 0x90,
  0x29, 0x23, 0x00, 0x90, 0x31, 0x23, 0x00, 0x90, 0x38, 0x2a, 0x81, 0x6e, 0x80, 0x38, 0x40, 0x00, 0x80, 0x31, 0x40,
  0x00, 0x80, 0x29, 0x40, 0x02, 0x90, 0x29, 0x22, 0x00, 0x90, 0x31, 0x22, 0x00, 0x90, 0x38, 0x28, 0x81, 0x6e, 0x80,
  0x38, 0x40, 0x00, 0x80, 0x31, 0x40, 0x00, 0x80, 0x29, 0x40, 0x02, 0x90, 0x35, 0x22, 0x00, 0x90, 0x38, 0x22, 0x00,
  0x90, 0x3b, 0x22, 0x00, 0x90, 0x3d, 0x28, 0x81, 0x6e, 0x80, 0x3d, 0x40, 0x00, 0x80, 0x35, 0x40, 0x00, 0x80, 0x38,
  0x40, 0x00, 0x80, 0x3b, 0x40, 0x02, 0x90, 0x35, 0x22, 0x00, 0x90, 0x38, 0x22, 0x00, 0x90, 0x3b, 0x22, 0x00, 0x90,
  0x3e, 0x28, 0x81, 0x6e, 0x80, 0x3e, 0x40, 0x00, 0x80, 0x35, 0x40, 0x00, 0x80, 0x38, 0x40, 0x00, 0x80, 0x3b, 0x40,
  0x02, 0x90, 0x35, 0x22, 0x00, 0x90, 0x38, 0x22, 0x00, 0x90, 0x3b, 0x22, 0x00, 0x90, 0x3e, 0x28, 0x81, 0x6e, 0x80,
  0x3e, 0x40, 0x00, 0x80, 0x35, 0x40, 0x00, 0x80, 0x38, 0x40, 0x00, 0x80, 0x3b, 0x40, 0x02, 0x90, 0x35, 0x22, 0x00,
  0x90, 0x38, 0x22, 0x00, 0x90, 0x3b, 0x22, 0x00, 0x90, 0x3e, 0x28, 0x81, 0x6e, 0x80, 0x3e, 0x40, 0x00, 0x80, 0x35,
  0x40, 0x00, 0x80, 0x38, 0x40, 0x00, 0x80, 0x3b, 0x40, 0x02, 0x90, 0x35, 0x23, 0x00, 0x90, 0x38, 0x23, 0x00, 0x90,
  0x3b, 0x23, 0x00, 0x90, 0x3e, 0x2a, 0x81, 0x6e, 0x80, 0x3e, 0x40, 0x00, 0x80, 0x35, 0x40, 0x00, 0x80, 0x38, 0x40,
  0x00, 0x80, 0x3b, 0x40, 0x02, 0x90, 0x29, 0x22, 0x00, 0x90, 0x2c, 0x22, 0x00, 0x90, 0x35, 0x28, 0x81, 0x6e, 0x80,
  0x35, 0x40, 0x00, 0x80, 0x2c, 0x40, 0x00, 0x80, 0x29, 0x40, 0x02, 0x90, 0x29, 0x22, 0x00, 0x90, 0x2c, 0x22, 0x00,
  0x90, 0x35, 0x28, 0x81, 0x6e, 0x80, 0x35, 0x40, 0x00, 0x80, 0x2c, 0x40, 0x00, 0x80, 0x29, 0x40, 0x02, 0x90, 0x29,
  0x1e, 0x00, 0x90, 0x2c, 0x1e, 0x00, 0x90, 0x35, 0x24, 0x81, 0x6e, 0x80, 0x35, 0x40, 0x00, 0x80, 0x2c, 0x40, 0x00,
  0x80, 0x29, 0x40, 0x02, 0x90, 0x2a, 0x1c, 0x00, 0x90, 0x2d, 0x1c, 0x00, 0x90, 0x36, 0x21, 0x81, 0x6e, 0x80, 0x36,
  0x40, 0x00, 0x80, 0x2d, 0x40, 0x00, 0x80, 0x2a, 0x40, 0x02, 0x90, 0x2c, 0x1a, 0x00, 0x90, 0x2f, 0x1a, 0x00, 0x90,
  0x38, 0x1f, 0x81, 0x6e, 0x80, 0x38, 0x40, 0x00, 0x80, 0x2f, 0x40, 0x00, 0x80, 0x2c, 0x40, 0x02, 0x90, 0x2c, 0x19,
  0x00, 0x90, 0x2f, 0x19, 0x00, 0x90, 0x38, 0x1e, 0x81, 0x6e, 0x80, 0x38, 0x40, 0x00, 0x80, 0x2f, 0x40, 0x00, 0x80,
  0x2c, 0x40, 0x02, 0x90, 0x38, 0x1a, 0x00, 0x90, 0x3b, 0x1a, 0x00, 0x90, 0x3e, 0x1a, 0x00, 0x90, 0x41, 0x1f, 0x81,
  0x6e, 0x80, 0x41, 0x40, 0x00, 0x80, 0x38, 0x40, 0x00, 0x80, 0x3b, 0x40, 0x00, 0x80, 0x3e, 0x40, 0x02, 0x90, 0x38,
  0x1d, 0x00, 0x90, 0x3b, 0x1d, 0x00, 0x90, 0x3e, 0x1d, 0x00, 0x90, 0x41, 0x23, 0x81, 0x6e, 0x80, 0x41, 0x40, 0x00,
  0x80, 0x38, 0x40, 0x00, 0x80, 0x3b, 0x40, 0x00, 0x80, 0x3e, 0x40, 0x02, 0x90, 0x3b, 0x20, 0x00, 0x90, 0x38, 0x20,
  0x00, 0x90, 0x3e, 0x20, 0x00, 0x90, 0x41, 0x26, 0x81, 0x6e, 0x80, 0x41, 0x40, 0x00, 0x80, 0x3b, 0x40, 0x00, 0x80,
  0x38, 0x40, 0x00, 0x80, 0x3e, 0x40, 0x02, 0x90, 0x39, 0x1f, 0x00, 0x90, 0x3d, 0x1f, 0x00, 0x90, 0x42, 0x25, 0x81,
  0x6e, 0x80, 0x42, 0x40, 0x00, 0x80, 0x3d, 0x40, 0x00, 0x80, 0x39, 0x40, 0x02, 0x90, 0x3b, 0x1e, 0x00, 0x90, 0x3e,
  0x1e, 0x00, 0x90, 0x42, 0x24, 0x77, 0x80, 0x42, 0x40, 0x00, 0x80, 0x3e, 0x40, 0x00, 0x80, 0x3b, 0x40, 0x01, 0x90,
  0x3c, 0x1e, 0x00, 0x90, 0x3f, 0x1e, 0x00, 0x90, 0x42, 0x24, 0x78, 0x80, 0x42, 0x40, 0x00, 0x80, 0x3f, 0x40, 0x00,
  0x80, 0x3c, 0x40, 0x78, 0x90, 0x3c, 0x1f, 0x00, 0x90, 0x3f, 0x1f, 0x00, 0x90, 0x42, 0x1f, 0x00, 0x90, 0x44, 0x25,
  0x78, 0x80, 0x44, 0x40, 0x00, 0x80, 0x3c, 0x40, 0x00, 0x80, 0x3f, 0x40, 0x00, 0x80, 0x42, 0x40, 0x78, 0x90, 0x3c,
  0x1d, 0x00, 0x90, 0x3f, 0x1d, 0x00, 0x90, 0x42, 0x22, 0x78, 0x80, 0x42, 0x40, 0x00, 0x80, 0x3f, 0x40, 0x00, 0x80,
  0x3c, 0x40, 0x78, 0x90, 0x42, 0x1c, 0x00, 0x90, 0x3c, 0x1c, 0x00, 0x90, 0x3f, 0x1c, 0x00, 0x90, 0x44, 0x22, 0x78,
  0x80, 0x44, 0x40, 0x00, 0x80, 0x42, 0x40, 0x00, 0x80, 0x3c, 0x40, 0x00, 0x80, 0x3f, 0x40, 0x78, 0x90, 0x3c, 0x1b,
  0x00, 0x90, 0x3f, 0x1b, 0x00, 0x90, 0x42, 0x21, 0x78, 0x80, 0x42, 0x40, 0x00, 0x80, 0x3f, 0x40, 0x00, 0x80, 0x3c,
  0x40, 0x78, 0x90, 0x3c, 0x1b, 0x00, 0x90, 0x3f, 0x1b, 0x00, 0x90, 0x42, 0x1b, 0x00, 0x90, 0x45, 0x20, 0x78, 0x80,
  0x45, 0x40, 0x00, 0x80, 0x3c, 0x40, 0x00, 0x80, 0x3f, 0x40, 0x00, 0x80, 0x42, 0x40, 0x78, 0x90, 0x36, 0x1a, 0x00,
  0x90, 0x30, 0x1a, 0x00, 0x90, 0x33, 0x1a, 0x00, 0x90, 0x39, 0x1f, 0x78, 0x80, 0x39, 0x40, 0x00, 0x80, 0x36, 0x40,
  0x00, 0x80, 0x30, 0x40, 0x00, 0x80, 0x33, 0x40, 0x78, 0x90, 0x31, 0x1b, 0x00, 0x90, 0x36, 0x1b, 0x00, 0x90, 0x39,
  0x20, 0x78, 0x80, 0x39, 0x40, 0x00, 0x80, 0x36, 0x40, 0x00, 0x80, 0x31, 0x40, 0x78, 0x90, 0x39, 0x16, 0x00, 0x90,
  0x31, 0x16, 0x00, 0x90, 0x36, 0x16, 0x00, 0x90, 0x3c, 0x1a, 0x78, 0x80, 0x3c, 0x40, 0x00, 0x80, 0x39, 0x40, 0x00,
  0x80, 0x31, 0x40, 0x00, 0x80, 0x36, 0x40, 0x78, 0x90, 0x39, 0x1a, 0x00, 0x90, 0x31, 0x1a, 0x00, 0x90, 0x36, 0x1a,
  0x00, 0x90, 0x3d, 0x1f, 0x78, 0x80, 0x3d, 0x40, 0x00, 0x80, 0x39, 0x40, 0x00, 0x80, 0x31, 0x40, 0x00, 0x80, 0x36,
  0x40, 0x00, 0x90, 0x35, 0x1a, 0x00, 0x90, 0x31, 0x1a, 0x00, 0x90, 0x38, 0x1a, 0x00, 0x90, 0x3d, 0x1f, 0x81, 0x70,
  0x80, 0x3d, 0x40, 0x00, 0x80, 0x35, 0x40, 0x00, 0x80, 0x31, 0x40, 0x00, 0x80, 0x38, 0x40, 0x00, 0x90, 0x31, 0x1a,
  0x00, 0x90, 0x35, 0x1a, 0x00, 0x90, 0x38, 0x1f, 0x81, 0x70, 0x80, 0x38, 0x40, 0x00, 0x80, 0x35, 0x40, 0x00, 0x80,
  0x31, 0x40, 0x00, 0x90, 0x31, 0x1a, 0x00, 0x90, 0x38, 0x1a, 0x00, 0x90, 0x3b, 0x1f, 0x81, 0x70, 0x80, 0x3b, 0x40,
  0x00, 0x80, 0x38, 0x40, 0x00, 0x80, 0x31, 0x40, 0x00, 0x90, 0x31, 0x1b, 0x00, 0x90, 0x38, 0x1b, 0x00, 0x90, 0x3b,
  0x20, 0x81, 0x70, 0x80, 0x3b, 0x40, 0x00, 0x80, 0x38, 0x40, 0x00, 0x80, 0x31, 0x40, 0x00, 0x90, 0x31, 0x17, 0x00,
  0x90, 0x38, 0x17, 0x00, 0x90, 0x3b, 0x1b, 0x81, 0x70, 0x80, 0x3b, 0x40, 0x00, 0x80, 0x38, 0x40, 0x00, 0x80, 0x31,
  0x40, 0x00, 0x90, 0x31, 0x1a, 0x00, 0x90, 0x36, 0x1a, 0x00, 0x90, 0x39, 0x1f, 0x81, 0x70, 0x80, 0x39, 0x40, 0x00,
  0x80, 0x36, 0x40, 0x00, 0x80, 0x31, 0x40, 0x00, 0x90, 0x31, 0x17, 0x00, 0x90, 0x36, 0x17, 0x00, 0x90, 0x39, 0x1b,
  0x81, 0x70, 0x80, 0x39, 0x40, 0x00, 0x80, 0x36, 0x40, 0x00, 0x80, 0x31, 0x40, 0x00, 0x90, 0x2f, 0x1a, 0x00, 0x90,
  0x32, 0x1a, 0x00, 0x90, 0x35, 0x1a, 0x00, 0x90, 0x38, 0x1f, 0x81, 0x70, 0x80, 0x38, 0x40, 0x00, 0x80, 0x2f, 0x40,
  0x00, 0x80, 0x32, 0x40, 0x00, 0x80, 0x35, 0x40, 0x00, 0x90, 0x2d, 0x1a, 0x00, 0x90, 0x30, 0x1a, 0x00, 0x90, 0x33,
  0x1a, 0x00, 0x90, 0x36, 0x1f, 0x81, 0x70, 0x80, 0x36, 0x40, 0x00, 0x80, 0x2d, 0x40, 0x00, 0x80, 0x30, 0x40, 0x00,
  0x80, 0x33, 0x40, 0x00, 0x90, 0x33, 0x1b, 0x00, 0x90, 0x2e, 0x1b, 0x00, 0x90, 0x2f, 0x1b, 0x00, 0x90, 0x36, 0x20,
  0x81, 0x70, 0x80, 0x36, 0x40, 0x00, 0x80, 0x33, 0x40, 0x00, 0x80, 0x2e, 0x40, 0x00, 0x80, 0x2f, 0x40, 0x00, 0x90,
  0x33, 0x17, 0x00, 0x90, 0x2e, 0x17, 0x00, 0x90, 0x2f, 0x17, 0x00, 0x90, 0x36, 0x1b, 0x81, 0x70, 0x80, 0x36, 0x40,
  0x00, 0x80, 0x33, 0x40, 0x00, 0x80, 0x2e, 0x40, 0x00, 0x80, 0x2f, 0x40, 0x00, 0x90, 0x2c, 0x1a, 0x00, 0x90, 0x31,
  0x1a, 0x00, 0x90, 0x35, 0x1f, 0x81, 0x70, 0x80, 0x35, 0x40, 0x00, 0x80, 0x31, 0x40, 0x00, 0x80, 0x2c, 0x40, 0x00,
  0x90, 0x2c, 0x17, 0x00, 0x90, 0x31, 0x17, 0x00, 0x90, 0x35, 0x1b, 0x81, 0x70, 0x80, 0x35, 0x40, 0x00, 0x80, 0x31,
  0x40, 0x00, 0x80, 0x2c, 0x40, 0x00, 0x90, 0x31, 0x1a, 0x00, 0x90, 0x35, 0x1f, 0x78, 0x80, 0x35, 0x40, 0x00, 0x90,
  0x35, 0x1f, 0x00, 0x90, 0x38, 0x1f, 0x78, 0x80, 0x38, 0x40, 0x00, 0x80, 0x35, 0x40, 0x00, 0x80, 0x31, 0x40, 0x00,
  0x90, 0x3b, 0x20, 0x00, 0x90, 0x31, 0x1b, 0x00, 0x90, 0x38, 0x20, 0x78, 0x80, 0x38, 0x40, 0x00, 0x80, 0x3b, 0x40,
  0x00, 0x90, 0x3e, 0x22, 0x00, 0x90, 0x3b, 0x22, 0x78, 0x80, 0x3b, 0x40, 0x00, 0x80, 0x3e, 0x40, 0x00, 0x80, 0x31,
  0x40, 0x00, 0x90, 0x31, 0x1f, 0x00, 0x90, 0x3b, 0x1f, 0x00, 0x90, 0x3e, 0x25, 0x81, 0x6e, 0x80, 0x3e, 0x40, 0x00,
  0x80, 0x3b, 0x40, 0x00, 0x80, 0x31, 0x40, 0x02, 0x90, 0x31, 0x20, 0x00, 0x90, 0x3b, 0x20, 0x00, 0x90, 0x3e, 0x26,
  0x81, 0x6e, 0x80, 0x3e, 0x40, 0x00, 0x80, 0x3b, 0x40, 0x00, 0x80, 0x31, 0x40, 0x02, 0x90, 0x31, 0x22, 0x00, 0x90,
  0x39, 0x22, 0x00, 0x90, 0x3d, 0x29, 0x81, 0x6e, 0x80, 0x3d, 0x40, 0x00, 0x80, 0x39, 0x40, 0x00, 0x80, 0x31, 0x40,
  0x02, 0x90, 0x31, 0x23, 0x00, 0x90, 0x39, 0x23, 0x00, 0x90, 0x3d, 0x2a, 0x81, 0x6e, 0x80, 0x3d, 0x40, 0x00, 0x80,
  0x39, 0x40, 0x00, 0x80, 0x31, 0x40, 0x02, 0x90, 0x31, 0x20, 0x00, 0x90, 0x38, 0x20, 0x00, 0x90, 0x3b, 0x26, 0x81,
  0x6e, 0x80, 0x3b, 0x40, 0x00, 0x80, 0x38, 0x40, 0x00, 0x80, 0x31, 0x40, 0x02, 0x90, 0x31, 0x1d, 0x00, 0x90, 0x36,
  0x1d, 0x00, 0x90, 0x39, 0x22, 0x81, 0x6e, 0x80, 0x39, 0x40, 0x00, 0x80, 0x36, 0x40, 0x00, 0x80, 0x31, 0x40, 0x02,
  0x90, 0x31, 0x21, 0x00, 0x90, 0x36, 0x21, 0x00, 0x90, 0x39, 0x28, 0x81, 0x6e, 0x80, 0x39, 0x40, 0x00, 0x80, 0x36,
  0x40, 0x00, 0x80, 0x31, 0x40, 0x02, 0x90, 0x39, 0x1e, 0x00, 0x90, 0x31, 0x1e, 0x00, 0x90, 0x36, 0x1e, 0x00, 0x90,
  0x3c, 0x24, 0x81, 0x6e, 0x80, 0x3c, 0x40, 0x00, 0x80, 0x39, 0x40, 0x00, 0x80, 0x31, 0x40, 0x00, 0x80, 0x36, 0x40,
  0x02, 0x90, 0x35, 0x1c, 0x00, 0x90, 0x31, 0x1c, 0x00, 0x90, 0x38, 0x1c, 0x00, 0x90, 0x3d, 0x21, 0x81, 0x6e, 0x80,
  0x3d, 0x40, 0x00, 0x80, 0x35, 0x40, 0x00, 0x80, 0x31, 0x40, 0x00, 0x80, 0x38, 0x40, 0x02, 0x90, 0x35, 0x1c, 0x00,
  0x90, 0x31, 0x1c, 0x00, 0x90, 0x38, 0x1c, 0x00, 0x90, 0x3d, 0x21, 0x81, 0x6e, 0x80, 0x3d, 0x40, 0x00, 0x80, 0x35,
  0x40, 0x00, 0x80, 0x31, 0x40, 0x00, 0x80, 0x38, 0x40, 0x02, 0x90, 0x35, 0x1b, 0x00, 0x90, 0x31, 0x1b, 0x00, 0x90,
  0x38, 0x1b, 0x00, 0x90, 0x3d, 0x20, 0x81, 0x6e, 0x80, 0x3d, 0x40, 0x00, 0x80, 0x35, 0x40, 0x00, 0x80, 0x31, 0x40,
  0x00, 0x80, 0x38, 0x40, 0x02, 0x90, 0x34, 0x1a, 0x00, 0x90, 0x3a, 0x1a, 0x00, 0x90, 0x31, 0x1a, 0x00, 0x90, 0x37,
  0x1a, 0x00, 0x90, 0x3d, 0x20, 0x81, 0x6e, 0x80, 0x3d, 0x40, 0x00, 0x80, 0x31, 0x40, 0x00, 0x80, 0x34, 0x40, 0x00,
  0x80, 0x3a, 0x40, 0x00, 0x80, 0x37, 0x40, 0x02, 0x90, 0x37, 0x1a, 0x00, 0x90, 0x32, 0x1a, 0x00, 0x90, 0x3b, 0x1a,
  0x00, 0x90, 0x3e, 0x1f, 0x81, 0x6e, 0x80, 0x3e, 0x40, 0x00, 0x80, 0x37, 0x40, 0x00, 0x80, 0x32, 0x40, 0x00, 0x80,
  0x3b, 0x40, 0x02, 0x90, 0x37, 0x19, 0x00, 0x90, 0x32, 0x19, 0x00, 0x90, 0x3b, 0x19, 0x00, 0x90, 0x3e, 0x1e, 0x81,
  0x6e, 0x80, 0x3e, 0x40, 0x00, 0x80, 0x37, 0x40, 0x00, 0x80, 0x32, 0x40, 0x00, 0x80, 0x3b, 0x40, 0x02, 0x90, 0x32,
  0x18, 0x00, 0x90, 0x3b, 0x18, 0x00, 0x90, 0x37, 0x18, 0x00, 0x90, 0x3e, 0x1d, 0x81, 0x6e, 0x80, 0x3e, 0x40, 0x00,
  0x80, 0x32, 0x40, 0x00, 0x80, 0x3b, 0x40, 0x00, 0x80, 0x37, 0x40, 0x02, 0x90, 0x37, 0x18, 0x00, 0x90, 0x32, 0x18,
  0x00, 0x90, 0x3b, 0x18, 0x00, 0x90, 0x3e, 0x1c, 0x81, 0x6e, 0x80, 0x3e, 0x40, 0x00, 0x80, 0x37, 0x40, 0x00, 0x80,
  0x32, 0x40, 0x00, 0x80, 0x3b, 0x40, 0x02, 0x90, 0x37, 0x1a, 0x00, 0x90, 0x3b, 0x1a, 0x00, 0x90, 0x3e, 0x1f, 0x81,
  0x6e, 0x80, 0x3e, 0x40, 0x00, 0x80, 0x3b, 0x40, 0x00, 0x80, 0x37, 0x40, 0x02, 0x90, 0x3b, 0x1d, 0x00, 0x90, 0x37,
  0x1d, 0x00, 0x90, 0x3e, 0x23, 0x81, 0x6e, 0x80, 0x3e, 0x40, 0x00, 0x80, 0x37, 0x40, 0x00, 0x80, 0x3b, 0x40, 0x02,
  0x90, 0x37, 0x21, 0x00, 0x90, 0x3c, 0x21, 0x00, 0x90, 0x40, 0x27, 0x81, 0x6e, 0x80, 0x40, 0x40, 0x00, 0x80, 0x3c,
  0x40, 0x00, 0x80, 0x37, 0x40, 0x02, 0x90, 0x37, 0x22, 0x00, 0x90, 0x3c, 0x22, 0x00, 0x90, 0x40, 0x29, 0x81, 0x6e,
  0x80, 0x40, 0x40, 0x00, 0x80, 0x3c, 0x40, 0x00, 0x80, 0x37, 0x40, 0x02, 0x90, 0x3c, 0x1e, 0x00, 0x90, 0x37, 0x1e,
  0x00, 0x90, 0x40, 0x24, 0x81, 0x6e, 0x80, 0x40, 0x40, 0x00, 0x80, 0x37, 0x40, 0x00, 0x80, 0x3c, 0x40, 0x02, 0x90,
  0x37, 0x1b, 0x00, 0x90, 0x3b, 0x1b, 0x00, 0x90, 0x3e, 0x20, 0x81, 0x6e, 0x80, 0x3e, 0x40, 0x00, 0x80, 0x3b, 0x40,
  0x00, 0x80, 0x37, 0x40, 0x02, 0x90, 0x32, 0x18, 0x00, 0x90, 0x37, 0x18, 0x00, 0x90, 0x3b, 0x18, 0x00, 0x90, 0x3e,
  0x1c, 0x81, 0x6e, 0x80, 0x3e, 0x40, 0x00, 0x80, 0x32, 0x40, 0x00, 0x80, 0x37, 0x40, 0x00, 0x80, 0x3b, 0x40, 0x02,
  0x90, 0x32, 0x18, 0x00, 0x90, 0x39, 0x18, 0x00, 0x90, 0x36, 0x18, 0x00, 0x90, 0x3e, 0x1c, 0x81, 0x6e, 0x80, 0x3e,
  0x40, 0x00, 0x80, 0x32, 0x40, 0x00, 0x80, 0x39, 0x40, 0x00, 0x80, 0x36, 0x40, 0x02, 0x90, 0x36, 0x19, 0x00, 0x90,
  0x32, 0x19, 0x00, 0x90, 0x39, 0x19, 0x00, 0x90, 0x3e, 0x1e, 0x81, 0x6e, 0x80, 0x3e, 0x40, 0x00, 0x80, 0x36, 0x40,
  0x00, 0x80, 0x32, 0x40, 0x00, 0x80, 0x39, 0x40, 0x02, 0x90, 0x36, 0x18, 0x00, 0x90, 0x31, 0x18, 0x00, 0x90, 0x39,
  0x18, 0x00, 0x90, 0x3d, 0x1c, 0x81, 0x6e, 0x80, 0x39, 0x40, 0x00, 0x80, 0x36, 0x40, 0x00, 0x80, 0x31, 0x40, 0x00,
  0x80, 0x3d, 0x40, 0x02, 0x90, 0x36, 0x18, 0x00, 0x90, 0x31, 0x18, 0x00, 0x90, 0x39, 0x18, 0x00, 0x90, 0x3d, 0x1c,
  0x81, 0x6e, 0x80, 0x3d, 0x40, 0x00, 0x80, 0x36, 0x40, 0x00, 0x80, 0x31, 0x40, 0x00, 0x80, 0x39, 0x40, 0x02, 0x90,
  0x35, 0x18, 0x00, 0x90, 0x31, 0x18, 0x00, 0x90, 0x38, 0x18, 0x00, 0x90, 0x3d, 0x1c, 0x81, 0x6e, 0x80, 0x3d, 0x40,
  0x00, 0x80, 0x35, 0x40, 0x00, 0x80, 0x31, 0x40, 0x00, 0x80, 0x38, 0x40, 0x02, 0x90, 0x31, 0x1a, 0x00, 0x90, 0x35,
  0x1a, 0x00, 0x90, 0x38, 0x1a, 0x00, 0x90, 0x3d, 0x1f, 0x81, 0x6e, 0x80, 0x3d, 0x40, 0x00, 0x80, 0x31, 0x40, 0x00,
  0x80, 0x35, 0x40, 0x00, 0x80, 0x38, 0x40, 0x02, 0x90, 0x31, 0x1d, 0x00, 0x90, 0x35, 0x1d, 0x00, 0x90, 0x38, 0x1d,
  0x00, 0x90, 0x3d, 0x23, 0x81, 0x6e, 0x80, 0x3d, 0x40, 0x00, 0x80, 0x31, 0x40, 0x00, 0x80, 0x35, 0x40, 0x00, 0x80,
  0x38, 0x40, 0x02, 0x90, 0x35, 0x22, 0x00, 0x90, 0x31, 0x22, 0x00, 0x90, 0x38, 0x22, 0x00, 0x90, 0x3d, 0x29, 0x81,
  0x6e, 0x80, 0x3d, 0x40, 0x00, 0x80, 0x35, 0x40, 0x00, 0x80, 0x31, 0x40, 0x00, 0x80, 0x38, 0x40, 0x02, 0x90, 0x35,
  0x24, 0x00, 0x90, 0x31, 0x24, 0x00, 0x90, 0x38, 0x24, 0x00, 0x90, 0x3d, 0x2b, 0x81, 0x6e, 0x80, 0x3d, 0x40, 0x00,
  0x80, 0x35, 0x40, 0x00, 0x80, 0x31, 0x40, 0x00, 0x80, 0x38, 0x40, 0x02, 0x90, 0x36, 0x1f, 0x00, 0x90, 0x39, 0x1f,
  0x00, 0x90, 0x3d, 0x25, 0x81, 0x6e, 0x80, 0x3d, 0x40, 0x00, 0x80, 0x39, 0x40, 0x00, 0x80, 0x36, 0x40, 0x02, 0x90,
  0x36, 0x1a, 0x00, 0x90, 0x39, 0x1a, 0x00, 0x90, 0x3d, 0x20, 0x81, 0x6e, 0x80, 0x3d, 0x40, 0x00, 0x80, 0x39, 0x40,
  0x00, 0x80, 0x36, 0x40, 0x02, 0x90, 0x3d, 0x20, 0x00, 0x90, 0x39, 0x20, 0x77, 0x80, 0x39, 0x40, 0x00, 0x80, 0x3d,
  0x40, 0x01, 0x90, 0x31, 0x19, 0x00, 0x90, 0x2d, 0x19, 0x00, 0x90, 0x39, 0x1e, 0x78, 0x80, 0x39, 0x40, 0x00, 0x80,
  0x2d, 0x40, 0x00, 0x80, 0x31, 0x40, 0x00, 0x90, 0x2c, 0x20, 0x00, 0x90, 0x31, 0x20, 0x00, 0x90, 0x38, 0x25, 0x78,
  0x80, 0x38, 0x40, 0x00, 0x80, 0x31, 0x40, 0x00, 0x80, 0x2c, 0x40, 0x00, 0x90, 0x2a, 0x22, 0x00, 0x90, 0x31, 0x22,
  0x00, 0x90, 0x36, 0x29, 0x78, 0x80, 0x36, 0x40, 0x00, 0x80, 0x31, 0x40, 0x00, 0x80, 0x2a, 0x40, 0x00, 0x90, 0x25,
  0x25, 0x00, 0x90, 0x31, 0x2c, 0x77, 0x80, 0x31, 0x40, 0x00, 0x80, 0x25, 0x40, 0x01, 0x90, 0x25, 0x3d, 0x81, 0x70,
  0x80, 0x25, 0x40, 0x00, 0x90, 0x1d, 0x27, 0x00, 0x90, 0x29, 0x2f, 0x81, 0x70, 0x80, 0x29, 0x40, 0x00, 0x80, 0x1d,
  0x40, 0x00, 0x90, 0x1e, 0x27, 0x00, 0x90, 0x2a, 0x2f, 0x81, 0x70, 0x80, 0x2a, 0x40, 0x00, 0x80, 0x1e, 0x40, 0x00,
  0x90, 0x20, 0x27, 0x00, 0x90, 0x2c, 0x2f, 0x81, 0x70, 0x80, 0x2c, 0x40, 0x00, 0x80, 0x20, 0x40, 0x00, 0x90, 0x21,
  0x29, 0x00, 0x90, 0x2d, 0x31, 0x78, 0x80, 0x2d, 0x40, 0x00, 0x80, 0x21, 0x40, 0x00, 0x90, 0x23, 0x2c, 0x00, 0x90,
  0x2f, 0x34, 0x78, 0x80, 0x2f, 0x40, 0x00, 0x80, 0x23, 0x40, 0x00, 0x90, 0x24, 0x2e, 0x00, 0x90, 0x30, 0x37, 0x78,
  0x80, 0x30, 0x40, 0x00, 0x80, 0x24, 0x40, 0x00, 0x90, 0x25, 0x2a, 0x00, 0x90, 0x31, 0x32, 0x78, 0x80, 0x31, 0x40,
  0x00, 0x80, 0x25, 0x40, 0x00, 0x90, 0x24, 0x24, 0x00, 0x90, 0x30, 0x2b, 0x78, 0x80, 0x30, 0x40, 0x00, 0x80, 0x24,
  0x40, 0x00, 0x90, 0x25, 0x29, 0x00, 0x90, 0x31, 0x31, 0x78, 0x80, 0x31, 0x40, 0x00, 0x80, 0x25, 0x40, 0x00, 0x90,
  0x24, 0x24, 0x00, 0x90, 0x30, 0x2b, 0x78, 0x80, 0x30, 0x40, 0x00, 0x80, 0x24, 0x40, 0x00, 0x90, 0x25, 0x27, 0x00,
  0x90, 0x31, 0x2e, 0x78, 0x80, 0x31, 0x40, 0x00, 0x80, 0x25, 0x40, 0x00, 0x90, 0x24, 0x23, 0x00, 0x90, 0x30, 0x2a,
  0x78, 0x80, 0x30, 0x40, 0x00, 0x80, 0x24, 0x40, 0x00, 0x90, 0x25, 0x28, 0x00, 0x90, 0x31, 0x30, 0x78, 0x80, 0x31,
  0x40, 0x00, 0x80, 0x25, 0x40, 0x00, 0x90, 0x35, 0x24, 0x78, 0x80, 0x35, 0x40, 0x00, 0x90, 0x38, 0x2e, 0x78, 0x80,
  0x38, 0x40, 0x00, 0x90, 0x35, 0x24, 0x78, 0x80, 0x35, 0x40, 0x00, 0x90, 0x38, 0x2c, 0x78, 0x80, 0x38, 0x40, 0x00,
  0x90, 0x3b, 0x24, 0x78, 0x80, 0x3b, 0x40, 0x00, 0x90, 0x31, 0x1f, 0x00, 0x90, 0x35, 0x1f, 0x00, 0x90, 0x38, 0x25,
  0x00, 0x90, 0x3b, 0x2c, 0x78, 0x80, 0x3b, 0x40, 0x00, 0x80, 0x31, 0x40, 0x00, 0x80, 0x35, 0x40, 0x00, 0x80, 0x38,
  0x40, 0x00, 0x90, 0x25, 0x33, 0x00, 0x90, 0x31, 0x3d, 0x81, 0x70, 0x80, 0x31, 0x40, 0x00, 0x80, 0x25, 0x40, 0x00,
  0x90, 0x29, 0x27, 0x00, 0x90, 0x35, 0x2f, 0x81, 0x70, 0x80, 0x35, 0x40, 0x00, 0x80, 0x29, 0x40, 0x00, 0x90, 0x2a,
  0x27, 0x00, 0x90, 0x36, 0x2f, 0x81, 0x70, 0x80, 0x36, 0x40, 0x00, 0x80, 0x2a, 0x40, 0x00, 0x90, 0x2c, 0x27, 0x00,
  0x90, 0x38, 0x2f, 0x81, 0x70, 0x80, 0x38, 0x40, 0x00, 0x80, 0x2c, 0x40, 0x00, 0x90, 0x2d, 0x29, 0x00, 0x90, 0x39,
  0x31, 0x78, 0x80, 0x39, 0x40, 0x00, 0x80, 0x2d, 0x40, 0x00, 0x90, 0x2f, 0x2c, 0x00, 0x90, 0x3b, 0x34, 0x78, 0x80,
  0x3b, 0x40, 0x00, 0x80, 0x2f, 0x40, 0x00, 0x90, 0x30, 0x2e, 0x00, 0x90, 0x3c, 0x37, 0x81, 0x70, 0x80, 0x3c, 0x40,
  0x00, 0x80, 0x30, 0x40, 0x00, 0x90, 0x31, 0x24, 0x00, 0x90, 0x3d, 0x2b, 0x78, 0x80, 0x3d, 0x40, 0x00, 0x80, 0x31,
  0x40, 0x00, 0x90, 0x24, 0x29, 0x00, 0x90, 0x30, 0x31, 0x78, 0x80, 0x30, 0x40, 0x00, 0x80, 0x24, 0x40, 0x00, 0x90,
  0x25, 0x24, 0x00, 0x90, 0x31, 0x2b, 0x78, 0x80, 0x31, 0x40, 0x00, 0x80, 0x25, 0x40, 0x00, 0x90, 0x24, 0x27, 0x00,
  0x90, 0x30, 0x2e, 0x78, 0x80, 0x30, 0x40, 0x00, 0x80, 0x24, 0x40, 0x00, 0x90, 0x25, 0x23, 0x00, 0x90, 0x31, 0x2a,
  0x78, 0x80, 0x31, 0x40, 0x00, 0x80, 0x25, 0x40, 0x00, 0x90, 0x30, 0x2e, 0x00, 0x90, 0x24, 0x27, 0x78, 0x80, 0x24,
  0x40, 0x00, 0x80, 0x30, 0x40, 0x00, 0x90, 0x25, 0x23, 0x00, 0x90, 0x31, 0x2a, 0x78, 0x80, 0x31, 0x40, 0x00, 0x80,
  0x25, 0x40, 0x00, 0x90, 0x25, 0x22, 0x78, 0x80, 0x25, 0x40, 0x00, 0x90, 0x2e, 0x1e, 0x78, 0x80, 0x2e, 0x40, 0x00,
  0x90, 0x26, 0x21, 0x78, 0x80, 0x26, 0x40, 0x00, 0x90, 0x2f, 0x1e, 0x78, 0x80, 0x2f, 0x40, 0x00, 0x90, 0x1f, 0x21,
  0x78, 0x80, 0x1f, 0x40, 0x00, 0x90, 0x2b, 0x1c, 0x78, 0x80, 0x2b, 0x40, 0x00, 0x90, 0x32, 0x1c, 0x78, 0x80, 0x32,
  0x40, 0x00, 0x90, 0x2b, 0x1c, 0x78, 0x80, 0x2b, 0x40, 0x00, 0x90, 0x32, 0x1c, 0x78, 0x80, 0x32, 0x40, 0x00, 0x90,
  0x2b, 0x1c, 0x78, 0x80, 0x2b, 0x40, 0x00, 0x90, 0x23, 0x21, 0x78, 0x80, 0x23, 0x40, 0x00, 0x90, 0x2b, 0x1c, 0x78,
  0x80, 0x2b, 0x40, 0x00, 0x90, 0x37, 0x1c, 0x78, 0x80, 0x37, 0x40, 0x00, 0x90, 0x2b, 0x1c, 0x78, 0x80, 0x2b, 0x40,
  0x00, 0x90, 0x37, 0x1c, 0x78, 0x80, 0x37, 0x40, 0x00, 0x90, 0x2b, 0x1c, 0x78, 0x80, 0x2b, 0x40, 0x00, 0x90, 0x24,
  0x21, 0x78, 0x80, 0x24, 0x40, 0x00, 0x90, 0x2b, 0x1d, 0x78, 0x80, 0x2b, 0x40, 0x00, 0x90, 0x37, 0x1d, 0x78, 0x80,
  0x37, 0x40, 0x00, 0x90, 0x2b, 0x1d, 0x78, 0x80, 0x2b, 0x40, 0x00, 0x90, 0x37, 0x1d, 0x78, 0x80, 0x37, 0x40, 0x00,
  0x90, 0x2b, 0x1d, 0x78, 0x80, 0x2b, 0x40, 0x00, 0x90, 0x1f, 0x21, 0x78, 0x80, 0x1f, 0x40, 0x00, 0x90, 0x2b, 0x1c,
  0x78, 0x80, 0x2b, 0x40, 0x00, 0x90, 0x37, 0x1c, 0x78, 0x80, 0x37, 0x40, 0x00, 0x90, 0x2b, 0x1c, 0x78, 0x80, 0x2b,
  0x40, 0x00, 0x90, 0x37, 0x1c, 0x3c, 0x80, 0x37, 0x40, 0x00, 0x90, 0x2b, 0x18, 0x3c, 0x80, 0x2b, 0x40, 0x00, 0x90,
  0x26, 0x17, 0x00, 0x90, 0x2a, 0x1c, 0x78, 0x80, 0x2a, 0x40, 0x00, 0x80, 0x26, 0x40, 0x00, 0x90, 0x26, 0x19, 0x00,
  0x90, 0x2a, 0x1e, 0x78, 0x80, 0x2a, 0x40, 0x00, 0x80, 0x26, 0x40, 0x00, 0x90, 0x2d, 0x1b, 0x78, 0x80, 0x2d, 0x40,
  0x00, 0x90, 0x25, 0x16, 0x00, 0x90, 0x2a, 0x16, 0x00, 0x90, 0x2d, 0x1b, 0x78, 0x80, 0x2d, 0x40, 0x00, 0x80, 0x2a,
  0x40, 0x00, 0x80, 0x25, 0x40, 0x00, 0x90, 0x31, 0x1b, 0x78, 0x80, 0x31, 0x40, 0x00, 0x90, 0x25, 0x16, 0x00, 0x90,
  0x2a, 0x16, 0x00, 0x90, 0x2d, 0x1b, 0x78, 0x80, 0x2d, 0x40, 0x00, 0x80, 0x2a, 0x40, 0x00, 0x80, 0x25, 0x40, 0x00,
  0x90, 0x31, 0x1b, 0x78, 0x80, 0x31, 0x40, 0x00, 0x90, 0x25, 0x1c, 0x00, 0x90, 0x29, 0x1c, 0x00, 0x90, 0x2c, 0x21,
  0x78, 0x80, 0x2c, 0x40, 0x00, 0x80, 0x29, 0x40, 0x00, 0x80, 0x25, 0x40, 0x00, 0x90, 0x31, 0x1c, 0x78, 0x80, 0x31,
  0x40, 0x00, 0x90, 0x25, 0x17, 0x00, 0x90, 0x29, 0x17, 0x00, 0x90, 0x2c, 0x1c, 0x78, 0x80, 0x2c, 0x40, 0x00, 0x80,
  0x29, 0x40, 0x00, 0x80, 0x25, 0x40, 0x00, 0x90, 0x31, 0x1c, 0x78, 0x80, 0x31, 0x40, 0x00, 0x90, 0x2a, 0x1c, 0x00,
  0x90, 0x2d, 0x1c, 0x78, 0x80, 0x2d, 0x40, 0x00, 0x80, 0x2a, 0x40, 0x00, 0x90, 0x31, 0x1c, 0x78, 0x80, 0x31, 0x40,
  0x00, 0x90, 0x2a, 0x1a, 0x00, 0x90, 0x2d, 0x1f, 0x78, 0x80, 0x2d, 0x40, 0x00, 0x80, 0x2a, 0x40, 0x00, 0x90, 0x31,
  0x1a, 0x78, 0x80, 0x31, 0x40, 0x00, 0x90, 0x23, 0x16, 0x00, 0x90, 0x2f, 0x1a, 0x78, 0x80, 0x2f, 0x40, 0x00, 0x80,
  0x23, 0x40, 0x00, 0x90, 0x32, 0x1a, 0x78, 0x80, 0x32, 0x40, 0x00, 0x90, 0x23, 0x16, 0x00, 0x90, 0x2b, 0x1a, 0x78,
  0x80, 0x2b, 0x40, 0x00, 0x80, 0x23, 0x40, 0x00, 0x90, 0x2f, 0x1a, 0x76, 0x80, 0x2f, 0x40, 0x02, 0x90, 0x23, 0x1a,
  0x00, 0x90, 0x2f, 0x1f, 0x78, 0x80, 0x2f, 0x40, 0x00, 0x80, 0x23, 0x40, 0x00, 0x90, 0x2f, 0x18, 0x78, 0x80, 0x2f,
  0x40, 0x00, 0x90, 0x25, 0x14, 0x00, 0x90, 0x31, 0x18, 0x78, 0x80, 0x31, 0x40, 0x00, 0x80, 0x25, 0x40, 0x00, 0x90,
  0x31, 0x18, 0x78, 0x80, 0x31, 0x40, 0x00, 0x90, 0x25, 0x18, 0x78, 0x80, 0x25, 0x40, 0x00, 0x90, 0x29, 0x18, 0x78,
  0x80, 0x29, 0x40, 0x00, 0x90, 0x1e, 0x1d, 0x78, 0x80, 0x1e, 0x40, 0x00, 0x90, 0x25, 0x16, 0x00, 0x90, 0x2a, 0x1a,
  0x78, 0x80, 0x2a, 0x40, 0x00, 0x80, 0x25, 0x40, 0x00, 0x90, 0x1d, 0x1a, 0x78, 0x80, 0x1d, 0x40, 0x00, 0x90, 0x25,
  0x15, 0x00, 0x90, 0x2c, 0x18, 0x78, 0x80, 0x2c, 0x40, 0x00, 0x80, 0x25, 0x40, 0x00, 0x90, 0x1d, 0x17, 0x78, 0x80,
  0x1d, 0x40, 0x00, 0x90, 0x25, 0x13, 0x00, 0x90, 0x2c, 0x16, 0x78, 0x80, 0x2c, 0x40, 0x00, 0x80, 0x25, 0x40, 0x00,
  0x90, 0x1e, 0x18, 0x78, 0x80, 0x1e, 0x40, 0x00, 0x90, 0x25, 0x13, 0x00, 0x90, 0x2d, 0x17, 0x78, 0x80, 0x2d, 0x40,
  0x00, 0x80, 0x25, 0x40, 0x00, 0x90, 0x25, 0x12, 0x78, 0x80, 0x25, 0x40, 0x00, 0x90, 0x31, 0x12, 0x00, 0x90, 0x2a,
  0x0f, 0x78, 0x80, 0x2a, 0x40, 0x00, 0x80, 0x31, 0x40, 0x00, 0x90, 0x25, 0x12, 0x78, 0x80, 0x25, 0x40, 0x00, 0x90,
  0x31, 0x12, 0x78, 0x80, 0x31, 0x40, 0x81, 0x70, 0x90, 0x26, 0x18, 0x00, 0x90, 0x32, 0x1d, 0x78, 0x80, 0x32, 0x40,
  0x00, 0x80, 0x26, 0x40, 0x78, 0x90, 0x45, 0x17, 0x00, 0x90, 0x42, 0x13, 0x00, 0x90, 0x3e, 0x13, 0x00, 0x90, 0x39,
  0x13, 0x78, 0x80, 0x39, 0x40, 0x00, 0x80, 0x45, 0x40, 0x00, 0x80, 0x42, 0x40, 0x00, 0x80, 0x3e, 0x40, 0x78, 0x90,
  0x45, 0x17, 0x00, 0x90, 0x42, 0x13, 0x00, 0x90, 0x3e, 0x13, 0x00, 0x90, 0x39, 0x13, 0x78, 0x80, 0x39, 0x40, 0x00,
  0x80, 0x45, 0x40, 0x00, 0x80, 0x42, 0x40, 0x00, 0x80, 0x3e, 0x40, 0x78, 0x90, 0x26, 0x17, 0x00, 0x90, 0x32, 0x1c,
  0x78, 0x80, 0x32, 0x40, 0x00, 0x80, 0x26, 0x40, 0x78, 0x90, 0x45, 0x17, 0x00, 0x90, 0x42, 0x13, 0x00, 0x90, 0x3e,
  0x13, 0x00, 0x90, 0x39, 0x13, 0x78, 0x80, 0x39, 0x40, 0x00, 0x80, 0x45, 0x40, 0x00, 0x80, 0x42, 0x40, 0x00, 0x80,
  0x3e, 0x40, 0x78, 0x90, 0x45, 0x17, 0x00, 0x90, 0x42, 0x13, 0x00, 0x90, 0x3e, 0x13, 0x00, 0x90, 0x39, 0x13, 0x78,
  0x80, 0x39, 0x40, 0x00, 0x80, 0x45, 0x40, 0x00, 0x80, 0x42, 0x40, 0x00, 0x80, 0x3e, 0x40, 0x78, 0x90, 0x26, 0x16,
  0x00, 0x90, 0x32, 0x1b, 0x78, 0x80, 0x32, 0x40, 0x00, 0x80, 0x26, 0x40, 0x78, 0x90, 0x45, 0x17, 0x00, 0x90, 0x42,
  0x13, 0x00, 0x90, 0x3e, 0x13, 0x00, 0x90, 0x39, 0x13, 0x78, 0x80, 0x39, 0x40, 0x00, 0x80, 0x45, 0x40, 0x00, 0x80,
  0x42, 0x40, 0x00, 0x80, 0x3e, 0x40, 0x78, 0x90, 0x45, 0x17, 0x00, 0x90, 0x42, 0x13, 0x00, 0x90, 0x3e, 0x13, 0x00,
  0x90, 0x39, 0x13, 0x78, 0x80, 0x39, 0x40, 0x00, 0x80, 0x45, 0x40, 0x00, 0x80, 0x42, 0x40, 0x00, 0x80, 0x3e, 0x40,
  0x78, 0x90, 0x26, 0x16, 0x00, 0x90, 0x32, 0x1a, 0x78, 0x80, 0x32, 0x40, 0x00, 0x80, 0x26, 0x40, 0x78, 0x90, 0x45,
  0x17, 0x00, 0x90, 0x42, 0x13, 0x00, 0x90, 0x3e, 0x13, 0x00, 0x90, 0x39, 0x13, 0x78, 0x80, 0x39, 0x40, 0x00, 0x80,
  0x45, 0x40, 0x00, 0x80, 0x42, 0x40, 0x00, 0x80, 0x3e, 0x40, 0x78, 0x90, 0x45, 0x17, 0x00, 0x90, 0x40, 0x13, 0x00,
  0x90, 0x3d, 0x13, 0x00, 0x90, 0x39, 0x13, 0x78, 0x80, 0x39, 0x40, 0x00, 0x80, 0x45, 0x40, 0x00, 0x80, 0x40, 0x40,
  0x00, 0x80, 0x3d, 0x40, 0x78, 0x90, 0x25, 0x16, 0x00, 0x90, 0x31, 0x1b, 0x78, 0x80, 0x31, 0x40, 0x00, 0x80, 0x25,
  0x40, 0x78, 0x90, 0x45, 0x17, 0x00, 0x90, 0x40, 0x13, 0x00, 0x90, 0x3d, 0x13, 0x00, 0x90, 0x39, 0x13, 0x78, 0x80,
  0x39, 0x40, 0x00, 0x80, 0x45, 0x40, 0x00, 0x80, 0x40, 0x40, 0x00, 0x80, 0x3d, 0x40, 0x78, 0x90, 0x45, 0x17, 0x00,
  0x90, 0x40, 0x13, 0x00, 0x90, 0x3d, 0x13, 0x00, 0x90, 0x39, 0x13, 0x78, 0x80, 0x39, 0x40, 0x00, 0x80, 0x45, 0x40,
  0x00, 0x80, 0x40, 0x40, 0x00, 0x80, 0x3d, 0x40, 0x78, 0x90, 0x25, 0x16, 0x00, 0x90, 0x31, 0x1a, 0x78, 0x80, 0x31,
  0x40, 0x00, 0x80, 0x25, 0x40, 0x78, 0x90, 0x45, 0x17, 0x00, 0x90, 0x40, 0x13, 0x00, 0x90, 0x3d, 0x13, 0x00, 0x90,
  0x39, 0x13, 0x78, 0x80, 0x39, 0x40, 0x00, 0x80, 0x45, 0x40, 0x00, 0x80, 0x40, 0x40, 0x00, 0x80, 0x3d, 0x40, 0x78,
  0x90, 0x45, 0x17, 0x00, 0x90, 0x40, 0x13, 0x00, 0x90, 0x3d, 0x13, 0x00, 0x90, 0x39, 0x13, 0x78, 0x80, 0x39, 0x40,
  0x00, 0x80, 0x45, 0x40, 0x00, 0x80, 0x40, 0x40, 0x00, 0x80, 0x3d, 0x40, 0x78, 0x90, 0x25, 0x16, 0x00, 0x90, 0x31,
  0x1b, 0x78, 0x80, 0x31, 0x40, 0x00, 0x80, 0x25, 0x40, 0x78, 0x90, 0x45, 0x17, 0x00, 0x90, 0x40, 0x13, 0x00, 0x90,
  0x3d, 0x13, 0x00, 0x90, 0x39, 0x13, 0x78, 0x80, 0x39, 0x40, 0x00, 0x80, 0x45, 0x40, 0x00, 0x80, 0x40, 0x40, 0x00,
  0x80, 0x3d, 0x40, 0x78, 0x90, 0x45, 0x17, 0x00, 0x90, 0x40, 0x13, 0x00, 0x90, 0x3d, 0x13, 0x00, 0x90, 0x39, 0x13,
  0x78, 0x80, 0x39, 0x40, 0x00, 0x80, 0x45, 0x40, 0x00, 0x80, 0x40, 0x40, 0x00, 0x80, 0x3d, 0x40, 0x78, 0x90, 0x25,
  0x16, 0x00, 0x90, 0x31, 0x1a, 0x78, 0x80, 0x31, 0x40, 0x00, 0x80, 0x25, 0x40, 0x78, 0x90, 0x45, 0x17, 0x00, 0x90,
  0x40, 0x13, 0x00, 0x90, 0x3d, 0x13, 0x00, 0x90, 0x39, 0x13, 0x78, 0x80, 0x39, 0x40, 0x00, 0x80, 0x45, 0x40, 0x00,
  0x80, 0x40, 0x40, 0x00, 0x80, 0x3d, 0x40, 0x78, 0x90, 0x45, 0x1a, 0x00, 0x90, 0x42, 0x15, 0x00, 0x90, 0x3e, 0x15,
  0x00, 0x90, 0x39, 0x15, 0x78, 0x80, 0x39, 0x40, 0x00, 0x80, 0x45, 0x40, 0x00, 0x80, 0x42, 0x40, 0x00, 0x80, 0x3e,
  0x40, 0x78, 0x90, 0x26, 0x19, 0x00, 0x90, 0x32, 0x1f, 0x78, 0x80, 0x32, 0x40, 0x00, 0x80, 0x26, 0x40, 0x78, 0x90,
  0x42, 0x1a, 0x00, 0x90, 0x3e, 0x15, 0x00, 0x90, 0x39, 0x15, 0x00, 0x90, 0x36, 0x15, 0x78, 0x80, 0x36, 0x40, 0x00,
  0x80, 0x42, 0x40, 0x00, 0x80, 0x3e, 0x40, 0x00, 0x80, 0x39, 0x40, 0x78, 0x90, 0x42, 0x1a, 0x00, 0x90, 0x3e, 0x15,
  0x00, 0x90, 0x3b, 0x15, 0x00, 0x90, 0x36, 0x15, 0x78, 0x80, 0x36, 0x40, 0x00, 0x80, 0x42, 0x40, 0x00, 0x80, 0x3e,
  0x40, 0x00, 0x80, 0x3b, 0x40, 0x78, 0x90, 0x23, 0x19, 0x00, 0x90, 0x2f, 0x1d, 0x78, 0x80, 0x2f, 0x40, 0x00, 0x80,
  0x23, 0x40, 0x78, 0x90, 0x42, 0x1a, 0x00, 0x90, 0x3e, 0x15, 0x00, 0x90, 0x3b, 0x15, 0x00, 0x90, 0x36, 0x15, 0x78,
  0x80, 0x36, 0x40, 0x00, 0x80, 0x42, 0x40, 0x00, 0x80, 0x3e, 0x40, 0x00, 0x80, 0x3b, 0x40, 0x78, 0x90, 0x3d, 0x15,
  0x00, 0x90, 0x42, 0x1a, 0x00, 0x90, 0x40, 0x15, 0x00, 0x90, 0x3a, 0x15, 0x00, 0x90, 0x36, 0x15, 0x78, 0x80, 0x36,
  0x40, 0x00, 0x80, 0x40, 0x40, 0x00, 0x80, 0x3d, 0x40, 0x00, 0x80, 0x42, 0x40, 0x00, 0x80, 0x3a, 0x40, 0x78, 0x90,
  0x22, 0x19, 0x00, 0x90, 0x2e, 0x1f, 0x78, 0x80, 0x2e, 0x40, 0x00, 0x80, 0x22, 0x40, 0x78, 0x90, 0x37, 0x15, 0x00,
  0x90, 0x43, 0x1a, 0x00, 0x90, 0x40, 0x15, 0x00, 0x90, 0x3d, 0x15, 0x00, 0x90, 0x3a, 0x15, 0x78, 0x80, 0x3a, 0x40,
  0x00, 0x80, 0x40, 0x40, 0x00, 0x80, 0x37, 0x40, 0x00, 0x80, 0x43, 0x40, 0x00, 0x80, 0x3d, 0x40, 0x78, 0x90, 0x37,
  0x15, 0x00, 0x90, 0x43, 0x1a, 0x00, 0x90, 0x40, 0x15, 0x00, 0x90, 0x3d, 0x15, 0x00, 0x90, 0x3a, 0x15, 0x78, 0x80,
  0x3a, 0x40, 0x00, 0x80, 0x40, 0x40, 0x00, 0x80, 0x37, 0x40, 0x00, 0x80, 0x43, 0x40, 0x00, 0x80, 0x3d, 0x40, 0x78,
  0x90, 0x22, 0x19, 0x00, 0x90, 0x2e, 0x1d, 0x78, 0x80, 0x2e, 0x40, 0x00, 0x80, 0x22, 0x40, 0x78, 0x90, 0x37, 0x15,
  0x00, 0x90, 0x43, 0x1a, 0x00, 0x90, 0x40, 0x15, 0x00, 0x90, 0x3d, 0x15, 0x00, 0x90, 0x3a, 0x15, 0x78, 0x80, 0x3a,
  0x40, 0x00, 0x80, 0x40, 0x40, 0x00, 0x80, 0x37, 0x40, 0x00, 0x80, 0x43, 0x40, 0x00, 0x80, 0x3d, 0x40, 0x78, 0x90,
  0x3d, 0x15, 0x00, 0x90, 0x43, 0x1a, 0x00, 0x90, 0x40, 0x15, 0x00, 0x90, 0x3a, 0x15, 0x00, 0x90, 0x37, 0x15, 0x78,
  0x80, 0x37, 0x40, 0x00, 0x80, 0x40, 0x40, 0x00, 0x80, 0x3d, 0x40, 0x00, 0x80, 0x43, 0x40, 0x00, 0x80, 0x3a, 0x40,
  0x78, 0x90, 0x22, 0x19, 0x00, 0x90, 0x2e, 0x1f, 0x78, 0x80, 0x2e, 0x40, 0x00, 0x80, 0x22, 0x40, 0x78, 0x90, 0x37,
  0x15, 0x00, 0x90, 0x43, 0x1a, 0x00, 0x90, 0x40, 0x15, 0x00, 0x90, 0x3d, 0x15, 0x00, 0x90, 0x3a, 0x15, 0x78, 0x80,
  0x3a, 0x40, 0x00, 0x80, 0x40, 0x40, 0x00, 0x80, 0x37, 0x40, 0x00, 0x80, 0x43, 0x40, 0x00, 0x80, 0x3d, 0x40, 0x78,
  0x90, 0x36, 0x15, 0x00, 0x90, 0x42, 0x1a, 0x00, 0x90, 0x40, 0x15, 0x00, 0x90, 0x3d, 0x15, 0x00, 0x90, 0x3a, 0x15,
  0x78, 0x80, 0x3a, 0x40, 0x00, 0x80, 0x40, 0x40, 0x00, 0x80, 0x36, 0x40, 0x00, 0x80, 0x42, 0x40, 0x00, 0x80, 0x3d,
  0x40, 0x78, 0x90, 0x22, 0x19, 0x00, 0x90, 0x2e, 0x1d, 0x78, 0x80, 0x2e, 0x40, 0x00, 0x80, 0x22, 0x40, 0x78, 0x90,
  0x42, 0x1a, 0x00, 0x90, 0x36, 0x15, 0x00, 0x90, 0x40, 0x15, 0x00, 0x90, 0x3d, 0x15, 0x00, 0x90, 0x3a, 0x15, 0x78,
  0x80, 0x3a, 0x40, 0x00, 0x80, 0x40, 0x40, 0x00, 0x80, 0x42, 0x40, 0x00, 0x80, 0x36, 0x40, 0x00, 0x80, 0x3d, 0x40,
  0x78, 0x90, 0x3b, 0x15, 0x00, 0x90, 0x42, 0x1a, 0x00, 0x90, 0x3e, 0x15, 0x00, 0x90, 0x36, 0x15, 0x78, 0x80, 0x36,
  0x40, 0x00, 0x80, 0x3b, 0x40, 0x00, 0x80, 0x42, 0x40, 0x00, 0x80, 0x3e, 0x40, 0x78, 0x90, 0x23, 0x19, 0x00, 0x90,
  0x2f, 0x1f, 0x78, 0x80, 0x2f, 0x40, 0x00, 0x80, 0x23, 0x40, 0x78, 0x90, 0x42, 0x1a, 0x00, 0x90, 0x3e, 0x15, 0x00,
  0x90, 0x3b, 0x15, 0x00, 0x90, 0x36, 0x15, 0x78, 0x80, 0x36, 0x40, 0x00, 0x80, 0x42, 0x40, 0x00, 0x80, 0x3e, 0x40,
  0x00, 0x80, 0x3b, 0x40, 0x78, 0x90, 0x42, 0x1a, 0x00, 0x90, 0x40, 0x15, 0x00, 0x90, 0x36, 0x15, 0x00, 0x90, 0x3a,
  0x15, 0x78, 0x80, 0x3a, 0x40, 0x00, 0x80, 0x42, 0x40, 0x00, 0x80, 0x40, 0x40, 0x00, 0x80, 0x36, 0x40, 0x78, 0x90,
  0x25, 0x19, 0x00, 0x90, 0x31, 0x1d, 0x78, 0x80, 0x31, 0x40, 0x00, 0x80, 0x25, 0x40, 0x78, 0x90, 0x42, 0x1a, 0x00,
  0x90, 0x40, 0x15, 0x00, 0x90, 0x36, 0x15, 0x00, 0x90, 0x3a, 0x15, 0x78, 0x80, 0x3a, 0x40, 0x00, 0x80, 0x42, 0x40,
  0x00, 0x80, 0x40, 0x40, 0x00, 0x80, 0x36, 0x40, 0x78, 0x90, 0x3b, 0x17, 0x00, 0x90, 0x42, 0x1c, 0x00, 0x90, 0x3e,
  0x17, 0x00, 0x90, 0x36, 0x17, 0x78, 0x80, 0x36, 0x40, 0x00, 0x80, 0x3b, 0x40, 0x00, 0x80, 0x42, 0x40, 0x00, 0x80,
  0x3e, 0x40, 0x78, 0x90, 0x23, 0x1b, 0x00, 0x90, 0x2f, 0x22, 0x78, 0x80, 0x2f, 0x40, 0x00, 0x80, 0x23, 0x40, 0x78,
  0x90, 0x42, 0x1d, 0x00, 0x90, 0x3e, 0x17, 0x00, 0x90, 0x3b, 0x17, 0x00, 0x90, 0x36, 0x17, 0x78, 0x80, 0x36, 0x40,
  0x00, 0x80, 0x42, 0x40, 0x00, 0x80, 0x3e, 0x40, 0x00, 0x80, 0x3b, 0x40, 0x78, 0x90, 0x42, 0x1d, 0x00, 0x90, 0x40,
  0x18, 0x00, 0x90, 0x36, 0x18, 0x00, 0x90, 0x3a, 0x18, 0x78, 0x80, 0x3a, 0x40, 0x00, 0x80, 0x42, 0x40, 0x00, 0x80,
  0x40, 0x40, 0x00, 0x80, 0x36, 0x40, 0x78, 0x90, 0x25, 0x1d, 0x00, 0x90, 0x31, 0x21, 0x78, 0x80, 0x31, 0x40, 0x00,
  0x80, 0x25, 0x40, 0x78, 0x90, 0x42, 0x1e, 0x00, 0x90, 0x40, 0x18, 0x00, 0x90, 0x36, 0x18, 0x00, 0x90, 0x3a, 0x18,
  0x78, 0x80, 0x3a, 0x40, 0x00, 0x80, 0x42, 0x40, 0x00, 0x80, 0x40, 0x40, 0x00, 0x80, 0x36, 0x40, 0x78, 0x90, 0x3b,
  0x1d, 0x00, 0x90, 0x42, 0x24, 0x00, 0x90, 0x3e, 0x1d, 0x00, 0x90, 0x36, 0x1d, 0x78, 0x80, 0x36, 0x40, 0x00, 0x80,
  0x3b, 0x40, 0x00, 0x80, 0x42, 0x40, 0x00, 0x80, 0x3e, 0x40, 0x78, 0x90, 0x26, 0x2e, 0x00, 0x90, 0x32, 0x3a, 0x78,
  0x80, 0x32, 0x40, 0x00, 0x80, 0x26, 0x40, 0x78, 0x90, 0x3d, 0x27, 0x00, 0x90, 0x36, 0x1f, 0x00, 0x90, 0x31, 0x1f,
  0x78, 0x80, 0x31, 0x40, 0x00, 0x80, 0x36, 0x40, 0x00, 0x80, 0x3d, 0x40, 0x78, 0x90, 0x3b, 0x27, 0x00, 0x90, 0x36,
  0x1f, 0x00, 0x90, 0x2f, 0x1f, 0x78, 0x80, 0x2f, 0x40, 0x00, 0x80, 0x36, 0x40, 0x00, 0x80, 0x3b, 0x40, 0x78, 0x90,
  0x23, 0x32, 0x00, 0x90, 0x2f, 0x3e, 0x78, 0x80, 0x2f, 0x40, 0x00, 0x80, 0x23, 0x40, 0x78, 0x90, 0x39, 0x29, 0x00,
  0x90, 0x2d, 0x21, 0x78, 0x80, 0x2d, 0x40, 0x00, 0x80, 0x39, 0x40, 0x78, 0x90, 0x38, 0x2a, 0x00, 0x90, 0x2c, 0x21,
  0x78, 0x80, 0x2c, 0x40, 0x00, 0x80, 0x38, 0x40, 0x78, 0x90, 0x20, 0x35, 0x00, 0x90, 0x2c, 0x43, 0x78, 0x80, 0x2c,
  0x40, 0x00, 0x80, 0x20, 0x40, 0x78, 0x90, 0x36, 0x2c, 0x00, 0x90, 0x2a, 0x24, 0x78, 0x80, 0x2a, 0x40, 0x00, 0x80,
  0x36, 0x40, 0x78, 0x90, 0x35, 0x36, 0x00, 0x90, 0x29, 0x2b, 0x78, 0x80, 0x29, 0x40, 0x00, 0x80, 0x35, 0x40, 0x00,
  0x90, 0x35, 0x2c, 0x00, 0x90, 0x41, 0x37, 0x78, 0x80, 0x41, 0x40, 0x00, 0x80, 0x35, 0x40, 0x00, 0x90, 0x29, 0x36,
  0x00, 0x90, 0x35, 0x42, 0x78, 0x80, 0x35, 0x40, 0x00, 0x80, 0x29, 0x40, 0x00, 0x90, 0x35, 0x36, 0x00, 0x90, 0x41,
  0x44, 0x78, 0x80, 0x41, 0x40, 0x00, 0x80, 0x35, 0x40, 0x00, 0x90, 0x33, 0x39, 0x00, 0x90, 0x27, 0x2e, 0x78, 0x80,
  0x27, 0x40, 0x00, 0x80, 0x33, 0x40, 0x00, 0x90, 0x33, 0x2e, 0x00, 0x90, 0x3f, 0x39, 0x78, 0x80, 0x3f, 0x40, 0x00,
  0x80, 0x33, 0x40, 0x00, 0x90, 0x25, 0x2c, 0x00, 0x90, 0x31, 0x2c, 0x81, 0x70, 0x80, 0x31, 0x40, 0x00, 0x80, 0x25,
  0x40, 0x00, 0x90, 0x3d, 0x19, 0x00, 0x90, 0x41, 0x19, 0x00, 0x90, 0x44, 0x1e, 0x81, 0x70, 0x80, 0x44, 0x40, 0x00,
  0x80, 0x41, 0x40, 0x00, 0x90, 0x42, 0x18, 0x00, 0x90, 0x46, 0x1d, 0x81, 0x70, 0x80, 0x42, 0x40, 0x00, 0x80, 0x3d,
  0x40, 0x00, 0x90, 0x43, 0x19, 0x00, 0x90, 0x3d, 0x19, 0x78, 0x80, 0x43, 0x40, 0x00, 0x80, 0x46, 0x40, 0x00, 0x90,
  0x46, 0x1e, 0x00, 0x90, 0x43, 0x19, 0x78, 0x80, 0x43, 0x40, 0x00, 0x80, 0x46, 0x40, 0x00, 0x90, 0x46, 0x19, 0x00,
  0x90, 0x49, 0x1e, 0x78, 0x80, 0x49, 0x40, 0x00, 0x80, 0x46, 0x40, 0x00, 0x90, 0x44, 0x18, 0x00, 0x90, 0x47, 0x1d,
  0x78, 0x80, 0x47, 0x40, 0x00, 0x80, 0x44, 0x40, 0x00, 0x90, 0x43, 0x18, 0x00, 0x90, 0x46, 0x1d, 0x78, 0x80, 0x46,
  0x40, 0x00, 0x80, 0x43, 0x40, 0x00, 0x90, 0x44, 0x18, 0x00, 0x90, 0x47, 0x1d, 0x78, 0x80, 0x47, 0x40, 0x00, 0x80,
  0x44, 0x40, 0x00, 0x80, 0x3d, 0x40, 0x00, 0x90, 0x42, 0x1b, 0x00, 0x90, 0x46, 0x21, 0x00, 0x90, 0x3d, 0x1b, 0x78,
  0x80, 0x46, 0x40, 0x00, 0x80, 0x42, 0x40, 0x00, 0x90, 0x42, 0x1b, 0x00, 0x90, 0x45, 0x21, 0x78, 0x80, 0x45, 0x40,
  0x00, 0x80, 0x42, 0x40, 0x00, 0x90, 0x41, 0x1b, 0x00, 0x90, 0x44, 0x21, 0x83, 0x60, 0x80, 0x3d, 0x40, 0x00, 0x90,
  0x3d, 0x19, 0x78, 0x80, 0x44, 0x40, 0x00, 0x80, 0x41, 0x40, 0x00, 0x90, 0x44, 0x1e, 0x00, 0x90, 0x41, 0x19, 0x78,
  0x80, 0x41, 0x40, 0x00, 0x80, 0x44, 0x40, 0x00, 0x90, 0x44, 0x19, 0x00, 0x90, 0x47, 0x1e, 0x78, 0x80, 0x47, 0x40,
  0x00, 0x80, 0x44, 0x40, 0x00, 0x90, 0x42, 0x18, 0x00, 0x90, 0x46, 0x1d, 0x78, 0x80, 0x46, 0x40, 0x00, 0x80, 0x42,
  0x40, 0x00, 0x90, 0x41, 0x18, 0x00, 0x90, 0x44, 0x1d, 0x78, 0x80, 0x44, 0x40, 0x00, 0x80, 0x41, 0x40, 0x00, 0x90,
  0x42, 0x18, 0x00, 0x90, 0x46, 0x1d, 0x78, 0x80, 0x46, 0x40, 0x00, 0x80, 0x42, 0x40, 0x00, 0x80, 0x3d, 0x40, 0x00,
  0x90, 0x40, 0x1c, 0x00, 0x90, 0x43, 0x22, 0x00, 0x90, 0x3d, 0x1c, 0x81, 0x70, 0x80, 0x43, 0x40, 0x00, 0x80, 0x40,
  0x40, 0x00, 0x90, 0x41, 0x18, 0x00, 0x90, 0x44, 0x1d, 0x81, 0x70, 0x80, 0x44, 0x40, 0x00, 0x80, 0x41, 0x40, 0x00,
  0x80, 0x3d, 0x40, 0x00, 0x90, 0x3e, 0x21, 0x00, 0x90, 0x41, 0x21, 0x00, 0x90, 0x44, 0x27, 0x81, 0x70, 0x80, 0x44,
  0x40, 0x00, 0x80, 0x41, 0x40, 0x00, 0x80, 0x3e, 0x40, 0x00, 0x90, 0x44, 0x23, 0x00, 0x90, 0x3e, 0x1d, 0x78, 0x80,
  0x44, 0x40, 0x00, 0x90, 0x41, 0x1f, 0x78, 0x80, 0x41, 0x40, 0x00, 0x80, 0x3e, 0x40, 0x00, 0x90, 0x3f, 0x21, 0x00,
  0x90, 0x44, 0x27, 0x78, 0x80, 0x44, 0x40, 0x00, 0x90, 0x42, 0x22, 0x78, 0x80, 0x42, 0x40, 0x00, 0x80, 0x3f, 0x40,
  0x00, 0x90, 0x3c, 0x22, 0x00, 0x90, 0x41, 0x28, 0x78, 0x80, 0x41, 0x40, 0x00, 0x90, 0x42, 0x23, 0x78, 0x80, 0x42,
  0x40, 0x00, 0x80, 0x3c, 0x40, 0x00, 0x90, 0x3c, 0x27, 0x00, 0x90, 0x42, 0x2e, 0x78, 0x80, 0x42, 0x40, 0x00, 0x90,
  0x3f, 0x28, 0x78, 0x80, 0x3f, 0x40, 0x00, 0x80, 0x3c, 0x40, 0x00, 0x90, 0x3b, 0x26, 0x00, 0x90, 0x42, 0x2d, 0x78,
  0x80, 0x42, 0x40, 0x00, 0x90, 0x41, 0x28, 0x78, 0x80, 0x41, 0x40, 0x00, 0x80, 0x3b, 0x40, 0x00, 0x90, 0x3a, 0x2a,
  0x00, 0x90, 0x42, 0x32, 0x78, 0x80, 0x42, 0x40, 0x00, 0x90, 0x3d, 0x28, 0x78, 0x80, 0x3d, 0x40, 0x00, 0x80, 0x3a,
  0x40, 0x00, 0x90, 0x38, 0x2a, 0x00, 0x90, 0x3d, 0x2a, 0x00, 0x90, 0x42, 0x32, 0x78, 0x80, 0x42, 0x40, 0x00, 0x90,
  0x41, 0x28, 0x78, 0x80, 0x41, 0x40, 0x00, 0x80, 0x3d, 0x40, 0x00, 0x80, 0x38, 0x40, 0x00, 0x90, 0x36, 0x2c, 0x00,
  0x90, 0x3d, 0x2c, 0x00, 0x90, 0x42, 0x34, 0x81, 0x70, 0x80, 0x42, 0x40, 0x00, 0x80, 0x3d, 0x40, 0x00, 0x80, 0x36,
  0x40, 0x00, 0x90, 0x2f, 0x27, 0x00, 0x90, 0x3b, 0x2f, 0x81, 0x70, 0x80, 0x3b, 0x40, 0x00, 0x80, 0x2f, 0x40, 0x00,
  0x90, 0x2f, 0x2e, 0x00, 0x90, 0x3b, 0x37, 0x78, 0x80, 0x3b, 0x40, 0x00, 0x90, 0x35, 0x2f, 0x78, 0x80, 0x35, 0x40,
  0x00, 0x80, 0x2f, 0x40, 0x00, 0x90, 0x2e, 0x2d, 0x00, 0x90, 0x38, 0x36, 0x78, 0x80, 0x38, 0x40, 0x00, 0x90, 0x36,
  0x31, 0x78, 0x80, 0x36, 0x40, 0x00, 0x80, 0x2e, 0x40, 0x00, 0x90, 0x2d, 0x2e, 0x00, 0x90, 0x35, 0x37, 0x78, 0x80,
  0x35, 0x40, 0x00, 0x90, 0x33, 0x32, 0x78, 0x80, 0x33, 0x40, 0x00, 0x80, 0x2d, 0x40, 0x00, 0x90, 0x30, 0x39, 0x00,
  0x90, 0x2c, 0x30, 0x78, 0x80, 0x30, 0x40, 0x00, 0x90, 0x31, 0x34, 0x78, 0x80, 0x31, 0x40, 0x00, 0x80, 0x2c, 0x40,
  0x00, 0x90, 0x27, 0x3d, 0x78, 0x80, 0x27, 0x40, 0x00, 0x90, 0x25, 0x33, 0x78, 0x80, 0x25, 0x40, 0x00, 0x90, 0x24,
  0x40, 0x78, 0x80, 0x24, 0x40, 0x00, 0x90, 0x25, 0x3a, 0x78, 0x80, 0x25, 0x40, 0x00, 0x90, 0x25, 0x48, 0x78, 0x80,
  0x25, 0x40, 0x00, 0x90, 0x38, 0x20, 0x78, 0x80, 0x38, 0x40, 0x00, 0x90, 0x35, 0x24, 0x78, 0x80, 0x35, 0x40, 0x00,
  0x90, 0x3b, 0x1f, 0x78, 0x80, 0x3b, 0x40, 0x00, 0x90, 0x38, 0x24, 0x78, 0x80, 0x38, 0x40, 0x00, 0x90, 0x3e, 0x1c,
  0x78, 0x80, 0x3e, 0x40, 0x00, 0x90, 0x3c, 0x22, 0x78, 0x80, 0x3c, 0x40, 0x00, 0x90, 0x3d, 0x1e, 0x78, 0x80, 0x3d,
  0x40, 0x00, 0x90, 0x38, 0x22, 0x78, 0x80, 0x38, 0x40, 0x00, 0x90, 0x3f, 0x1d, 0x78, 0x80, 0x3f, 0x40, 0x00, 0x90,
  0x3d, 0x22, 0x78, 0x80, 0x3d, 0x40, 0x00, 0x90, 0x3b, 0x1e, 0x78, 0x80, 0x3b, 0x40, 0x00, 0x90, 0x36, 0x20, 0x00,
  0x90, 0x3a, 0x26, 0x78, 0x80, 0x3a, 0x40, 0x00, 0x90, 0x3f, 0x21, 0x78, 0x80, 0x3f, 0x40, 0x00, 0x90, 0x3c, 0x26,
  0x78, 0x80, 0x3c, 0x40, 0x00, 0x90, 0x3d, 0x22, 0x78, 0x80, 0x3d, 0x40, 0x00, 0x90, 0x3a, 0x26, 0x78, 0x80, 0x3a,
  0x40, 0x00, 0x90, 0x3f, 0x21, 0x78, 0x80, 0x3f, 0x40, 0x00, 0x90, 0x3c, 0x26, 0x78, 0x80, 0x3c, 0x40, 0x00, 0x90,
  0x3d, 0x21, 0x78, 0x80, 0x3d, 0x40, 0x00, 0x90, 0x3a, 0x26, 0x78, 0x80, 0x3a, 0x40, 0x00, 0x90, 0x3f, 0x22, 0x78,
  0x80, 0x3f, 0x40, 0x00, 0x80, 0x36, 0x40, 0x00, 0x90, 0x36, 0x20, 0x00, 0x90, 0x3a, 0x26, 0x78, 0x80, 0x3a, 0x40,
  0x00, 0x90, 0x3d, 0x22, 0x78, 0x80, 0x3d, 0x40, 0x00, 0x80, 0x36, 0x40, 0x00, 0x90, 0x35, 0x20, 0x00, 0x90, 0x38,
  0x26, 0x78, 0x80, 0x38, 0x40, 0x00, 0x90, 0x3d, 0x21, 0x78, 0x80, 0x3d, 0x40, 0x00, 0x80, 0x35, 0x40, 0x00, 0x90,
  0x36, 0x20, 0x00, 0x90, 0x3a, 0x26, 0x78, 0x80, 0x3a, 0x40, 0x00, 0x90, 0x3d, 0x22, 0x78, 0x80, 0x3d, 0x40, 0x00,
  0x80, 0x36, 0x40, 0x00, 0x90, 0x38, 0x22, 0x00, 0x90, 0x3b, 0x29, 0x78, 0x80, 0x3b, 0x40, 0x00, 0x90, 0x3d, 0x24,
  0x78, 0x80, 0x3d, 0x40, 0x00, 0x80, 0x38, 0x40, 0x00, 0x90, 0x38, 0x22, 0x00, 0x90, 0x3b, 0x28, 0x78, 0x80, 0x3b,
  0x40, 0x00, 0x90, 0x3d, 0x22, 0x78, 0x80, 0x3d, 0x40, 0x00, 0x80, 0x38, 0x40, 0x00, 0x90, 0x36, 0x20, 0x00, 0x90,
  0x3a, 0x26, 0x78, 0x80, 0x3a, 0x40, 0x00, 0x90, 0x3d, 0x20, 0x78, 0x80, 0x3d, 0x40, 0x00, 0x80, 0x36, 0x40, 0x00,
  0x90, 0x35, 0x1f, 0x00, 0x90, 0x38, 0x25, 0x78, 0x80, 0x38, 0x40, 0x00, 0x90, 0x3d, 0x22, 0x78, 0x80, 0x3d, 0x40,
  0x00, 0x80, 0x35, 0x40, 0x00, 0x90, 0x36, 0x20, 0x00, 0x90, 0x3a, 0x26, 0x78, 0x80, 0x3a, 0x40, 0x00, 0x90, 0x3f,
  0x21, 0x78, 0x80, 0x3f, 0x40, 0x00, 0x90, 0x3c, 0x26, 0x78, 0x80, 0x3c, 0x40, 0x00, 0x90, 0x3d, 0x22, 0x78, 0x80,
  0x3d, 0x40, 0x00, 0x90, 0x3a, 0x26, 0x78, 0x80, 0x3a, 0x40, 0x00, 0x90, 0x3f, 0x21, 0x78, 0x80, 0x3f, 0x40, 0x00,
  0x90, 0x3c, 0x26, 0x78, 0x80, 0x3c, 0x40, 0x00, 0x90, 0x3d, 0x21, 0x78, 0x80, 0x3d, 0x40, 0x00, 0x90, 0x3a, 0x26,
  0x78, 0x80, 0x3a, 0x40, 0x00, 0x90, 0x3f, 0x1c, 0x78, 0x80, 0x3f, 0x40, 0x00, 0x80, 0x36, 0x40, 0x00, 0x90, 0x36,
  0x1b, 0x00, 0x90, 0x3a, 0x20, 0x78, 0x80, 0x3a, 0x40, 0x00, 0x90, 0x3d, 0x1c, 0x78, 0x80, 0x3d, 0x40, 0x00, 0x80,
  0x36, 0x40, 0x00, 0x90, 0x35, 0x20, 0x00, 0x90, 0x38, 0x26, 0x78, 0x80, 0x38, 0x40, 0x00, 0x90, 0x3d, 0x21, 0x78,
  0x80, 0x3d, 0x40, 0x00, 0x80, 0x35, 0x40, 0x00, 0x90, 0x36, 0x20, 0x00, 0x90, 0x3a, 0x26, 0x78, 0x80, 0x3a, 0x40,
  0x00, 0x90, 0x3d, 0x22, 0x78, 0x80, 0x3d, 0x40, 0x00, 0x80, 0x36, 0x40, 0x00, 0x90, 0x38, 0x22, 0x00, 0x90, 0x3b,
  0x29, 0x78, 0x80, 0x3b, 0x40, 0x00, 0x90, 0x3d, 0x24, 0x78, 0x80, 0x3d, 0x40, 0x00, 0x80, 0x38, 0x40, 0x00, 0x90,
  0x38, 0x22, 0x00, 0x90, 0x3b, 0x28, 0x78, 0x80, 0x3b, 0x40, 0x00, 0x90, 0x3d, 0x22, 0x78, 0x80, 0x3d, 0x40, 0x00,
  0x80, 0x38, 0x40, 0x00, 0x90, 0x36, 0x20, 0x00, 0x90, 0x3a, 0x26, 0x78, 0x80, 0x3a, 0x40, 0x00, 0x90, 0x3d, 0x20,
  0x78, 0x80, 0x3d, 0x40, 0x00, 0x80, 0x36, 0x40, 0x00, 0x90, 0x35, 0x1a, 0x00, 0x90, 0x38, 0x1f, 0x78, 0x80, 0x38,
  0x40, 0x00, 0x90, 0x3d, 0x1c, 0x78, 0x80, 0x3d, 0x40, 0x00, 0x80, 0x35, 0x40, 0x00, 0x90, 0x36, 0x20, 0x00, 0x90,
  0x3a, 0x26, 0x51, 0x80, 0x3a, 0x40, 0x00, 0x90, 0x3f, 0x21, 0x4f, 0x90, 0x3d, 0x21, 0x01, 0x80, 0x3f, 0x40, 0x4f,
  0x80, 0x3d, 0x40, 0x00, 0x90, 0x3c, 0x26, 0x50, 0x90, 0x3f, 0x22, 0x01, 0x80, 0x3c, 0x40, 0x4f, 0x80, 0x3f, 0x40,
  0x00, 0x90, 0x3d, 0x22, 0x3c, 0x80, 0x3d, 0x40, 0x14, 0x90, 0x3a, 0x26, 0x51, 0x80, 0x3a, 0x40, 0x00, 0x90, 0x3f,
  0x21, 0x4f, 0x90, 0x3d, 0x21, 0x01, 0x80, 0x3f, 0x40, 0x3b, 0x80, 0x3d, 0x40, 0x14, 0x90, 0x3c, 0x26, 0x50, 0x90,
  0x3f, 0x21, 0x01, 0x80, 0x3c, 0x40, 0x4f, 0x80, 0x3f, 0x40, 0x00, 0x90, 0x3d, 0x21, 0x3c, 0x80, 0x3d, 0x40, 0x14,
  0x90, 0x3a, 0x26, 0x51, 0x80, 0x3a, 0x40, 0x00, 0x90, 0x3f, 0x22, 0x4f, 0x90, 0x3d, 0x22, 0x01, 0x80, 0x3f, 0x40,
  0x3b, 0x80, 0x3d, 0x40, 0x14, 0x80, 0x36, 0x40, 0x00, 0x90, 0x36, 0x20, 0x00, 0x90, 0x3a, 0x26, 0x50, 0x90, 0x3e,
  0x22, 0x01, 0x80, 0x3a, 0x40, 0x4f, 0x80, 0x3e, 0x40, 0x00, 0x90, 0x3d, 0x22, 0x3c, 0x80, 0x3d, 0x40, 0x14, 0x80,
  0x36, 0x40, 0x00, 0x90, 0x35, 0x20, 0x00, 0x90, 0x38, 0x26, 0x50, 0x90, 0x3f, 0x21, 0x01, 0x80, 0x38, 0x40, 0x4f,
  0x80, 0x3f, 0x40, 0x00, 0x90, 0x3d, 0x21, 0x3c, 0x80, 0x3d, 0x40, 0x14, 0x80, 0x35, 0x40, 0x00, 0x90, 0x36, 0x20,
  0x00, 0x90, 0x3a, 0x26, 0x50, 0x90, 0x3f, 0x22, 0x01, 0x80, 0x3a, 0x40, 0x4f, 0x80, 0x3f, 0x40, 0x00, 0x90, 0x3d,
  0x22, 0x3c, 0x80, 0x3d, 0x40, 0x14, 0x80, 0x36, 0x40, 0x00, 0x90, 0x38, 0x22, 0x00, 0x90, 0x3b, 0x29, 0x50, 0x90,
  0x3f, 0x24, 0x01, 0x80, 0x3b, 0x40, 0x4f, 0x80, 0x3f, 0x40, 0x00, 0x90, 0x3d, 0x24, 0x3c, 0x80, 0x3d, 0x40, 0x14,
  0x80, 0x38, 0x40, 0x00, 0x90, 0x38, 0x22, 0x00, 0x90, 0x3b, 0x28, 0x50, 0x90, 0x3f, 0x22, 0x01, 0x80, 0x3b, 0x40,
  0x4f, 0x80, 0x3f, 0x40, 0x00, 0x90, 0x3d, 0x22, 0x3c, 0x80, 0x3d, 0x40, 0x14, 0x80, 0x38, 0x40, 0x00, 0x90, 0x36,
  0x20, 0x00, 0x90, 0x3a, 0x26, 0x50, 0x90, 0x3f, 0x20, 0x01, 0x80, 0x3a, 0x40, 0x4f, 0x80, 0x3f, 0x40, 0x00, 0x90,
  0x3d, 0x20, 0x3c, 0x80, 0x3d, 0x40, 0x14, 0x80, 0x36, 0x40, 0x00, 0x90, 0x35, 0x1f, 0x00, 0x90, 0x38, 0x25, 0x50,
  0x90, 0x3f, 0x22, 0x01, 0x80, 0x38, 0x40, 0x4f, 0x80, 0x3f, 0x40, 0x00, 0x90, 0x3d, 0x22, 0x3c, 0x80, 0x3d, 0x40,
  0x14, 0x80, 0x35, 0x40, 0x00, 0x90, 0x36, 0x20, 0x00, 0x90, 0x3a, 0x26, 0x51, 0x80, 0x3a, 0x40, 0x00, 0x90, 0x3f,
  0x21, 0x4f, 0x90, 0x3d, 0x21, 0x01, 0x80, 0x3f, 0x40, 0x4f, 0x80, 0x3d, 0x40, 0x00, 0x90, 0x3c, 0x27, 0x50, 0x90,
  0x3f, 0x22, 0x01, 0x80, 0x3c, 0x40, 0x4f, 0x80, 0x3f, 0x40, 0x00, 0x90, 0x3d, 0x23, 0x3c, 0x80, 0x3d, 0x40, 0x14,
  0x90, 0x3a, 0x27, 0x51, 0x80, 0x3a, 0x40, 0x00, 0x90, 0x3f, 0x22, 0x4f, 0x90, 0x3d, 0x23, 0x01, 0x80, 0x3f, 0x40,
  0x3b, 0x80, 0x3d, 0x40, 0x14, 0x90, 0x3c, 0x29, 0x50, 0x90, 0x3f, 0x23, 0x01, 0x80, 0x3c, 0x40, 0x4f, 0x80, 0x3f,
  0x40, 0x00, 0x90, 0x3d, 0x24, 0x3c, 0x80, 0x3d, 0x40, 0x14, 0x90, 0x3a, 0x2a, 0x51, 0x80, 0x3a, 0x40, 0x00, 0x90,
  0x3f, 0x26, 0x4f, 0x90, 0x3d, 0x22, 0x01, 0x80, 0x3f, 0x40, 0x3b, 0x80, 0x3d, 0x40, 0x14, 0x80, 0x36, 0x40, 0x00,
  0x90, 0x36, 0x20, 0x00, 0x90, 0x3a, 0x26, 0x50, 0x90, 0x3e, 0x22, 0x01, 0x80, 0x3a, 0x40, 0x4f, 0x80, 0x3e, 0x40,
  0x00, 0x90, 0x3d, 0x22, 0x3c, 0x80, 0x3d, 0x40, 0x14, 0x80, 0x36, 0x40, 0x00, 0x90, 0x35, 0x27, 0x00, 0x90, 0x38,
  0x2f, 0x50, 0x90, 0x3f, 0x29, 0x01, 0x80, 0x38, 0x40, 0x4f, 0x80, 0x3f, 0x40, 0x00, 0x90, 0x3d, 0x29, 0x3c, 0x80,
  0x3d, 0x40, 0x14, 0x80, 0x35, 0x40, 0x00, 0x90, 0x36, 0x28, 0x00, 0x90, 0x3a, 0x31, 0x50, 0x90, 0x3f, 0x2c, 0x01,
  0x80, 0x3a, 0x40, 0x4f, 0x80, 0x3f, 0x40, 0x00, 0x90, 0x3d, 0x2e, 0x3c, 0x80, 0x3d, 0x40, 0x14, 0x80, 0x36, 0x40,
  0x00, 0x90, 0x38, 0x2f, 0x00, 0x90, 0x3b, 0x39, 0x50, 0x90, 0x3f, 0x33, 0x01, 0x80, 0x3b, 0x40, 0x4f, 0x80, 0x3f,
  0x40, 0x00, 0x90, 0x3d, 0x35, 0x3c, 0x80, 0x3d, 0x40, 0x14, 0x80, 0x38, 0x40, 0x00, 0x90, 0x38, 0x32, 0x00, 0x90,
  0x3b, 0x3c, 0x50, 0x90, 0x3f, 0x33, 0x01, 0x80, 0x3b, 0x40, 0x4f, 0x80, 0x3f, 0x40, 0x00, 0x90, 0x3d, 0x33, 0x3c,
  0x80, 0x3d, 0x40, 0x14, 0x80, 0x38, 0x40, 0x00, 0x90, 0x36, 0x31, 0x00, 0x90, 0x3a, 0x3a, 0x50, 0x90, 0x3f, 0x31,
  0x01, 0x80, 0x3a, 0x40, 0x4f, 0x80, 0x3f, 0x40, 0x00, 0x90, 0x3d, 0x32, 0x3c, 0x80, 0x3d, 0x40, 0x14, 0x80, 0x36,
  0x40, 0x00, 0x90, 0x35, 0x31, 0x00, 0x90, 0x38, 0x3a, 0x50, 0x90, 0x3d, 0x35, 0x01, 0x80, 0x38, 0x40, 0x4f, 0x80,
  0x3d, 0x40, 0x00, 0x90, 0x3b, 0x28, 0x3c, 0x80, 0x3b, 0x40, 0x14, 0x80, 0x35, 0x40, 0x00, 0x90, 0x3a, 0x28, 0x00,
  0x90, 0x36, 0x32, 0x50, 0x80, 0x3a, 0x40, 0x00, 0x90, 0x3d, 0x24, 0x50, 0x80, 0x3d, 0x40, 0x00, 0x90, 0x3b, 0x24,
  0x50, 0x80, 0x3b, 0x40, 0x00, 0x90, 0x3a, 0x28, 0x50, 0x80, 0x3a, 0x40, 0x00, 0x90, 0x3b, 0x26, 0x50, 0x80, 0x3b,
  0x40, 0x00, 0x90, 0x3d, 0x26, 0x50, 0x80, 0x3d, 0x40, 0x00, 0x90, 0x3f, 0x28, 0x50, 0x80, 0x3f, 0x40, 0x00, 0x90,
  0x41, 0x25, 0x50, 0x80, 0x41, 0x40, 0x00, 0x90, 0x42, 0x25, 0x50, 0x80, 0x42, 0x40, 0x00, 0x80, 0x36, 0x40, 0x00,
  0x90, 0x44, 0x28, 0x00, 0x90, 0x38, 0x32, 0x82, 0x40, 0x80, 0x44, 0x40, 0x00, 0x90, 0x42, 0x24, 0x50, 0x80, 0x42,
  0x40, 0x00, 0x90, 0x41, 0x24, 0x50, 0x80, 0x41, 0x40, 0x00, 0x90, 0x3f, 0x28, 0x50, 0x80, 0x3f, 0x40, 0x00, 0x90,
  0x3d, 0x23, 0x50, 0x80, 0x3d, 0x40, 0x00, 0x90, 0x3b, 0x23, 0x50, 0x80, 0x3b, 0x40, 0x00, 0x80, 0x38, 0x40, 0x00,
  0x90, 0x41, 0x28, 0x00, 0x90, 0x3a, 0x32, 0x50, 0x80, 0x41, 0x40, 0x00, 0x90, 0x42, 0x24, 0x50, 0x80, 0x42, 0x40,
  0x00, 0x90, 0x41, 0x25, 0x50, 0x80, 0x41, 0x40, 0x00, 0x90, 0x3d, 0x2a, 0x50, 0x80, 0x3d, 0x40, 0x00, 0x90, 0x3f,
  0x28, 0x50, 0x80, 0x3f, 0x40, 0x00, 0x90, 0x40, 0x29, 0x50, 0x80, 0x40, 0x40, 0x00, 0x90, 0x42, 0x2c, 0x50, 0x80,
  0x42, 0x40, 0x00, 0x90, 0x44, 0x29, 0x50, 0x80, 0x44, 0x40, 0x00, 0x90, 0x46, 0x29, 0x50, 0x80, 0x46, 0x40, 0x00,
  0x80, 0x3a, 0x40, 0x00, 0x90, 0x47, 0x2e, 0x00, 0x90, 0x3b, 0x39, 0x81, 0x70, 0x80, 0x47, 0x40, 0x00, 0x90, 0x47,
  0x30, 0x50, 0x80, 0x47, 0x40, 0x00, 0x90, 0x46, 0x2b, 0x50, 0x80, 0x46, 0x40, 0x00, 0x90, 0x44, 0x2c, 0x50, 0x80,
  0x44, 0x40, 0x00, 0x90, 0x42, 0x32, 0x50, 0x80, 0x42, 0x40, 0x00, 0x90, 0x41, 0x2c, 0x50, 0x80, 0x41, 0x40, 0x00,
  0x90, 0x3f, 0x2c, 0x50, 0x80, 0x3f, 0x40, 0x00, 0x80, 0x3b, 0x40, 0x00, 0x90, 0x3d, 0x41, 0x50, 0x90, 0x41, 0x2f,
  0x50, 0x80, 0x41, 0x40, 0x00, 0x90, 0x42, 0x2f, 0x50, 0x80, 0x42, 0x40, 0x00, 0x90, 0x44, 0x36, 0x50, 0x80, 0x44,
  0x40, 0x00, 0x90, 0x46, 0x33, 0x50, 0x80, 0x46, 0x40, 0x00, 0x90, 0x47, 0x34, 0x50, 0x80, 0x47, 0x40, 0x00, 0x80,
  0x3d, 0x40, 0x00, 0x90, 0x3f, 0x46, 0x00, 0x90, 0x46, 0x38, 0x50, 0x80, 0x46, 0x40, 0x00, 0x90, 0x44, 0x34, 0x50,
  0x80, 0x44, 0x40, 0x00, 0x90, 0x42, 0x34, 0x50, 0x80, 0x42, 0x40, 0x00, 0x80, 0x3f, 0x40, 0x00, 0x90, 0x41, 0x48,
  0x50, 0x90, 0x44, 0x34, 0x50, 0x80, 0x44, 0x40, 0x00, 0x90, 0x46, 0x35, 0x50, 0x80, 0x46, 0x40, 0x00, 0x90, 0x47,
  0x3c, 0x50, 0x80, 0x47, 0x40, 0x00, 0x90, 0x49, 0x39, 0x50, 0x80, 0x49, 0x40, 0x00, 0x90, 0x4b, 0x3a, 0x50, 0x80,
  0x4b, 0x40, 0x00, 0x80, 0x41, 0x40, 0x00, 0x90, 0x42, 0x4d, 0x00, 0x90, 0x49, 0x3e, 0x50, 0x80, 0x49, 0x40, 0x00,
  0x90, 0x47, 0x39, 0x50, 0x80, 0x47, 0x40, 0x00, 0x90, 0x46, 0x3a, 0x50, 0x80, 0x46, 0x40, 0x00, 0x80, 0x42, 0x40,
  0x00, 0x90, 0x4c, 0x3a, 0x00, 0x90, 0x44, 0x48, 0x50, 0x80, 0x4c, 0x40, 0x00, 0x90, 0x49, 0x34, 0x50, 0x80, 0x49,
  0x40, 0x00, 0x90, 0x4b, 0x35, 0x50, 0x80, 0x4b, 0x40, 0x00, 0x80, 0x44, 0x40, 0x00, 0x90, 0x46, 0x3d, 0x00, 0x90,
  0x4c, 0x33, 0x50, 0x80, 0x4c, 0x40, 0x00, 0x90, 0x3a, 0x30, 0x00, 0x90, 0x42, 0x30, 0x50, 0x80, 0x42, 0x40, 0x00,
  0x90, 0x43, 0x31, 0x50, 0x80, 0x43, 0x40, 0x00, 0x80, 0x3a, 0x40, 0x00, 0x80, 0x46, 0x40, 0x00, 0x90, 0x3b, 0x41,
  0x00, 0x90, 0x42, 0x34, 0x50, 0x80, 0x42, 0x40, 0x00, 0x90, 0x40, 0x30, 0x50, 0x80, 0x40, 0x40, 0x00, 0x90, 0x3f,
  0x34, 0x50, 0x80, 0x3f, 0x40, 0x00, 0x80, 0x3b, 0x40, 0x00, 0x90, 0x3f, 0x30, 0x00, 0x90, 0x3c, 0x34, 0x50, 0x80,
  0x3f, 0x40, 0x00, 0x90, 0x41, 0x2f, 0x50, 0x80, 0x41, 0x40, 0x00, 0x90, 0x42, 0x27, 0x50, 0x80, 0x42, 0x40, 0x00,
  0x90, 0x45, 0x2d, 0x50, 0x80, 0x45, 0x40, 0x00, 0x90, 0x44, 0x26, 0x50, 0x80, 0x44, 0x40, 0x00, 0x90, 0x42, 0x25,
  0x50, 0x80, 0x42, 0x40, 0x00, 0x80, 0x3c, 0x40, 0x00, 0x90, 0x3d, 0x2b, 0x00, 0x90, 0x3b, 0x26, 0x50, 0x80, 0x3d,
  0x40, 0x00, 0x90, 0x41, 0x24, 0x50, 0x80, 0x41, 0x40, 0x00, 0x90, 0x44, 0x23, 0x50, 0x80, 0x44, 0x40, 0x00, 0x80,
  0x3b, 0x40, 0x00, 0x90, 0x46, 0x27, 0x00, 0x90, 0x49, 0x2e, 0x85, 0x50, 0x80, 0x49, 0x40, 0x00, 0x80, 0x46, 0x40,
  0x00, 0x90, 0x43, 0x20, 0x00, 0x90, 0x46, 0x26, 0x83, 0x60, 0x80, 0x46, 0x40, 0x00, 0x80, 0x43, 0x40, 0x00, 0x90,
  0x3f, 0x1a, 0x00, 0x90, 0x43, 0x1f, 0x81, 0x70, 0x80, 0x43, 0x40, 0x00, 0x80, 0x3f, 0x40, 0x00, 0x90, 0x46, 0x29,
  0x78, 0x80, 0x46, 0x40, 0x00, 0x90, 0x43, 0x25, 0x78, 0x80, 0x43, 0x40, 0x00, 0x90, 0x38, 0x24, 0x00, 0x90, 0x44,
  0x2e, 0x78, 0x80, 0x44, 0x40, 0x00, 0x90, 0x3f, 0x25, 0x78, 0x80, 0x3f, 0x40, 0x00, 0x80, 0x38, 0x40, 0x00, 0x90,
  0x2f, 0x31, 0x00, 0x90, 0x3d, 0x31, 0x78, 0x80, 0x3d, 0x40, 0x00, 0x90, 0x3b, 0x2f, 0x78, 0x80, 0x3b, 0x40, 0x00,
  0x80, 0x2f, 0x40, 0x00, 0x90, 0x31, 0x2d, 0x00, 0x90, 0x3a, 0x36, 0x81, 0x70, 0x80, 0x3a, 0x40, 0x00, 0x80, 0x31,
  0x40, 0x00, 0x90, 0x25, 0x24, 0x00, 0x90, 0x2e, 0x2b, 0x78, 0x80, 0x2e, 0x40, 0x00, 0x80, 0x25, 0x40, 0x00, 0x90,
  0x25, 0x21, 0x00, 0x90, 0x31, 0x2e, 0x81, 0x34, 0x80, 0x31, 0x40, 0x00, 0x80, 0x25, 0x40, 0x00, 0x90, 0x23, 0x2d,
  0x00, 0x90, 0x2f, 0x35, 0x3c, 0x80, 0x2f, 0x40, 0x00, 0x80, 0x23, 0x40, 0x00, 0x90, 0x22, 0x2e, 0x00, 0x90, 0x2e,
  0x37, 0x3c, 0x80, 0x2e, 0x40, 0x00, 0x80, 0x22, 0x40, 0x00, 0x90, 0x23, 0x30, 0x00, 0x90, 0x2f, 0x39, 0x3c, 0x80,
  0x2f, 0x40, 0x00, 0x80, 0x23, 0x40, 0x00, 0x90, 0x22, 0x34, 0x3c, 0x80, 0x22, 0x40, 0x00, 0x90, 0x25, 0x2c, 0x3c,
  0x80, 0x25, 0x40, 0x00, 0x90, 0x28, 0x2b, 0x3c, 0x80, 0x28, 0x40, 0x00, 0x90, 0x2b, 0x2a, 0x3c, 0x80, 0x2b, 0x40,
  0x00, 0x90, 0x2e, 0x29, 0x3c, 0x80, 0x2e, 0x40, 0x00, 0x90, 0x31, 0x28, 0x3c, 0x80, 0x31, 0x40, 0x00, 0x90, 0x34,
  0x27, 0x3c, 0x80, 0x34, 0x40, 0x00, 0x90, 0x37, 0x26, 0x3c, 0x80, 0x37, 0x40, 0x00, 0x90, 0x3a, 0x24, 0x00, 0x90,
  0x3d, 0x24, 0x3c, 0x80, 0x3d, 0x40, 0x00, 0x80, 0x3a, 0x40, 0x00, 0x90, 0x40, 0x1b, 0x3c, 0x80, 0x40, 0x40, 0x00,
  0x90, 0x3b, 0x1b, 0x3c, 0x80, 0x3b, 0x40, 0x00, 0x90, 0x3f, 0x1b, 0x3c, 0x80, 0x3f, 0x40, 0x00, 0x90, 0x2f, 0x16,
  0x00, 0x90, 0x3b, 0x1a, 0x83, 0x60, 0x80, 0x3b, 0x40, 0x00, 0x80, 0x2f, 0x40, 0x81, 0x70, 0x90, 0x25, 0x27, 0x50,
  0x80, 0x25, 0x40, 0x00, 0x90, 0x2a, 0x22, 0x50, 0x80, 0x2a, 0x40, 0x00, 0x90, 0x2e, 0x22, 0x50, 0x80, 0x2e, 0x40,
  0x00, 0x90, 0x31, 0x1f, 0x50, 0x80, 0x31, 0x40, 0x00, 0x90, 0x36, 0x1f, 0x50, 0x80, 0x36, 0x40, 0x00, 0x90, 0x3a,
  0x1f, 0x50, 0x80, 0x3a, 0x40, 0x00, 0x90, 0x31, 0x27, 0x00, 0x90, 0x36, 0x26, 0x3c, 0x80, 0x36, 0x40, 0x00, 0x90,
  0x3a, 0x22, 0x3c, 0x80, 0x3a, 0x40, 0x00, 0x80, 0x31, 0x40, 0x00, 0x90, 0x33, 0x1c, 0x00, 0x90, 0x36, 0x22, 0x3c,
  0x80, 0x36, 0x40, 0x00, 0x90, 0x39, 0x22, 0x3c, 0x80, 0x39, 0x40, 0x00, 0x80, 0x33, 0x40, 0x00, 0x90, 0x32, 0x20,
  0x00, 0x90, 0x35, 0x20, 0x00, 0x90, 0x38, 0x20, 0x00, 0x90, 0x3b, 0x26, 0x81, 0x70, 0x80, 0x3b, 0x40, 0x00, 0x80,
  0x32, 0x40, 0x00, 0x80, 0x35, 0x40, 0x00, 0x80, 0x38, 0x40, 0x00, 0x90, 0x32, 0x19, 0x00, 0x90, 0x35, 0x19, 0x00,
  0x90, 0x38, 0x19, 0x00, 0x90, 0x3b, 0x1e, 0x82, 0x68, 0x80, 0x3b, 0x40, 0x00, 0x80, 0x32, 0x40, 0x00, 0x80, 0x35,
  0x40, 0x00, 0x80, 0x38, 0x40, 0x00, 0x90, 0x33, 0x16, 0x00, 0x90, 0x37, 0x16, 0x00, 0x90, 0x3a, 0x1b, 0x78, 0x80,
  0x3a, 0x40, 0x00, 0x80, 0x37, 0x40, 0x00, 0x80, 0x33, 0x40, 0x00, 0x90, 0x33, 0x19, 0x00, 0x90, 0x37, 0x19, 0x00,
  0x90, 0x3a, 0x1e, 0x83, 0x5b, 0x80, 0x3a, 0x40, 0x00, 0x80, 0x37, 0x40, 0x00, 0x80, 0x33, 0x40, 0x05, 0x90, 0x33,
  0x16, 0x00, 0x90, 0x37, 0x16, 0x00, 0x90, 0x3a, 0x16, 0x00, 0x90, 0x3f, 0x1b, 0x81, 0x6e, 0x80, 0x3f, 0x40, 0x00,
  0x80, 0x33, 0x40, 0x00, 0x80, 0x37, 0x40, 0x00, 0x80, 0x3a, 0x40, 0x02, 0x90, 0x33, 0x19, 0x00, 0x90, 0x37, 0x19,
  0x00, 0x90, 0x3a, 0x19, 0x00, 0x90, 0x3f, 0x1e, 0x83, 0x5b, 0x80, 0x3f, 0x40, 0x00, 0x80, 0x33, 0x40, 0x00, 0x80,
  0x37, 0x40, 0x00, 0x80, 0x3a, 0x40, 0x05, 0x90, 0x33, 0x16, 0x00, 0x90, 0x37, 0x16, 0x00, 0x90, 0x3a, 0x16, 0x00,
  0x90, 0x3f, 0x1b, 0x81, 0x6e, 0x80, 0x3f, 0x40, 0x00, 0x80, 0x33, 0x40, 0x00, 0x80, 0x37, 0x40, 0x00, 0x80, 0x3a,
  0x40, 0x02, 0x90, 0x27, 0x19, 0x00, 0x90, 0x33, 0x1e, 0x81, 0x70, 0x80, 0x33, 0x40, 0x00, 0x80, 0x27, 0x40, 0x00,
  0x90, 0x22, 0x19, 0x00, 0x90, 0x2e, 0x1e, 0x83, 0x60, 0x80, 0x2e, 0x40, 0x00, 0x80, 0x22, 0x40, 0x00, 0x90, 0x23,
  0x19, 0x00, 0x90, 0x2f, 0x1e, 0x81, 0x70, 0x80, 0x2f, 0x40, 0x00, 0x80, 0x23, 0x40, 0x00, 0x90, 0x25, 0x15, 0x00,
  0x90, 0x31, 0x19, 0x83, 0x60, 0x80, 0x31, 0x40, 0x00, 0x80, 0x25, 0x40, 0x00, 0x90, 0x1e, 0x14, 0x00, 0x90, 0x2a,
  0x18, 0x83, 0x60, 0x80, 0x2a, 0x40, 0x00, 0x80, 0x1e, 0x40, 0x00, 0x90, 0x3a, 0x16, 0x81, 0x70, 0x80, 0x3a, 0x40,
  0x00, 0x90, 0x31, 0x18, 0x83, 0x60, 0x80, 0x31, 0x40, 0x00, 0x90, 0x3d, 0x15, 0x81, 0x70, 0x80, 0x3d, 0x40, 0x00,
  0x90, 0x3a, 0x18, 0x83, 0x60, 0x80, 0x3a, 0x40, 0x00, 0x90, 0x25, 0x1c, 0x00, 0x90, 0x31, 0x22, 0x83, 0x60, 0x80,
  0x31, 0x40, 0x00, 0x80, 0x25, 0x40, 0x00, 0x90, 0x27, 0x1b, 0x00, 0x90, 0x33, 0x28, 0x78, 0x80, 0x33, 0x40, 0x00,
  0x80, 0x27, 0x40, 0x00, 0x90, 0x25, 0x1b, 0x00, 0x90, 0x31, 0x28, 0x78, 0x80, 0x31, 0x40, 0x00, 0x80, 0x25, 0x40,
  0x00, 0x90, 0x33, 0x1d, 0x00, 0x90, 0x31, 0x1d, 0x00, 0x90, 0x27, 0x1d, 0x78, 0x80, 0x27, 0x40, 0x00, 0x80, 0x31,
  0x40, 0x00, 0x80, 0x33, 0x40, 0x00, 0x90, 0x29, 0x1d, 0x00, 0x90, 0x31, 0x1d, 0x00, 0x90, 0x35, 0x1d, 0x78, 0x80,
  0x35, 0x40, 0x00, 0x80, 0x31, 0x40, 0x00, 0x80, 0x29, 0x40, 0x00, 0x90, 0x31, 0x1e, 0x00, 0x90, 0x2a, 0x1e, 0x00,
  0x90, 0x36, 0x24, 0x83, 0x60, 0x80, 0x36, 0x40, 0x00, 0x80, 0x2a, 0x40, 0x00, 0x80, 0x31, 0x40, 0x00, 0x90, 0x46,
  0x21, 0x81, 0x70, 0x80, 0x46, 0x40, 0x00, 0x90, 0x3d, 0x25, 0x83, 0x60, 0x80, 0x3d, 0x40, 0x00, 0x90, 0x22, 0x1c,
  0x00, 0x90, 0x2e, 0x22, 0x81, 0x70, 0x80, 0x2e, 0x40, 0x00, 0x80, 0x22, 0x40, 0x00, 0x90, 0x25, 0x22, 0x00, 0x90,
  0x31, 0x28, 0x81, 0x70, 0x80, 0x31, 0x40, 0x00, 0x80, 0x25, 0x40, 0x00, 0x90, 0x31, 0x1c, 0x00, 0x90, 0x3d, 0x22,
  0x81, 0x70, 0x80, 0x3d, 0x40, 0x00, 0x80, 0x31, 0x40, 0x00, 0x90, 0x2e, 0x1e, 0x00, 0x90, 0x31, 0x1e, 0x00, 0x90,
  0x3a, 0x24, 0x81, 0x70, 0x80, 0x3a, 0x40, 0x00, 0x80, 0x31, 0x40, 0x00, 0x80, 0x2e, 0x40, 0x00, 0x90, 0x2c, 0x24,
  0x00, 0x90, 0x31, 0x24, 0x00, 0x90, 0x38, 0x2b, 0x83, 0x60, 0x80, 0x38, 0x40, 0x00, 0x80, 0x31, 0x40, 0x00, 0x80,
  0x2c, 0x40, 0x00, 0x90, 0x25, 0x22, 0x00, 0x90, 0x31, 0x28, 0x81, 0x70, 0x80, 0x31, 0x40, 0x00, 0x80, 0x25, 0x40,
  0x00, 0x90, 0x2a, 0x24, 0x00, 0x90, 0x31, 0x24, 0x00, 0x90, 0x36, 0x2b, 0x85, 0x50, 0x80, 0x36, 0x40, 0x00, 0x80,
  0x31, 0x40, 0x00, 0x80, 0x2a, 0x40, 0x00, 0x90, 0x25, 0x1c, 0x00, 0x90, 0x31, 0x21, 0x85, 0x50, 0x80, 0x31, 0x40,
  0x00, 0x80, 0x25, 0x40, 0x00, 0x90, 0x1e, 0x16, 0x00, 0x90, 0x2a, 0x1a, 0x83, 0x60, 0x80, 0x2a, 0x40, 0x00, 0x80,
  0x1e, 0x40, 0x00, 0x90, 0x2a, 0x16, 0x00, 0x90, 0x36, 0x1a, 0x81, 0x6e, 0x80, 0x36, 0x40, 0x00, 0x80, 0x2a, 0x40,
  0x02, 0x90, 0x2a, 0x19, 0x00, 0x90, 0x36, 0x1d, 0x83, 0x60, 0x80, 0x36, 0x40, 0x00, 0x80, 0x2a, 0x40, 0x00, 0x90,
  0x2a, 0x24, 0x00, 0x90, 0x36, 0x2b, 0x81, 0x34, 0x80, 0x36, 0x40, 0x00, 0x80, 0x2a, 0x40, 0x00, 0x90, 0x28, 0x1f,
  0x00, 0x90, 0x34, 0x24, 0x3c, 0x80, 0x34, 0x40, 0x00, 0x80, 0x28, 0x40, 0x00, 0x90, 0x26, 0x1c, 0x00, 0x90, 0x32,
  0x21, 0x85, 0x50, 0x80, 0x32, 0x40, 0x00, 0x80, 0x26, 0x40, 0x00, 0x90, 0x2a, 0x19, 0x00, 0x90, 0x36, 0x1e, 0x85,
  0x50, 0x80, 0x36, 0x40, 0x00, 0x80, 0x2a, 0x40, 0x00, 0x90, 0x2f, 0x1a, 0x00, 0x90, 0x3b, 0x1f, 0x83, 0x60, 0x80,
  0x3b, 0x40, 0x00, 0x80, 0x2f, 0x40, 0x83, 0x60, 0x90, 0x2f, 0x1a, 0x00, 0x90, 0x3b, 0x1f, 0x81, 0x70, 0x80, 0x3b,
  0x40, 0x00, 0x80, 0x2f, 0x40, 0x00, 0x90, 0x2b, 0x16, 0x00, 0x90, 0x37, 0x1a, 0x78, 0x80, 0x37, 0x40, 0x00, 0x80,
  0x2b, 0x40, 0x00, 0x90, 0x26, 0x16, 0x00, 0x90, 0x32, 0x1a, 0x75, 0x80, 0x32, 0x40, 0x00, 0x80, 0x26, 0x40, 0x03,
  0x90, 0x26, 0x1a, 0x00, 0x90, 0x32, 0x1f, 0x83, 0x60, 0x80, 0x32, 0x40, 0x00, 0x80, 0x26, 0x40, 0x00, 0x90, 0x23,
  0x16, 0x00, 0x90, 0x2f, 0x1a, 0x81, 0x6e, 0x80, 0x2f, 0x40, 0x00, 0x80, 0x23, 0x40, 0x02, 0x90, 0x23, 0x1a, 0x00,
  0x90, 0x2f, 0x1f, 0x81, 0x70, 0x80, 0x2f, 0x40, 0x00, 0x80, 0x23, 0x40, 0x00, 0x90, 0x1f, 0x16, 0x00, 0x90, 0x2b,
  0x1b, 0x81, 0x70, 0x80, 0x2b, 0x40, 0x00, 0x80, 0x1f, 0x40, 0x00, 0x90, 0x21, 0x16, 0x00, 0x90, 0x2d, 0x1b, 0x81,
  0x70, 0x80, 0x2d, 0x40, 0x00, 0x80, 0x21, 0x40, 0x00, 0x90, 0x23, 0x2e, 0x00, 0x90, 0x2f, 0x37, 0x81, 0x70, 0x80,
  0x2f, 0x40, 0x00, 0x80, 0x23, 0x40, 0x00, 0x90, 0x2f, 0x31, 0x00, 0x90, 0x37, 0x3a, 0x81, 0x70, 0x80, 0x37, 0x40,
  0x00, 0x80, 0x2f, 0x40, 0x00, 0x90, 0x30, 0x34, 0x00, 0x90, 0x39, 0x3e, 0x81, 0x70, 0x80, 0x39, 0x40, 0x00, 0x80,
  0x30, 0x40, 0x00, 0x90, 0x32, 0x36, 0x00, 0x90, 0x3b, 0x41, 0x81, 0x70, 0x80, 0x3b, 0x40, 0x00, 0x80, 0x32, 0x40,
  0x00, 0x90, 0x3b, 0x2d, 0x00, 0x90, 0x37, 0x26, 0x81, 0x70, 0x80, 0x37, 0x40, 0x00, 0x80, 0x3b, 0x40, 0x00, 0x90,
  0x32, 0x21, 0x00, 0x90, 0x3c, 0x27, 0x00, 0x90, 0x39, 0x21, 0x78, 0x80, 0x39, 0x40, 0x00, 0x80, 0x3c, 0x40, 0x00,
  0x80, 0x32, 0x40, 0x00, 0x90, 0x3b, 0x22, 0x00, 0x90, 0x37, 0x1c, 0x78, 0x80, 0x37, 0x40, 0x00, 0x80, 0x3b, 0x40,
  0x00, 0x90, 0x37, 0x24, 0x00, 0x90, 0x3b, 0x2a, 0x51, 0x80, 0x3b, 0x40, 0x00, 0x90, 0x40, 0x25, 0x4f, 0x90, 0x3e,
  0x25, 0x01, 0x80, 0x40, 0x40, 0x4f, 0x80, 0x3e, 0x40, 0x00, 0x90, 0x3d, 0x2a, 0x50, 0x90, 0x40, 0x26, 0x01, 0x80,
  0x3d, 0x40, 0x4f, 0x80, 0x40, 0x40, 0x00, 0x90, 0x3e, 0x26, 0x3c, 0x80, 0x3e, 0x40, 0x14, 0x90, 0x3b, 0x2a, 0x51,
  0x80, 0x3b, 0x40, 0x00, 0x90, 0x40, 0x25, 0x4f, 0x90, 0x3e, 0x25, 0x01, 0x80, 0x40, 0x40, 0x3b, 0x80, 0x3e, 0x40,
  0x14, 0x90, 0x3d, 0x2a, 0x50, 0x90, 0x40, 0x25, 0x01, 0x80, 0x3d, 0x40, 0x4f, 0x80, 0x40, 0x40, 0x00, 0x90, 0x3e,
  0x25, 0x3c, 0x80, 0x3e, 0x40, 0x14, 0x90, 0x3b, 0x2a, 0x51, 0x80, 0x3b, 0x40, 0x00, 0x90, 0x40, 0x26, 0x4f, 0x90,
  0x3e, 0x26, 0x01, 0x80, 0x40, 0x40, 0x3b, 0x80, 0x3e, 0x40, 0x14, 0x80, 0x37, 0x40, 0x00, 0x90, 0x37, 0x24, 0x00,
  0x90, 0x3b, 0x2a, 0x50, 0x90, 0x3f, 0x26, 0x01, 0x80, 0x3b, 0x40, 0x4f, 0x80, 0x3f, 0x40, 0x00, 0x90, 0x3e, 0x26,
  0x3c, 0x80, 0x3e, 0x40, 0x14, 0x80, 0x37, 0x40, 0x00, 0x90, 0x36, 0x24, 0x00, 0x90, 0x39, 0x2a, 0x50, 0x90, 0x40,
  0x25, 0x01, 0x80, 0x39, 0x40, 0x4f, 0x80, 0x40, 0x40, 0x00, 0x90, 0x3e, 0x25, 0x3c, 0x80, 0x3e, 0x40, 0x14, 0x80,
  0x36, 0x40, 0x00, 0x90, 0x37, 0x24, 0x00, 0x90, 0x3b, 0x2a, 0x50, 0x90, 0x40, 0x26, 0x01, 0x80, 0x3b, 0x40, 0x4f,
  0x80, 0x40, 0x40, 0x00, 0x90, 0x3e, 0x26, 0x3c, 0x80, 0x3e, 0x40, 0x14, 0x80, 0x37, 0x40, 0x00, 0x90, 0x39, 0x26,
  0x00, 0x90, 0x3c, 0x2e, 0x50, 0x90, 0x40, 0x28, 0x01, 0x80, 0x3c, 0x40, 0x4f, 0x80, 0x40, 0x40, 0x00, 0x90, 0x3e,
  0x28, 0x3c, 0x80, 0x3e, 0x40, 0x14, 0x80, 0x39, 0x40, 0x00, 0x90, 0x39, 0x26, 0x00, 0x90, 0x3c, 0x2d, 0x50, 0x90,
  0x40, 0x26, 0x01, 0x80, 0x3c, 0x40, 0x4f, 0x80, 0x40, 0x40, 0x00, 0x90, 0x3e, 0x26, 0x3c, 0x80, 0x3e, 0x40, 0x14,
  0x80, 0x39, 0x40, 0x00, 0x90, 0x37, 0x24, 0x00, 0x90, 0x3b, 0x2a, 0x50, 0x90, 0x40, 0x24, 0x01, 0x80, 0x3b, 0x40,
  0x4f, 0x80, 0x40, 0x40, 0x00, 0x90, 0x3e, 0x24, 0x3c, 0x80, 0x3e, 0x40, 0x14, 0x80, 0x37, 0x40, 0x00, 0x90, 0x36,
  0x23, 0x00, 0x90, 0x3a, 0x29, 0x50, 0x80, 0x3a, 0x40, 0x00, 0x90, 0x40, 0x26, 0x50, 0x80, 0x40, 0x40, 0x00, 0x90,
  0x3e, 0x26, 0x3c, 0x80, 0x3e, 0x40, 0x14, 0x80, 0x36, 0x40, 0x00, 0x90, 0x37, 0x24, 0x00, 0x90, 0x3b, 0x2a, 0x51,
  0x80, 0x3b, 0x40, 0x00, 0x90, 0x40, 0x25, 0x4f, 0x90, 0x3e, 0x25, 0x01, 0x80, 0x40, 0x40, 0x4f, 0x80, 0x3e, 0x40,
  0x00, 0x90, 0x3d, 0x2b, 0x50, 0x90, 0x40, 0x26, 0x01, 0x80, 0x3d, 0x40, 0x4f, 0x80, 0x40, 0x40, 0x00, 0x90, 0x3e,
  0x27, 0x3c, 0x80, 0x3e, 0x40, 0x14, 0x90, 0x3b, 0x2c, 0x51, 0x80, 0x3b, 0x40, 0x00, 0x90, 0x40, 0x26, 0x4f, 0x90,
  0x3e, 0x27, 0x01, 0x80, 0x40, 0x40, 0x3b, 0x80, 0x3e, 0x40, 0x14, 0x90, 0x3d, 0x2e, 0x50, 0x90, 0x40, 0x27, 0x01,
  0x80, 0x3d, 0x40, 0x4f, 0x80, 0x40, 0x40, 0x00, 0x90, 0x3e, 0x28, 0x3c, 0x80, 0x3e, 0x40, 0x14, 0x90, 0x3b, 0x2f,
  0x51, 0x80, 0x3b, 0x40, 0x00, 0x90, 0x40, 0x2a, 0x4f, 0x90, 0x3e, 0x2a, 0x01, 0x80, 0x40, 0x40, 0x3b, 0x80, 0x3e,
  0x40, 0x14, 0x80, 0x37, 0x40, 0x00, 0x90, 0x37, 0x28, 0x00, 0x90, 0x3b, 0x30, 0x50, 0x90, 0x3f, 0x2b, 0x01, 0x80,
  0x3b, 0x40, 0x4f, 0x80, 0x3f, 0x40, 0x00, 0x90, 0x3e, 0x2b, 0x3c, 0x80, 0x3e, 0x40, 0x14, 0x80, 0x37, 0x40, 0x00,
  0x90, 0x36, 0x29, 0x00, 0x90, 0x39, 0x32, 0x50, 0x90, 0x40, 0x2b, 0x01, 0x80, 0x39, 0x40, 0x4f, 0x80, 0x40, 0x40,
  0x00, 0x90, 0x3e, 0x2b, 0x3c, 0x80, 0x3e, 0x40, 0x14, 0x80, 0x36, 0x40, 0x00, 0x90, 0x37, 0x2a, 0x00, 0x90, 0x3b,
  0x33, 0x50, 0x90, 0x40, 0x2d, 0x01, 0x80, 0x3b, 0x40, 0x4f, 0x80, 0x40, 0x40, 0x00, 0x90, 0x3e, 0x2e, 0x3c, 0x80,
  0x3e, 0x40, 0x14, 0x80, 0x37, 0x40, 0x00, 0x90, 0x39, 0x2f, 0x00, 0x90, 0x3c, 0x39, 0x50, 0x90, 0x40, 0x32, 0x01,
  0x80, 0x3c, 0x40, 0x4f, 0x80, 0x40, 0x40, 0x00, 0x90, 0x3e, 0x33, 0x3c, 0x80, 0x3e, 0x40, 0x14, 0x80, 0x39, 0x40,
  0x00, 0x90, 0x39, 0x2f, 0x00, 0x90, 0x3c, 0x39, 0x50, 0x90, 0x40, 0x30, 0x01, 0x80, 0x3c, 0x40, 0x4f, 0x80, 0x40,
  0x40, 0x00, 0x90, 0x3e, 0x30, 0x3c, 0x80, 0x3e, 0x40, 0x14, 0x80, 0x39, 0x40, 0x00, 0x90, 0x37, 0x2e, 0x00, 0x90,
  0x3b, 0x37, 0x50, 0x90, 0x40, 0x2e, 0x01, 0x80, 0x3b, 0x40, 0x4f, 0x80, 0x40, 0x40, 0x00, 0x90, 0x3e, 0x2f, 0x3c,
  0x80, 0x3e, 0x40, 0x14, 0x80, 0x37, 0x40, 0x00, 0x90, 0x36, 0x2e, 0x00, 0x90, 0x3a, 0x37, 0x50, 0x80, 0x3a, 0x40,
  0x00, 0x90, 0x40, 0x32, 0x50, 0x80, 0x40, 0x40, 0x00, 0x90, 0x3e, 0x26, 0x3c, 0x80, 0x3e, 0x40, 0x14, 0x80, 0x36,
  0x40, 0x00, 0x90, 0x36, 0x2d, 0x00, 0x90, 0x3a, 0x37, 0x50, 0x80, 0x3a, 0x40, 0x00, 0x90, 0x40, 0x32, 0x50, 0x80,
  0x40, 0x40, 0x00, 0x90, 0x3e, 0x33, 0x3c, 0x80, 0x3e, 0x40, 0x14, 0x80, 0x36, 0x40, 0x00, 0x90, 0x37, 0x32, 0x00,
  0x90, 0x3b, 0x3c, 0x50, 0x90, 0x40, 0x36, 0x01, 0x80, 0x3b, 0x40, 0x4f, 0x80, 0x40, 0x40, 0x00, 0x90, 0x3e, 0x37,
  0x3c, 0x80, 0x3e, 0x40, 0x14, 0x80, 0x37, 0x40, 0x00, 0x90, 0x38, 0x39, 0x00, 0x90, 0x3b, 0x45, 0x50, 0x90, 0x40,
  0x3d, 0x01, 0x80, 0x3b, 0x40, 0x4f, 0x80, 0x40, 0x40, 0x00, 0x90, 0x3e, 0x3f, 0x3c, 0x80, 0x3e, 0x40, 0x14, 0x80,
  0x38, 0x40, 0x00, 0x90, 0x38, 0x3b, 0x00, 0x90, 0x3b, 0x46, 0x50, 0x80, 0x3b, 0x40, 0x00, 0x90, 0x40, 0x3c, 0x50,
  0x80, 0x40, 0x40, 0x00, 0x90, 0x3e, 0x3d, 0x3c, 0x80, 0x3e, 0x40, 0x14, 0x80, 0x38, 0x40, 0x00, 0x90, 0x38, 0x36,
  0x00, 0x90, 0x3b, 0x3c, 0x50, 0x90, 0x41, 0x36, 0x01, 0x80, 0x3b, 0x40, 0x4f, 0x80, 0x41, 0x40, 0x00, 0x90, 0x3e,
  0x37, 0x3c, 0x80, 0x3e, 0x40, 0x14, 0x80, 0x38, 0x40, 0x00, 0x90, 0x38, 0x35, 0x00, 0x90, 0x3b, 0x3f, 0x50, 0x90,
  0x41, 0x39, 0x01, 0x80, 0x3b, 0x40, 0x4f, 0x80, 0x41, 0x40, 0x00, 0x90, 0x3e, 0x39, 0x3c, 0x80, 0x3e, 0x40, 0x14,
  0x80, 0x38, 0x40, 0x00, 0x90, 0x39, 0x37, 0x00, 0x90, 0x3e, 0x43, 0x50, 0x80, 0x3e, 0x40, 0x00, 0x90, 0x42, 0x3a,
  0x50, 0x80, 0x42, 0x40, 0x00, 0x90, 0x40, 0x3b, 0x3c, 0x80, 0x40, 0x40, 0x14, 0x80, 0x39, 0x40, 0x00, 0x90, 0x3a,
  0x3a, 0x00, 0x90, 0x3e, 0x46, 0x50, 0x90, 0x42, 0x3e, 0x01, 0x80, 0x3e, 0x40, 0x4f, 0x80, 0x42, 0x40, 0x00, 0x90,
  0x40, 0x40, 0x3c, 0x80, 0x40, 0x40, 0x14, 0x80, 0x3a, 0x40, 0x00, 0x90, 0x3b, 0x42, 0x00, 0x90, 0x3e, 0x4f, 0x50,
  0x90, 0x42, 0x47, 0x01, 0x80, 0x3e, 0x40, 0x4f, 0x80, 0x42, 0x40, 0x00, 0x90, 0x40, 0x48, 0x3c, 0x80, 0x40, 0x40,
  0x14, 0x80, 0x3b, 0x40, 0x00, 0x90, 0x3b, 0x44, 0x00, 0x90, 0x3e, 0x51, 0x50, 0x80, 0x3e, 0x40, 0x00, 0x90, 0x42,
  0x45, 0x50, 0x80, 0x42, 0x40, 0x00, 0x90, 0x40, 0x46, 0x3c, 0x80, 0x40, 0x40, 0x14, 0x80, 0x3b, 0x40, 0x00, 0x90,
  0x3b, 0x3e, 0x00, 0x90, 0x3e, 0x45, 0x50, 0x90, 0x42, 0x3f, 0x01, 0x80, 0x3e, 0x40, 0x4f, 0x80, 0x42, 0x40, 0x00,
  0x90, 0x40, 0x3f, 0x3c, 0x80, 0x40, 0x40, 0x14, 0x80, 0x3b, 0x40, 0x00, 0x90, 0x3b, 0x3d, 0x00, 0x90, 0x3e, 0x48,
  0x50, 0x90, 0x41, 0x41, 0x01, 0x80, 0x3e, 0x40, 0x4f, 0x80, 0x41, 0x40, 0x00, 0x90, 0x42, 0x42, 0x3c, 0x80, 0x42,
  0x40, 0x14, 0x80, 0x3b, 0x40, 0x00, 0x90, 0x3b, 0x3f, 0x00, 0x90, 0x3e, 0x4c, 0x50, 0x80, 0x3e, 0x40, 0x00, 0x90,
  0x43, 0x42, 0x50, 0x80, 0x43, 0x40, 0x00, 0x90, 0x42, 0x43, 0x3c, 0x80, 0x42, 0x40, 0x14, 0x80, 0x3b, 0x40, 0x00,
  0x90, 0x3c, 0x42, 0x00, 0x90, 0x3f, 0x4f, 0x50, 0x80, 0x3f, 0x40, 0x00, 0x90, 0x44, 0x47, 0x50, 0x80, 0x44, 0x40,
  0x00, 0x90, 0x42, 0x49, 0x3c, 0x80, 0x42, 0x40, 0x14, 0x80, 0x3c, 0x40, 0x00, 0x90, 0x3c, 0x47, 0x00, 0x90, 0x3f,
  0x54, 0x50, 0x80, 0x3f, 0x40, 0x00, 0x90, 0x45, 0x48, 0x50, 0x80, 0x45, 0x40, 0x00, 0x90, 0x42, 0x48, 0x3c, 0x80,
  0x42, 0x40, 0x14, 0x80, 0x3c, 0x40, 0x00, 0x90, 0x30, 0x49, 0x00, 0x90, 0x33, 0x56, 0x50, 0x80, 0x33, 0x40, 0x00,
  0x90, 0x39, 0x4a, 0x50, 0x80, 0x39, 0x40, 0x00, 0x90, 0x36, 0x4a, 0x3c, 0x80, 0x36, 0x40, 0x14, 0x80, 0x30, 0x40,
  0x00, 0x90, 0x3c, 0x45, 0x00, 0x90, 0x3f, 0x52, 0x50, 0x80, 0x3f, 0x40, 0x00, 0x90, 0x45, 0x49, 0x50, 0x80, 0x45,
  0x40, 0x00, 0x90, 0x42, 0x49, 0x3c, 0x80, 0x42, 0x40, 0x14, 0x80, 0x3c, 0x40, 0x00, 0x90, 0x30, 0x47, 0x00, 0x90,
  0x33, 0x54, 0x50, 0x80, 0x33, 0x40, 0x00, 0x90, 0x39, 0x4c, 0x50, 0x80, 0x39, 0x40, 0x00, 0x90, 0x36, 0x4c, 0x3c,
  0x80, 0x36, 0x40, 0x14, 0x80, 0x30, 0x40, 0x00, 0x90, 0x3c, 0x51, 0x24, 0x80, 0x3c, 0x40, 0x18, 0x90, 0x45, 0x4a,
  0x3c, 0x80, 0x45, 0x40, 0x00, 0x90, 0x42, 0x4a, 0x00, 0x90, 0x3f, 0x3e, 0x3c, 0x80, 0x3f, 0x40, 0x00, 0x80, 0x42,
  0x40, 0x00, 0x90, 0x45, 0x4a, 0x3c, 0x80, 0x45, 0x40, 0x00, 0x90, 0x30, 0x51, 0x24, 0x80, 0x30, 0x40, 0x18, 0x90,
  0x39, 0x4b, 0x3c, 0x80, 0x39, 0x40, 0x00, 0x90, 0x33, 0x3f, 0x00, 0x90, 0x36, 0x4b, 0x3c, 0x80, 0x36, 0x40, 0x00,
  0x80, 0x33, 0x40, 0x00, 0x90, 0x39, 0x4b, 0x3c, 0x80, 0x39, 0x40, 0x00, 0x90, 0x3c, 0x51, 0x24, 0x80, 0x3c, 0x40,
  0x18, 0x90, 0x45, 0x4a, 0x3c, 0x80, 0x45, 0x40, 0x00, 0x90, 0x42, 0x4a, 0x00, 0x90, 0x3f, 0x3e, 0x3c, 0x80, 0x3f,
  0x40, 0x00, 0x80, 0x42, 0x40, 0x00, 0x90, 0x45, 0x4a, 0x3c, 0x80, 0x45, 0x40, 0x00, 0x90, 0x30, 0x51, 0x18, 0x80,
  0x30, 0x40, 0x10, 0x90, 0x39, 0x49, 0x28, 0x80, 0x39, 0x40, 0x00, 0x90, 0x33, 0x49, 0x01, 0x90, 0x36, 0x49, 0x27,
  0x80, 0x33, 0x40, 0x01, 0x80, 0x36, 0x40, 0x00, 0x90, 0x39, 0x49, 0x27, 0x90, 0x33, 0x3e, 0x00, 0x90, 0x36, 0x49,
  0x01, 0x80, 0x39, 0x40, 0x27, 0x80, 0x36, 0x40, 0x00, 0x80, 0x33, 0x40, 0x00, 0x90, 0x39, 0x49, 0x28, 0x80, 0x39,
  0x40, 0x00, 0x90, 0x3c, 0x51, 0x18, 0x80, 0x3c, 0x40, 0x10, 0x90, 0x45, 0x49, 0x28, 0x80, 0x45, 0x40, 0x00, 0x90,
  0x3f, 0x49, 0x01, 0x90, 0x42, 0x49, 0x27, 0x80, 0x3f, 0x40, 0x01, 0x80, 0x42, 0x40, 0x00, 0x90, 0x45, 0x49, 0x27,
  0x90, 0x3f, 0x3e, 0x00, 0x90, 0x42, 0x49, 0x01, 0x80, 0x45, 0x40, 0x27, 0x80, 0x42, 0x40, 0x00, 0x80, 0x3f, 0x40,
  0x00, 0x90, 0x45, 0x49, 0x28, 0x80, 0x45, 0x40, 0x00, 0x90, 0x30, 0x51, 0x18, 0x80, 0x30, 0x40, 0x10, 0x90, 0x39,
  0x4a, 0x28, 0x80, 0x39, 0x40, 0x00, 0x90, 0x33, 0x4a, 0x01, 0x90, 0x36, 0x4a, 0x27, 0x80, 0x33, 0x40, 0x01, 0x80,
  0x36, 0x40, 0x00, 0x90, 0x39, 0x4a, 0x27, 0x90, 0x33, 0x3e, 0x00, 0x90, 0x36, 0x4a, 0x01, 0x80, 0x39, 0x40, 0x27,
  0x80, 0x36, 0x40, 0x00, 0x80, 0x33, 0x40, 0x00, 0x90, 0x39, 0x4a, 0x28, 0x80, 0x39, 0x40, 0x00, 0x90, 0x3d, 0x26,
  0x83, 0x60, 0x80, 0x3d, 0x40, 0x00, 0x90, 0x39, 0x21, 0x81, 0x6e, 0x80, 0x39, 0x40, 0x02, 0x90, 0x39, 0x23, 0x81,
  0x70, 0x80, 0x39, 0x40, 0x00, 0x90, 0x36, 0x1f, 0x81, 0x70, 0x80, 0x36, 0x40, 0x00, 0x90, 0x31, 0x1a, 0x00, 0x90,
  0x38, 0x1f, 0x81, 0x70, 0x80, 0x38, 0x40, 0x00, 0x80, 0x31, 0x40, 0x00, 0x90, 0x2a, 0x1c, 0x00, 0x90, 0x36, 0x22,
  0x83, 0x60, 0x80, 0x36, 0x40, 0x00, 0x80, 0x2a, 0x40, 0x00, 0x90, 0x2a, 0x23, 0x00, 0x90, 0x36, 0x29, 0x81, 0x70,
  0x80, 0x36, 0x40, 0x00, 0x80, 0x2a, 0x40, 0x00, 0x90, 0x23, 0x24, 0x00, 0x90, 0x2f, 0x2b, 0x83, 0x60, 0x80, 0x2f,
  0x40, 0x00, 0x80, 0x23, 0x40, 0x00, 0x90, 0x23, 0x29, 0x00, 0x90, 0x2f, 0x31, 0x81, 0x70, 0x80, 0x2f, 0x40, 0x00,
  0x80, 0x23, 0x40, 0x00, 0x90, 0x20, 0x2f, 0x00, 0x90, 0x2c, 0x3a, 0x83, 0x60, 0x80, 0x2c, 0x40, 0x00, 0x80, 0x20,
  0x40, 0x00, 0x90, 0x21, 0x28, 0x00, 0x90, 0x2d, 0x2f, 0x81, 0x6e, 0x80, 0x2d, 0x40, 0x00, 0x80, 0x21, 0x40, 0x02,
  0x90, 0x21, 0x2e, 0x00, 0x90, 0x2d, 0x39, 0x81, 0x70, 0x80, 0x2d, 0x40, 0x00, 0x80, 0x21, 0x40, 0x00, 0x90, 0x23,
  0x2b, 0x00, 0x90, 0x2f, 0x33, 0x81, 0x70, 0x80, 0x2f, 0x40, 0x00, 0x80, 0x23, 0x40, 0x00, 0x90, 0x30, 0x33, 0x00,
  0x90, 0x24, 0x2a, 0x81, 0x70, 0x80, 0x24, 0x40, 0x00, 0x80, 0x30, 0x40, 0x00, 0x90, 0x24, 0x22, 0x00, 0x90, 0x30,
  0x2a, 0x81, 0x70, 0x80, 0x30, 0x40, 0x00, 0x80, 0x24, 0x40, 0x00, 0x90, 0x25, 0x26, 0x00, 0x90, 0x31, 0x2d, 0x82,
  0x68, 0x80, 0x31, 0x40, 0x00, 0x80, 0x25, 0x40, 0x00, 0x90, 0x24, 0x22, 0x00, 0x90, 0x30, 0x28, 0x78, 0x80, 0x30,
  0x40, 0x00, 0x80, 0x24, 0x40, 0x00, 0x90, 0x25, 0x27, 0x00, 0x90, 0x31, 0x30, 0x81, 0x70, 0x80, 0x31, 0x40, 0x00,
  0x80, 0x25, 0x40, 0x00, 0x90, 0x25, 0x26, 0x00, 0x90, 0x31, 0x2d, 0x81, 0x70, 0x80, 0x31, 0x40, 0x00, 0x80, 0x25,
  0x40, 0x00, 0x90, 0x32, 0x30, 0x00, 0x90, 0x26, 0x28, 0x81, 0x70, 0x80, 0x26, 0x40, 0x00, 0x80, 0x32, 0x40, 0x00,
  0x90, 0x2b, 0x2b, 0x00, 0x90, 0x1f, 0x20, 0x00, 0x90, 0x26, 0x20, 0x85, 0x50, 0x80, 0x26, 0x40, 0x00, 0x80, 0x1f,
  0x40, 0x00, 0x80, 0x2b, 0x40, 0x00, 0x90, 0x2b, 0x1e, 0x00, 0x90, 0x23, 0x1e, 0x00, 0x90, 0x32, 0x24, 0x85, 0x50,
  0x80, 0x32, 0x40, 0x00, 0x80, 0x23, 0x40, 0x00, 0x80, 0x2b, 0x40, 0x00, 0x90, 0x24, 0x21, 0x00, 0x90, 0x34, 0x27,
  0x00, 0x90, 0x2b, 0x21, 0x85, 0x50, 0x80, 0x2b, 0x40, 0x00, 0x80, 0x34, 0x40, 0x00, 0x80, 0x24, 0x40, 0x00, 0x90,
  0x23, 0x1d, 0x00, 0x90, 0x2b, 0x1d, 0x00, 0x90, 0x32, 0x23, 0x81, 0x70, 0x80, 0x32, 0x40, 0x00, 0x80, 0x2b, 0x40,
  0x00, 0x80, 0x23, 0x40, 0x00, 0x90, 0x2b, 0x2e, 0x81, 0x70, 0x90, 0x26, 0x20, 0x78, 0x80, 0x2b, 0x40, 0x00, 0x90,
  0x2a, 0x26, 0x77, 0x80, 0x2a, 0x40, 0x01, 0x80, 0x26, 0x40, 0x00, 0x90, 0x26, 0x1d, 0x00, 0x90, 0x2a, 0x23, 0x81,
  0x70, 0x80, 0x2a, 0x40, 0x00, 0x80, 0x26, 0x40, 0x00, 0x90, 0x25, 0x1d, 0x00, 0x90, 0x2d, 0x1f, 0x81, 0x70, 0x80,
  0x2d, 0x40, 0x00, 0x80, 0x25, 0x40, 0x00, 0x90, 0x25, 0x1a, 0x00, 0x90, 0x31, 0x1f, 0x81, 0x6e, 0x80, 0x31, 0x40,
  0x00, 0x80, 0x25, 0x40, 0x02, 0x90, 0x25, 0x1d, 0x00, 0x90, 0x31, 0x23, 0x83, 0x60, 0x80, 0x31, 0x40, 0x00, 0x80,
  0x25, 0x40, 0x00, 0x90, 0x2a, 0x1b, 0x00, 0x90, 0x31, 0x20, 0x81, 0x6e, 0x80, 0x31, 0x40, 0x00, 0x80, 0x2a, 0x40,
  0x02, 0x90, 0x2a, 0x1d, 0x00, 0x90, 0x31, 0x23, 0x81, 0x70, 0x80, 0x2a, 0x40, 0x00, 0x90, 0x23, 0x1b, 0x00, 0x90,
  0x32, 0x20, 0x09, 0x80, 0x31, 0x40, 0x81, 0x67, 0x80, 0x32, 0x40, 0x00, 0x90, 0x2b, 0x20, 0x81, 0x70, 0x80, 0x2b,
  0x40, 0x00, 0x90, 0x2f, 0x23, 0x81, 0x70, 0x80, 0x2f, 0x40, 0x00, 0x80, 0x23, 0x40, 0x00, 0x90, 0x25, 0x23, 0x81,
  0x70, 0x80, 0x25, 0x40, 0x00, 0x90, 0x25, 0x21, 0x00, 0x90, 0x29, 0x21, 0x78, 0x80, 0x29, 0x40, 0x00, 0x90, 0x2a,
  0x1e, 0x78, 0x80, 0x2a, 0x40, 0x00, 0x80, 0x25, 0x40, 0x00, 0x90, 0x25, 0x1d, 0x00, 0x90, 0x2a, 0x23, 0x81, 0x70,
  0x80, 0x2a, 0x40, 0x00, 0x80, 0x25, 0x40, 0x00, 0x90, 0x1e, 0x17, 0x00, 0x90, 0x2a, 0x1c, 0x81, 0x70, 0x80, 0x2a,
  0x40, 0x00, 0x80, 0x1e, 0x40, 0x00, 0x90, 0x22, 0x17, 0x00, 0x90, 0x2e, 0x1c, 0x81, 0x70, 0x80, 0x2e, 0x40, 0x00,
  0x80, 0x22, 0x40, 0x00, 0x90, 0x25, 0x1d, 0x00, 0x90, 0x31, 0x23, 0x81, 0x70, 0x80, 0x31, 0x40, 0x00, 0x80, 0x25,
  0x40, 0x00, 0x90, 0x1e, 0x17, 0x00, 0x90, 0x2a, 0x1c, 0x81, 0x70, 0x80, 0x2a, 0x40, 0x00, 0x80, 0x1e, 0x40, 0x00,
  0x90, 0x22, 0x17, 0x00, 0x90, 0x2e, 0x1c, 0x81, 0x70, 0x80, 0x2e, 0x40, 0x00, 0x80, 0x22, 0x40, 0x00, 0x90, 0x23,
  0x1a, 0x00, 0x90, 0x2f, 0x1f, 0x81, 0x70, 0x80, 0x2f, 0x40, 0x00, 0x80, 0x23, 0x40, 0x00, 0x90, 0x1e, 0x16, 0x00,
  0x90, 0x2a, 0x1b, 0x81, 0x70, 0x80, 0x2a, 0x40, 0x00, 0x80, 0x1e, 0x40, 0x00, 0x90, 0x23, 0x16, 0x00, 0x90, 0x2f,
  0x1b, 0x81, 0x70, 0x80, 0x2f, 0x40, 0x00, 0x80, 0x23, 0x40, 0x00, 0x90, 0x26, 0x1a, 0x00, 0x90, 0x32, 0x1f, 0x81,
  0x70, 0x80, 0x32, 0x40, 0x00, 0x80, 0x26, 0x40, 0x00, 0x90, 0x1e, 0x15, 0x00, 0x90, 0x2a, 0x19, 0x81, 0x70, 0x80,
  0x2a, 0x40, 0x00, 0x80, 0x1e, 0x40, 0x00, 0x90, 0x23, 0x15, 0x00, 0x90, 0x2f, 0x19, 0x81, 0x70, 0x80, 0x2f, 0x40,
  0x00, 0x80, 0x23, 0x40, 0x00, 0x90, 0x25, 0x18, 0x00, 0x90, 0x31, 0x1d, 0x81, 0x70, 0x80, 0x31, 0x40, 0x00, 0x80,
  0x25, 0x40, 0x00, 0x90, 0x1e, 0x13, 0x00, 0x90, 0x2a, 0x17, 0x81, 0x70, 0x80, 0x2a, 0x40, 0x00, 0x80, 0x1e, 0x40,
  0x00, 0x90, 0x22, 0x14, 0x00, 0x90, 0x2e, 0x18, 0x81, 0x70, 0x80, 0x2e, 0x40, 0x00, 0x80, 0x22, 0x40, 0x00, 0x90,
  0x25, 0x1a, 0x00, 0x90, 0x31, 0x20, 0x81, 0x70, 0x80, 0x31, 0x40, 0x00, 0x80, 0x25, 0x40, 0x00, 0x90, 0x1e, 0x16,
  0x00, 0x90, 0x2a, 0x1a, 0x81, 0x70, 0x80, 0x2a, 0x40, 0x00, 0x80, 0x1e, 0x40, 0x00, 0x90, 0x22, 0x16, 0x00, 0x90,
  0x2e, 0x1b, 0x81, 0x70, 0x80, 0x2e, 0x40, 0x00, 0x80, 0x22, 0x40, 0x00, 0x90, 0x23, 0x1e, 0x00, 0x90, 0x2f, 0x24,
  0x81, 0x70, 0x80, 0x2f, 0x40, 0x00, 0x80, 0x23, 0x40, 0x00, 0x90, 0x1e, 0x18, 0x00, 0x90, 0x2a, 0x1d, 0x81, 0x70,
  0x80, 0x2a, 0x40, 0x00, 0x80, 0x1e, 0x40, 0x00, 0x90, 0x23, 0x16, 0x00, 0x90, 0x2f, 0x1b, 0x81, 0x70, 0x80, 0x2f,
  0x40, 0x00, 0x80, 0x23, 0x40, 0x00, 0x90, 0x26, 0x1d, 0x00, 0x90, 0x32, 0x23, 0x50, 0x80, 0x32, 0x40, 0x00, 0x80,
  0x26, 0x40, 0x00, 0x90, 0x1e, 0x21, 0x50, 0x80, 0x1e, 0x40, 0x00, 0x90, 0x23, 0x23, 0x50, 0x80, 0x23, 0x40, 0x00,
  0x90, 0x26, 0x2a, 0x50, 0x80, 0x26, 0x40, 0x00, 0x90, 0x2a, 0x28, 0x50, 0x80, 0x2a, 0x40, 0x00, 0x90, 0x2f, 0x26,
  0x50, 0x80, 0x2f, 0x40, 0x00, 0x90, 0x32, 0x23, 0x50, 0x80, 0x32, 0x40, 0x00, 0x90, 0x2a, 0x21, 0x50, 0x80, 0x2a,
  0x40, 0x00, 0x90, 0x32, 0x1f, 0x50, 0x80, 0x32, 0x40, 0x00, 0x90, 0x2a, 0x1b, 0x50, 0x80, 0x2a, 0x40, 0x00, 0x90,
  0x31, 0x14, 0x50, 0x80, 0x31, 0x40, 0x00, 0x90, 0x2a, 0x14, 0x50, 0x80, 0x2a, 0x40, 0x00, 0x90, 0x36, 0x1b, 0x50,
  0x80, 0x36, 0x40, 0x00, 0x90, 0x31, 0x16, 0x50, 0x80, 0x31, 0x40, 0x00, 0x90, 0x36, 0x16, 0x50, 0x80, 0x36, 0x40,
  0x00, 0x90, 0x2a, 0x1b, 0x50, 0x80, 0x2a, 0x40, 0x00, 0x90, 0x31, 0x17, 0x50, 0x80, 0x31, 0x40, 0x00, 0x90, 0x2a,
  0x17, 0x50, 0x80, 0x2a, 0x40, 0x00, 0x90, 0x36, 0x1b, 0x50, 0x80, 0x36, 0x40, 0x00, 0x90, 0x31, 0x17, 0x50, 0x80,
  0x31, 0x40, 0x00, 0x90, 0x36, 0x17, 0x50, 0x80, 0x36, 0x40, 0x00, 0x90, 0x31, 0x1b, 0x50, 0x80, 0x31, 0x40, 0x00,
  0x90, 0x2a, 0x15, 0x50, 0x80, 0x2a, 0x40, 0x00, 0x90, 0x31, 0x15, 0x50, 0x80, 0x31, 0x40, 0x00, 0x90, 0x36, 0x1b,
  0x50, 0x80, 0x36, 0x40, 0x00, 0x90, 0x31, 0x16, 0x50, 0x80, 0x31, 0x40, 0x00, 0x90, 0x36, 0x16, 0x50, 0x80, 0x36,
  0x40, 0x00, 0x90, 0x25, 0x1b, 0x50, 0x80, 0x25, 0x40, 0x00, 0x90, 0x2a, 0x17, 0x50, 0x80, 0x2a, 0x40, 0x00, 0x90,
  0x25, 0x17, 0x50, 0x80, 0x25, 0x40, 0x00, 0x90, 0x31, 0x1b, 0x50, 0x80, 0x31, 0x40, 0x00, 0x90, 0x2a, 0x17, 0x50,
  0x80, 0x2a, 0x40, 0x00, 0x90, 0x31, 0x17, 0x50, 0x80, 0x31, 0x40, 0x00, 0x90, 0x25, 0x1a, 0x50, 0x80, 0x25, 0x40,
  0x00, 0x90, 0x2a, 0x16, 0x50, 0x80, 0x2a, 0x40, 0x00, 0x90, 0x25, 0x16, 0x50, 0x80, 0x25, 0x40, 0x00, 0x90, 0x31,
  0x1b, 0x50, 0x80, 0x31, 0x40, 0x00, 0x90, 0x2a, 0x17, 0x50, 0x80, 0x2a, 0x40, 0x00, 0x90, 0x31, 0x17, 0x50, 0x80,
  0x31, 0x40, 0x00, 0x90, 0x25, 0x1b, 0x50, 0x80, 0x25, 0x40, 0x00, 0x90, 0x2a, 0x17, 0x50, 0x80, 0x2a, 0x40, 0x00,
  0x90, 0x25, 0x17, 0x50, 0x80, 0x25, 0x40, 0x00, 0x90, 0x31, 0x1b, 0x50, 0x80, 0x31, 0x40, 0x00, 0x90, 0x2a, 0x18,
  0x50, 0x80, 0x2a, 0x40, 0x00, 0x90, 0x31, 0x18, 0x50, 0x80, 0x31, 0x40, 0x00, 0x90, 0x2a, 0x1b, 0x50, 0x80, 0x2a,
  0x40, 0x00, 0x90, 0x25, 0x17, 0x50, 0x80, 0x25, 0x40, 0x00, 0x90, 0x2a, 0x17, 0x50, 0x80, 0x2a, 0x40, 0x00, 0x90,
  0x1e, 0x1b, 0x50, 0x80, 0x1e, 0x40, 0x00, 0x90, 0x25, 0x17, 0x50, 0x80, 0x25, 0x40, 0x00, 0x90, 0x1e, 0x17, 0x50,
  0x80, 0x1e, 0x40, 0x00, 0x90, 0x2a, 0x1b, 0x50, 0x80, 0x2a, 0x40, 0x00, 0x90, 0x25, 0x18, 0x50, 0x80, 0x25, 0x40,
  0x00, 0x90, 0x2a, 0x18, 0x50, 0x80, 0x2a, 0x40, 0x00, 0x90, 0x1e, 0x1b, 0x50, 0x80, 0x1e, 0x40, 0x00, 0x90, 0x25,
  0x18, 0x50, 0x80, 0x25, 0x40, 0x00, 0x90, 0x1e, 0x18, 0x50, 0x80, 0x1e, 0x40, 0x00, 0x90, 0x2a, 0x1b, 0x50, 0x80,
  0x2a, 0x40, 0x00, 0x90, 0x25, 0x17, 0x50, 0x80, 0x25, 0x40, 0x00, 0x90, 0x2a, 0x17, 0x50, 0x80, 0x2a, 0x40, 0x00,
  0x90, 0x25, 0x1b, 0x50, 0x80, 0x25, 0x40, 0x00, 0x90, 0x2a, 0x18, 0x50, 0x80, 0x2a, 0x40, 0x00, 0x90, 0x25, 0x18,
  0x50, 0x80, 0x25, 0x40, 0x00, 0x90, 0x31, 0x1e, 0x81, 0x70, 0x80, 0x31, 0x40, 0x00, 0x90, 0x3d, 0x1a, 0x81, 0x70,
  0x80, 0x3d, 0x40, 0x00, 0x90, 0x39, 0x1a, 0x81, 0x6e, 0x80, 0x39, 0x40, 0x02, 0x90, 0x39, 0x1c, 0x81, 0x70, 0x80,
  0x39, 0x40, 0x00, 0x90, 0x36, 0x18, 0x81, 0x70, 0x80, 0x36, 0x40, 0x00, 0x90, 0x35, 0x14, 0x00, 0x90, 0x31, 0x14,
  0x00, 0x90, 0x38, 0x18, 0x81, 0x70, 0x80, 0x38, 0x40, 0x00, 0x80, 0x31, 0x40, 0x00, 0x80, 0x35, 0x40, 0x00, 0x90,
  0x39, 0x21, 0x00, 0x90, 0x36, 0x1b, 0x81, 0x70, 0x80, 0x36, 0x40, 0x00, 0x80, 0x39, 0x40, 0x00, 0x90, 0x2a, 0x1c,
  0x00, 0x90, 0x36, 0x20, 0x85, 0x50, 0x80, 0x36, 0x40, 0x00, 0x80, 0x2a, 0x40, 0x00, 0x90, 0x23, 0x1c, 0x00, 0x90,
  0x2f, 0x22, 0x81, 0x70, 0x80, 0x2f, 0x40, 0x00, 0x80, 0x23, 0x40, 0x00, 0x90, 0x1e, 0x20, 0x00, 0x90, 0x2a, 0x27,
  0x81, 0x70, 0x80, 0x2a, 0x40, 0x00, 0x80, 0x1e, 0x40, 0x00, 0x90, 0x23, 0x2a, 0x81, 0x70, 0x80, 0x23, 0x40, 0x00,
  0x90, 0x1d, 0x1c, 0x00, 0x90, 0x29, 0x22, 0x83, 0x5b, 0x80, 0x29, 0x40, 0x00, 0x80, 0x1d, 0x40, 0x05, 0x90, 0x1d,
  0x1c, 0x00, 0x90, 0x29, 0x22, 0x83, 0x5b, 0x80, 0x29, 0x40, 0x00, 0x80, 0x1d, 0x40, 0x05, 0x90, 0x29, 0x1e, 0x00,
  0x90, 0x1d, 0x19, 0x78, 0x80, 0x1d, 0x40, 0x00, 0x80, 0x29, 0x40, 0x00, 0x90, 0x1e, 0x1a, 0x00, 0x90, 0x2a, 0x1f,
  0x75, 0x80, 0x2a, 0x40, 0x00, 0x80, 0x1e, 0x40, 0x03, 0x90, 0x1e, 0x1c, 0x00, 0x90, 0x2a, 0x22, 0x85, 0x50, 0x80,
  0x2a, 0x40, 0x00, 0x80, 0x1e, 0x40, 0x00, 0x90, 0x2a, 0x18, 0x00, 0x90, 0x31, 0x18, 0x00, 0x90, 0x3a, 0x1d, 0x8b,
  0x20, 0x80, 0x3a, 0x40, 0x00, 0x80, 0x31, 0x40, 0x00, 0x80, 0x2a, 0x40, 0x00, 0x90, 0x1e, 0x13, 0x00, 0x90, 0x25,
  0x13, 0x00, 0x90, 0x2e, 0x17, 0x8b, 0x20, 0x80, 0x2e, 0x40, 0x00, 0x80, 0x25, 0x40, 0x00, 0x80, 0x1e, 0x40, 0x00,
  0x90, 0x1e, 0x13, 0x00, 0x90, 0x25, 0x13, 0x00, 0x90, 0x2e, 0x17, 0x85, 0x50, 0x80, 0x2e, 0x40, 0x00, 0x80, 0x25,
  0x40, 0x00, 0x80, 0x1e, 0x40, 0x00, 0x90, 0x1e, 0x10, 0x3c, 0x90, 0x25, 0x12, 0x3c, 0x90, 0x2e, 0x14, 0x82, 0x68,
  0x80, 0x2e, 0x40, 0x00, 0x80, 0x25, 0x40, 0x00, 0x80, 0x1e, 0x40, 0x00, 0xff, 0x2f, 0x00, 0x4d, 0x54, 0x72, 0x6b,
  0x00, 0x00, 0x17, 0xc2, 0x00, 0xff, 0x03, 0x05, 0x50, 0x65, 0x64, 0x61, 0x6c, 0x00, 0xc0, 0x00, 0x00, 0xb0, 0x40,
  0x7f, 0x85, 0x5d, 0xb0, 0x40, 0x00, 0x5e, 0xb0, 0x40, 0x7f, 0x84, 0x65, 0xb0, 0x40, 0x00, 0x6c, 0xb0, 0x40, 0x7f,
  0x84, 0x2a, 0xb0, 0x40, 0x00, 0x5b, 0xb0, 0x40, 0x7f, 0x83, 0x0e, 0xb0, 0x40, 0x00, 0x6b, 0xb0, 0x40, 0x7f, 0x81,
  0x3c, 0xb0, 0x40, 0x00, 0x81, 0x35, 0xb0, 0x40, 0x7f, 0x84, 0x21, 0xb0, 0x40, 0x00, 0x81, 0x3c, 0xb0, 0x40, 0x7f,
  0x84, 0x08, 0xb0, 0x40, 0x00, 0x81, 0x05, 0xb0, 0x40, 0x7f, 0x82, 0x67, 0xb0, 0x40, 0x00, 0x58, 0xb0, 0x40, 0x7f,
  0x81, 0x1a, 0xb0, 0x40, 0x00, 0x56, 0xb0, 0x40, 0x7f, 0x81, 0x18, 0xb0, 0x40, 0x00, 0x4f, 0xb0, 0x40, 0x7f, 0x81,
  0x21, 0xb0, 0x40, 0x00, 0x3f, 0xb0, 0x40, 0x7f, 0x81, 0x25, 0xb0, 0x40, 0x00, 0x78, 0xb0, 0x40, 0x7f, 0x84, 0x62,
  0xb0, 0x40, 0x00, 0x81, 0x31, 0xb0, 0x40, 0x7f, 0x89, 0x6d, 0xb0, 0x40, 0x00, 0x74, 0xb0, 0x40, 0x7f, 0x82, 0x6c,
  0xb0, 0x40, 0x00, 0x43, 0xb0, 0x40, 0x7f, 0x81, 0x29, 0xb0, 0x40, 0x00, 0x81, 0x14, 0xb0, 0x40, 0x7f, 0x84, 0x44,
  0xb0, 0x40, 0x00, 0x7f, 0xb0, 0x40, 0x7f, 0x71, 0xb0, 0x40, 0x00, 0x73, 0xb0, 0x40, 0x7f, 0x7c, 0xb0, 0x40, 0x00,
  0x67, 0xb0, 0x40, 0x7f, 0x81, 0x00, 0xb0, 0x40, 0x00, 0x81, 0x09, 0xb0, 0x40, 0x7f, 0x86, 0x3f, 0xb0, 0x40, 0x00,
  0x75, 0xb0, 0x40, 0x7f, 0x7d, 0xb0, 0x40, 0x00, 0x59, 0xb0, 0x40, 0x7f, 0x81, 0x0b, 0xb0, 0x40, 0x00, 0x7e, 0xb0,
  0x40, 0x7f, 0x84, 0x5a, 0xb0, 0x40, 0x00, 0x81, 0x24, 0xb0, 0x40, 0x7f, 0x84, 0x24, 0xb0, 0x40, 0x00, 0x5c, 0xb0,
  0x40, 0x7f, 0x83, 0x0f, 0xb0, 0x40, 0x00, 0x45, 0xb0, 0x40, 0x7f, 0x81, 0x2c, 0xb0, 0x40, 0x00, 0x39, 0xb0, 0x40,
  0x7f, 0x81, 0x35, 0xb0, 0x40, 0x00, 0x41, 0xb0, 0x40, 0x7f, 0x81, 0x2b, 0xb0, 0x40, 0x00, 0x33, 0xb0, 0x40, 0x7f,
  0x81, 0x37, 0xb0, 0x40, 0x00, 0x4e, 0xb0, 0x40, 0x7f, 0x83, 0x18, 0xb0, 0x40, 0x00, 0x6b, 0xb0, 0x40, 0x7f, 0x81,
  0x0b, 0xb0, 0x40, 0x00, 0x5e, 0xb0, 0x40, 0x7f, 0x82, 0x7e, 0xb0, 0x40, 0x00, 0x46, 0xb0, 0x40, 0x7f, 0x81, 0x22,
  0xb0, 0x40, 0x00, 0x4e, 0xb0, 0x40, 0x7f, 0x83, 0x20, 0xb0, 0x40, 0x00, 0x47, 0xb0, 0x40, 0x7f, 0x83, 0x19, 0xb0,
  0x40, 0x00, 0x4e, 0xb0, 0x40, 0x7f, 0x81, 0x21, 0xb0, 0x40, 0x00, 0x41, 0xb0, 0x40, 0x7f, 0x81, 0x22, 0xb0, 0x40,
  0x00, 0x81, 0x20, 0xb0, 0x40, 0x7f, 0x82, 0x4c, 0xb0, 0x40, 0x00, 0x72, 0xb0, 0x40, 0x7f, 0x84, 0x59, 0xb0, 0x40,
  0x00, 0x60, 0xb0, 0x40, 0x7f, 0x58, 0xb0, 0x40, 0x00, 0x1d, 0xb0, 0x40, 0x7f, 0x85, 0x70, 0xb0, 0x40, 0x00, 0x81,
  0x22, 0xb0, 0x40, 0x7f, 0x84, 0x24, 0xb0, 0x40, 0x00, 0x81, 0x32, 0xb0, 0x40, 0x7f, 0x84, 0x28, 0xb0, 0x40, 0x00,
  0x81, 0x22, 0xb0, 0x40, 0x7f, 0x82, 0x3e, 0xb0, 0x40, 0x00, 0x7a, 0xb0, 0x40, 0x7f, 0x76, 0xb0, 0x40, 0x00, 0x7f,
  0xb0, 0x40, 0x7f, 0x71, 0xb0, 0x40, 0x00, 0x73, 0xb0, 0x40, 0x7f, 0x82, 0x63, 0xb0, 0x40, 0x00, 0x81, 0x09, 0xb0,
  0x40, 0x7f, 0x88, 0x29, 0xb0, 0x40, 0x00, 0x66, 0xb0, 0x40, 0x7f, 0x84, 0x6b, 0xb0, 0x40, 0x00, 0x8d, 0x0b, 0xb0,
  0x40, 0x00, 0x4e, 0xb0, 0x40, 0x7f, 0x81, 0x2d, 0xb0, 0x40, 0x00, 0x4b, 0xb0, 0x40, 0x7f, 0x81, 0x26, 0xb0, 0x40,
  0x00, 0x4a, 0xb0, 0x40, 0x7f, 0x86, 0x6a, 0xb0, 0x40, 0x00, 0x4e, 0xb0, 0x40, 0x7f, 0x83, 0x20, 0xb0, 0x40, 0x00,
  0x47, 0xb0, 0x40, 0x7f, 0x81, 0x26, 0xb0, 0x40, 0x00, 0x6d, 0xb0, 0x40, 0x7f, 0x82, 0x75, 0xb0, 0x40, 0x00, 0x41,
  0xb0, 0x40, 0x7f, 0x81, 0x22, 0xb0, 0x40, 0x00, 0x81, 0x20, 0xb0, 0x40, 0x7f, 0x82, 0x4c, 0xb0, 0x40, 0x00, 0x45,
  0xb0, 0x40, 0x7f, 0x83, 0x16, 0xb0, 0x40, 0x00, 0x59, 0xb0, 0x40, 0x7f, 0x81, 0x1c, 0xb0, 0x40, 0x00, 0x2d, 0xb0,
  0x40, 0x7f, 0x87, 0x13, 0xb0, 0x40, 0x00, 0x81, 0x22, 0xb0, 0x40, 0x7f, 0x84, 0x24, 0xb0, 0x40, 0x00, 0x81, 0x32,
  0xb0, 0x40, 0x7f, 0x84, 0x28, 0xb0, 0x40, 0x00, 0x82, 0x32, 0xb0, 0x40, 0x7f, 0x83, 0x1e, 0xb0, 0x40, 0x00, 0x7f,
  0xb0, 0x40, 0x7f, 0x71, 0xb0, 0x40, 0x00, 0x73, 0xb0, 0x40, 0x7f, 0x82, 0x63, 0xb0, 0x40, 0x00, 0x81, 0x09, 0xb0,
  0x40, 0x7f, 0x82, 0x57, 0xb0, 0x40, 0x00, 0x81, 0x7a, 0xb0, 0x40, 0x00, 0x7f, 0xb0, 0x40, 0x7f, 0x71, 0xb0, 0x40,
  0x00, 0x73, 0xb0, 0x40, 0x7f, 0x82, 0x6d, 0xb0, 0x40, 0x00, 0x7f, 0xb0, 0x40, 0x7f, 0x71, 0xb0, 0x40, 0x00, 0x73,
  0xb0, 0x40, 0x7f, 0x82, 0x6d, 0xb0, 0x40, 0x00, 0x7f, 0xb0, 0x40, 0x7f, 0x71, 0xb0, 0x40, 0x00, 0x73, 0xb0, 0x40,
  0x7f, 0x82, 0x6d, 0xb0, 0x40, 0x00, 0x7f, 0xb0, 0x40, 0x7f, 0x71, 0xb0, 0x40, 0x00, 0x73, 0xb0, 0x40, 0x7f, 0x82,
  0x61, 0xb0, 0x40, 0x00, 0x82, 0x14, 0xb0, 0x40, 0x7f, 0x89, 0x0c, 0xb0, 0x40, 0x00, 0x4e, 0xb0, 0x40, 0x7f, 0x8a,
  0x52, 0xb0, 0x40, 0x00, 0x5f, 0xb0, 0x40, 0x7f, 0x83, 0x0d, 0xb0, 0x40, 0x00, 0x1e, 0xb0, 0x40, 0x7f, 0x81, 0x4e,
  0xb0, 0x40, 0x00, 0x36, 0xb0, 0x40, 0x7f, 0x85, 0x12, 0xb0, 0x40, 0x00, 0x5c, 0xb0, 0x40, 0x7f, 0x85, 0x00, 0xb0,
  0x40, 0x00, 0x44, 0xb0, 0x40, 0x7f, 0x83, 0x1c, 0xb0, 0x40, 0x00, 0x39, 0xb0, 0x40, 0x7f, 0x81, 0x2b, 0xb0, 0x40,
  0x00, 0x43, 0xb0, 0x40, 0x7f, 0x85, 0x12, 0xb0, 0x40, 0x00, 0x29, 0xb0, 0x40, 0x7f, 0x85, 0x22, 0xb0, 0x40, 0x00,
  0x28, 0xb0, 0x40, 0x7f, 0x83, 0x3d, 0xb0, 0x40, 0x00, 0x29, 0xb0, 0x40, 0x7f, 0x81, 0x5c, 0xb0, 0x40, 0x00, 0x2e,
  0xb0, 0x40, 0x7f, 0x81, 0x34, 0xb0, 0x40, 0x00, 0x1c, 0xb0, 0x40, 0x7f, 0x81, 0x54, 0xb0, 0x40, 0x00, 0x1f, 0xb0,
  0x40, 0x7f, 0x81, 0x45, 0xb0, 0x40, 0x00, 0x34, 0xb0, 0x40, 0x7f, 0x83, 0x33, 0xb0, 0x40, 0x00, 0x2a, 0xb0, 0x40,
  0x7f, 0x81, 0x3c, 0xb0, 0x40, 0x00, 0x2b, 0xb0, 0x40, 0x7f, 0x81, 0x4f, 0xb0, 0x40, 0x00, 0x27, 0xb0, 0x40, 0x7f,
  0x83, 0x32, 0xb0, 0x40, 0x00, 0x4b, 0xb0, 0x40, 0x7f, 0x85, 0x10, 0xb0, 0x40, 0x00, 0x5c, 0xb0, 0x40, 0x7f, 0x83,
  0x06, 0xb0, 0x40, 0x00, 0x3e, 0xb0, 0x40, 0x7f, 0x81, 0x25, 0xb0, 0x40, 0x00, 0x3c, 0xb0, 0x40, 0x7f, 0x85, 0x11,
  0xb0, 0x40, 0x00, 0x2b, 0xb0, 0x40, 0x7f, 0x81, 0x52, 0xb0, 0x40, 0x00, 0x2a, 0xb0, 0x40, 0x7f, 0x83, 0x2c, 0xb0,
  0x40, 0x00, 0x56, 0xb0, 0x40, 0x7f, 0x83, 0x11, 0xb0, 0x40, 0x00, 0x6c, 0xb0, 0x40, 0x7f, 0x84, 0x68, 0xb0, 0x40,
  0x00, 0x56, 0xb0, 0x40, 0x7f, 0x84, 0x7b, 0xb0, 0x40, 0x00, 0x3f, 0xb0, 0x40, 0x7f, 0x85, 0x14, 0xb0, 0x40, 0x00,
  0x58, 0xb0, 0x40, 0x7f, 0x81, 0x09, 0xb0, 0x40, 0x00, 0x45, 0xb0, 0x40, 0x7f, 0x81, 0x33, 0xb0, 0x40, 0x00, 0x31,
  0xb0, 0x40, 0x7f, 0x81, 0x45, 0xb0, 0x40, 0x00, 0x31, 0xb0, 0x40, 0x7f, 0x81, 0x3d, 0xb0, 0x40, 0x00, 0x44, 0xb0,
  0x40, 0x7f, 0x81, 0x2c, 0xb0, 0x40, 0x00, 0x39, 0xb0, 0x40, 0x7f, 0x81, 0x2e, 0xb0, 0x40, 0x00, 0x3c, 0xb0, 0x40,
  0x7f, 0x81, 0x33, 0xb0, 0x40, 0x00, 0x54, 0xb0, 0x40, 0x7f, 0x81, 0x28, 0xb0, 0x40, 0x00, 0x37, 0xb0, 0x40, 0x7f,
  0x81, 0x37, 0xb0, 0x40, 0x00, 0x39, 0xb0, 0x40, 0x7f, 0x81, 0x32, 0xb0, 0x40, 0x00, 0x49, 0xb0, 0x40, 0x7f, 0x81,
  0x2c, 0xb0, 0x40, 0x00, 0x44, 0xb0, 0x40, 0x7f, 0x81, 0x2a, 0xb0, 0x40, 0x00, 0x41, 0xb0, 0x40, 0x7f, 0x81, 0x27,
  0xb0, 0x40, 0x00, 0x54, 0xb0, 0x40, 0x7f, 0x81, 0x28, 0xb0, 0x40, 0x00, 0x37, 0xb0, 0x40, 0x7f, 0x81, 0x37, 0xb0,
  0x40, 0x00, 0x39, 0xb0, 0x40, 0x7f, 0x81, 0x32, 0xb0, 0x40, 0x00, 0x49, 0xb0, 0x40, 0x7f, 0x81, 0x2c, 0xb0, 0x40,
  0x00, 0x44, 0xb0, 0x40, 0x7f, 0x81, 0x2a, 0xb0, 0x40, 0x00, 0x41, 0xb0, 0x40, 0x7f, 0x81, 0x25, 0xb0, 0x40, 0x00,
  0x4b, 0xb0, 0x40, 0x7f, 0x81, 0x31, 0xb0, 0x40, 0x00, 0x3f, 0xb0, 0x40, 0x7f, 0x81, 0x2a, 0xb0, 0x40, 0x00, 0x2f,
  0xb0, 0x40, 0x7f, 0x81, 0x40, 0xb0, 0x40, 0x00, 0x5d, 0xb0, 0x40, 0x7f, 0x81, 0x1a, 0xb0, 0x40, 0x00, 0x3a, 0xb0,
  0x40, 0x7f, 0x81, 0x38, 0xb0, 0x40, 0x00, 0x43, 0xb0, 0x40, 0x7f, 0x81, 0x20, 0xb0, 0x40, 0x00, 0x50, 0xb0, 0x40,
  0x7f, 0x81, 0x29, 0xb0, 0x40, 0x00, 0x42, 0xb0, 0x40, 0x7f, 0x81, 0x30, 0xb0, 0x40, 0x00, 0x34, 0xb0, 0x40, 0x7f,
  0x81, 0x3c, 0xb0, 0x40, 0x00, 0x4b, 0xb0, 0x40, 0x7f, 0x81, 0x26, 0xb0, 0x40, 0x00, 0x5b, 0xb0, 0x40, 0x7f, 0x81,
  0x15, 0xb0, 0x40, 0x00, 0x39, 0xb0, 0x40, 0x7f, 0x81, 0x30, 0xb0, 0x40, 0x00, 0x40, 0xb0, 0x40, 0x7f, 0x81, 0x32,
  0xb0, 0x40, 0x00, 0x3e, 0xb0, 0x40, 0x7f, 0x81, 0x2e, 0xb0, 0x40, 0x00, 0x4d, 0xb0, 0x40, 0x7f, 0x81, 0x20, 0xb0,
  0x40, 0x00, 0x50, 0xb0, 0x40, 0x7f, 0x81, 0x25, 0xb0, 0x40, 0x00, 0x4b, 0xb0, 0x40, 0x7f, 0x81, 0x25, 0xb0, 0x40,
  0x00, 0x40, 0xb0, 0x40, 0x7f, 0x83, 0x1e, 0xb0, 0x40, 0x00, 0x42, 0xb0, 0x40, 0x7f, 0x81, 0x36, 0xb0, 0x40, 0x00,
  0x51, 0xb0, 0x40, 0x7f, 0x81, 0x19, 0xb0, 0x40, 0x00, 0x34, 0xb0, 0x40, 0x7f, 0x81, 0x3d, 0xb0, 0x40, 0x00, 0x2e,
  0xb0, 0x40, 0x7f, 0x81, 0x41, 0xb0, 0x40, 0x00, 0x40, 0xb0, 0x40, 0x7f, 0x81, 0x2b, 0xb0, 0x40, 0x00, 0x4a, 0xb0,
  0x40, 0x7f, 0x81, 0x2e, 0xb0, 0x40, 0x00, 0x26, 0xb0, 0x40, 0x7f, 0x81, 0x46, 0xb0, 0x40, 0x00, 0x38, 0xb0, 0x40,
  0x7f, 0x81, 0x37, 0xb0, 0x40, 0x00, 0x36, 0xb0, 0x40, 0x7f, 0x81, 0x41, 0xb0, 0x40, 0x00, 0x32, 0xb0, 0x40, 0x7f,
  0x81, 0x3d, 0xb0, 0x40, 0x00, 0x41, 0xb0, 0x40, 0x7f, 0x81, 0x26, 0xb0, 0x40, 0x00, 0x4a, 0xb0, 0x40, 0x7f, 0x81,
  0x2e, 0xb0, 0x40, 0x00, 0x26, 0xb0, 0x40, 0x7f, 0x81, 0x46, 0xb0, 0x40, 0x00, 0x38, 0xb0, 0x40, 0x7f, 0x81, 0x37,
  0xb0, 0x40, 0x00, 0x36, 0xb0, 0x40, 0x7f, 0x81, 0x41, 0xb0, 0x40, 0x00, 0x32, 0xb0, 0x40, 0x7f, 0x81, 0x3d, 0xb0,
  0x40, 0x00, 0x41, 0xb0, 0x40, 0x7f, 0x81, 0x26, 0xb0, 0x40, 0x00, 0x4a, 0xb0, 0x40, 0x7f, 0x81, 0x2e, 0xb0, 0x40,
  0x00, 0x26, 0xb0, 0x40, 0x7f, 0x81, 0x46, 0xb0, 0x40, 0x00, 0x38, 0xb0, 0x40, 0x7f, 0x81, 0x37, 0xb0, 0x40, 0x00,
  0x36, 0xb0, 0x40, 0x7f, 0x81, 0x41, 0xb0, 0x40, 0x00, 0x32, 0xb0, 0x40, 0x7f, 0x81, 0x3d, 0xb0, 0x40, 0x00, 0x41,
  0xb0, 0x40, 0x7f, 0x81, 0x26, 0xb0, 0x40, 0x00, 0x4a, 0xb0, 0x40, 0x7f, 0x81, 0x2e, 0xb0, 0x40, 0x00, 0x26, 0xb0,
  0x40, 0x7f, 0x81, 0x46, 0xb0, 0x40, 0x00, 0x38, 0xb0, 0x40, 0x7f, 0x81, 0x37, 0xb0, 0x40, 0x00, 0x36, 0xb0, 0x40,
  0x7f, 0x81, 0x41, 0xb0, 0x40, 0x00, 0x32, 0xb0, 0x40, 0x7f, 0x81, 0x3d, 0xb0, 0x40, 0x00, 0x41, 0xb0, 0x40, 0x7f,
  0x81, 0x26, 0xb0, 0x40, 0x00, 0x4a, 0xb0, 0x40, 0x7f, 0x81, 0x2e, 0xb0, 0x40, 0x00, 0x26, 0xb0, 0x40, 0x7f, 0x81,
  0x46, 0xb0, 0x40, 0x00, 0x38, 0xb0, 0x40, 0x7f, 0x81, 0x37, 0xb0, 0x40, 0x00, 0x36, 0xb0, 0x40, 0x7f, 0x81, 0x41,
  0xb0, 0x40, 0x00, 0x32, 0xb0, 0x40, 0x7f, 0x81, 0x3d, 0xb0, 0x40, 0x00, 0x41, 0xb0, 0x40, 0x7f, 0x81, 0x26, 0xb0,
  0x40, 0x00, 0x4a, 0xb0, 0x40, 0x7f, 0x81, 0x2e, 0xb0, 0x40, 0x00, 0x26, 0xb0, 0x40, 0x7f, 0x81, 0x46, 0xb0, 0x40,
  0x00, 0x38, 0xb0, 0x40, 0x7f, 0x81, 0x37, 0xb0, 0x40, 0x00, 0x36, 0xb0, 0x40, 0x7f, 0x81, 0x41, 0xb0, 0x40, 0x00,
  0x32, 0xb0, 0x40, 0x7f, 0x81, 0x3d, 0xb0, 0x40, 0x00, 0x30, 0xb0, 0x40, 0x7f, 0x81, 0x37, 0xb0, 0x40, 0x00, 0x31,
  0xb0, 0x40, 0x7f, 0x81, 0x47, 0xb0, 0x40, 0x00, 0x26, 0xb0, 0x40, 0x7f, 0x81, 0x46, 0xb0, 0x40, 0x00, 0x38, 0xb0,
  0x40, 0x7f, 0x81, 0x37, 0xb0, 0x40, 0x00, 0x36, 0xb0, 0x40, 0x7f, 0x81, 0x41, 0xb0, 0x40, 0x00, 0x32, 0xb0, 0x40,
  0x7f, 0x81, 0x3d, 0xb0, 0x40, 0x00, 0x41, 0xb0, 0x40, 0x7f, 0x81, 0x26, 0xb0, 0x40, 0x00, 0x2e, 0xb0, 0x40, 0x7f,
  0x81, 0x4a, 0xb0, 0x40, 0x00, 0x26, 0xb0, 0x40, 0x7f, 0x81, 0x46, 0xb0, 0x40, 0x00, 0x38, 0xb0, 0x40, 0x7f, 0x81,
  0x37, 0xb0, 0x40, 0x00, 0x36, 0xb0, 0x40, 0x7f, 0x81, 0x41, 0xb0, 0x40, 0x00, 0x32, 0xb0, 0x40, 0x7f, 0x81, 0x3d,
  0xb0, 0x40, 0x00, 0x41, 0xb0, 0x40, 0x7f, 0x81, 0x31, 0xb0, 0x40, 0x00, 0x29, 0xb0, 0x40, 0x7f, 0x81, 0x43, 0xb0,
  0x40, 0x00, 0x2d, 0xb0, 0x40, 0x7f, 0x81, 0x40, 0xb0, 0x40, 0x00, 0x27, 0xb0, 0x40, 0x7f, 0x81, 0x4c, 0xb0, 0x40,
  0x00, 0x2a, 0xb0, 0x40, 0x7f, 0x81, 0x45, 0xb0, 0x40, 0x00, 0x28, 0xb0, 0x40, 0x7f, 0x81, 0x49, 0xb0, 0x40, 0x00,
  0x30, 0xb0, 0x40, 0x7f, 0x81, 0x44, 0xb0, 0x40, 0x00, 0x29, 0xb0, 0x40, 0x7f, 0x81, 0x43, 0xb0, 0x40, 0x00, 0x2d,
  0xb0, 0x40, 0x7f, 0x81, 0x40, 0xb0, 0x40, 0x00, 0x27, 0xb0, 0x40, 0x7f, 0x81, 0x4c, 0xb0, 0x40, 0x00, 0x2a, 0xb0,
  0x40, 0x7f, 0x81, 0x45, 0xb0, 0x40, 0x00, 0x28, 0xb0, 0x40, 0x7f, 0x81, 0x49, 0xb0, 0x40, 0x00, 0x30, 0xb0, 0x40,
  0x7f, 0x81, 0x44, 0xb0, 0x40, 0x00, 0x29, 0xb0, 0x40, 0x7f, 0x81, 0x43, 0xb0, 0x40, 0x00, 0x2d, 0xb0, 0x40, 0x7f,
  0x81, 0x40, 0xb0, 0x40, 0x00, 0x27, 0xb0, 0x40, 0x7f, 0x81, 0x4c, 0xb0, 0x40, 0x00, 0x2a, 0xb0, 0x40, 0x7f, 0x81,
  0x45, 0xb0, 0x40, 0x00, 0x28, 0xb0, 0x40, 0x7f, 0x81, 0x49, 0xb0, 0x40, 0x00, 0x30, 0xb0, 0x40, 0x7f, 0x81, 0x40,
  0xb0, 0x40, 0x00, 0x2a, 0xb0, 0x40, 0x7f, 0x81, 0x45, 0xb0, 0x40, 0x00, 0x28, 0xb0, 0x40, 0x7f, 0x81, 0x49, 0xb0,
  0x40, 0x00, 0x30, 0xb0, 0x40, 0x7f, 0x81, 0x3e, 0xb0, 0x40, 0x00, 0x23, 0xb0, 0x40, 0x7f, 0x81, 0x50, 0xb0, 0x40,
  0x00, 0x1d, 0xb0, 0x40, 0x7f, 0x81, 0x52, 0xb0, 0x40, 0x00, 0x1e, 0xb0, 0x40, 0x7f, 0x81, 0x4e, 0xb0, 0x40, 0x00,
  0x81, 0x03, 0xb0, 0x40, 0x7f, 0x84, 0x58, 0xb0, 0x40, 0x00, 0x81, 0x20, 0xb0, 0x40, 0x7f, 0x84, 0x3d, 0xb0, 0x40,
  0x00, 0x21, 0xb0, 0x40, 0x7f, 0x83, 0x32, 0xb0, 0x40, 0x00, 0x32, 0xb0, 0x40, 0x7f, 0x81, 0x39, 0xb0, 0x40, 0x00,
  0x41, 0xb0, 0x40, 0x7f, 0x81, 0x2c, 0xb0, 0x40, 0x00, 0x2c, 0xb0, 0x40, 0x7f, 0x81, 0x43, 0xb0, 0x40, 0x00, 0x73,
  0xb0, 0x40, 0x7f, 0x78, 0xb0, 0x40, 0x00, 0x23, 0xb0, 0x40, 0x7f, 0x81, 0x54, 0xb0, 0x40, 0x00, 0x1e, 0xb0, 0x40,
  0x7f, 0x81, 0x56, 0xb0, 0x40, 0x00, 0x20, 0xb0, 0x40, 0x7f, 0x52, 0xb0, 0x40, 0x00, 0x18, 0xb0, 0x40, 0x7f, 0x65,
  0xb0, 0x40, 0x00, 0x2d, 0xb0, 0x40, 0x7f, 0x83, 0x65, 0xb0, 0x40, 0x00, 0x81, 0x4b, 0xb0, 0x40, 0x7f, 0x81, 0x66,
  0xb0, 0x40, 0x00, 0x32, 0xb0, 0x40, 0x7f, 0x81, 0x37, 0xb0, 0x40, 0x00, 0x17, 0xb0, 0x40, 0x7f, 0x60, 0xb0, 0x40,
  0x00, 0x20, 0xb0, 0x40, 0x7f, 0x5a, 0xb0, 0x40, 0x00, 0x60, 0xb0, 0x40, 0x7f, 0x83, 0x74, 0xb0, 0x40, 0x00, 0x81,
  0x45, 0xb0, 0x40, 0x7f, 0x90, 0x2d, 0xb0, 0x40, 0x00, 0x86, 0x21, 0xb0, 0x40, 0x7f, 0x8d, 0x45, 0xb0, 0x40, 0x00,
  0x84, 0x3d, 0xb0, 0x40, 0x7f, 0x81, 0x7d, 0xb0, 0x40, 0x00, 0x82, 0x41, 0xb0, 0x40, 0x7f, 0x8b, 0x05, 0xb0, 0x40,
  0x00, 0x81, 0x13, 0xb0, 0x40, 0x7f, 0x84, 0x06, 0xb0, 0x40, 0x00, 0x6c, 0xb0, 0x40, 0x7f, 0x82, 0x75, 0xb0, 0x40,
  0x00, 0x5e, 0xb0, 0x40, 0x7f, 0x81, 0x05, 0xb0, 0x40, 0x00, 0x81, 0x2e, 0xb0, 0x40, 0x7f, 0x84, 0x2c, 0xb0, 0x40,
  0x00, 0x7c, 0xb0, 0x40, 0x7f, 0x88, 0x38, 0xb0, 0x40, 0x00, 0x39, 0xb0, 0x40, 0x7f, 0x81, 0x2d, 0xb0, 0x40, 0x00,
  0x20, 0xb0, 0x40, 0x7f, 0x81, 0x53, 0xb0, 0x40, 0x00, 0x27, 0xb0, 0x40, 0x7f, 0x81, 0x4e, 0xb0, 0x40, 0x00, 0x2d,
  0xb0, 0x40, 0x7f, 0x81, 0x37, 0xb0, 0x40, 0x00, 0x81, 0x3b, 0xb0, 0x40, 0x7f, 0x89, 0x65, 0xb0, 0x40, 0x00, 0x81,
  0x3b, 0xb0, 0x40, 0x7f, 0x84, 0x22, 0xb0, 0x40, 0x00, 0x81, 0x13, 0xb0, 0x40, 0x7f, 0x84, 0x30, 0xb0, 0x40, 0x00,
  0x61, 0xb0, 0x40, 0x7f, 0x83, 0x0d, 0xb0, 0x40, 0x00, 0x48, 0xb0, 0x40, 0x7f, 0x81, 0x27, 0xb0, 0x40, 0x00, 0x3e,
  0xb0, 0x40, 0x7f, 0x83, 0x23, 0xb0, 0x40, 0x00, 0x3d, 0xb0, 0x40, 0x7f, 0x81, 0x25, 0xb0, 0x40, 0x00, 0x45, 0xb0,
  0x40, 0x7f, 0x85, 0x1a, 0xb0, 0x40, 0x00, 0x47, 0xb0, 0x40, 0x7f, 0x85, 0x08, 0xb0, 0x40, 0x00, 0x70, 0xb0, 0x40,
  0x7f, 0x84, 0x5d, 0xb0, 0x40, 0x00, 0x81, 0x15, 0xb0, 0x40, 0x7f, 0x82, 0x46, 0xb0, 0x40, 0x00, 0x56, 0xb0, 0x40,
  0x7f, 0x81, 0x1a, 0xb0, 0x40, 0x00, 0x72, 0xb0, 0x40, 0x7f, 0x84, 0x5b, 0xb0, 0x40, 0x00, 0x81, 0x2b, 0xb0, 0x40,
  0x7f, 0x84, 0x25, 0xb0, 0x40, 0x00, 0x81, 0x29, 0xb0, 0x40, 0x7f, 0x82, 0x43, 0xb0, 0x40, 0x00, 0x64, 0xb0, 0x40,
  0x7f, 0x81, 0x03, 0xb0, 0x40, 0x00, 0x78, 0xb0, 0x40, 0x7f, 0x81, 0x01, 0xb0, 0x40, 0x00, 0x81, 0x06, 0xb0, 0x40,
  0x7f, 0x67, 0xb0, 0x40, 0x00, 0x5b, 0xb0, 0x40, 0x7f, 0x81, 0x09, 0xb0, 0x40, 0x00, 0x55, 0xb0, 0x40, 0x7f, 0x85,
  0x04, 0xb0, 0x40, 0x00, 0x4c, 0xb0, 0x40, 0x7f, 0x85, 0x09, 0xb0, 0x40, 0x00, 0x5c, 0xb0, 0x40, 0x7f, 0x84, 0x6d,
  0xb0, 0x40, 0x00, 0x40, 0xb0, 0x40, 0x7f, 0x85, 0x0d, 0xb0, 0x40, 0x00, 0x41, 0xb0, 0x40, 0x7f, 0x83, 0x1f, 0xb0,
  0x40, 0x00, 0x3b, 0xb0, 0x40, 0x7f, 0x81, 0x3c, 0xb0, 0x40, 0x00, 0x51, 0xb0, 0x40, 0x7f, 0x83, 0x0a, 0xb0, 0x40,
  0x00, 0x3f, 0xb0, 0x40, 0x7f, 0x81, 0x2b, 0xb0, 0x40, 0x00, 0x45, 0xb0, 0x40, 0x7f, 0x85, 0x19, 0xb0, 0x40, 0x00,
  0x42, 0xb0, 0x40, 0x7f, 0x83, 0x16, 0xb0, 0x40, 0x00, 0x39, 0xb0, 0x40, 0x7f, 0x81, 0x31, 0xb0, 0x40, 0x00, 0x7e,
  0xb0, 0x40, 0x7f, 0x82, 0x6a, 0xb0, 0x40, 0x00, 0x48, 0xb0, 0x40, 0x7f, 0x81, 0x2c, 0xb0, 0x40, 0x00, 0x50, 0xb0,
  0x40, 0x7f, 0x83, 0x09, 0xb0, 0x40, 0x00, 0x2f, 0xb0, 0x40, 0x7f, 0x81, 0x3c, 0xb0, 0x40, 0x00, 0x7e, 0xb0, 0x40,
  0x7f, 0x82, 0x6a, 0xb0, 0x40, 0x00, 0x48, 0xb0, 0x40, 0x7f, 0x81, 0x2c, 0xb0, 0x40, 0x00, 0x50, 0xb0, 0x40, 0x7f,
  0x83, 0x09, 0xb0, 0x40, 0x00, 0x2f, 0xb0, 0x40, 0x7f, 0x81, 0x3c, 0xb0, 0x40, 0x00, 0x7e, 0xb0, 0x40, 0x7f, 0x82,
  0x6a, 0xb0, 0x40, 0x00, 0x48, 0xb0, 0x40, 0x7f, 0x81, 0x2c, 0xb0, 0x40, 0x00, 0x50, 0xb0, 0x40, 0x7f, 0x84, 0x74,
  0xb0, 0x40, 0x00, 0x45, 0xb0, 0x40, 0x7f, 0x81, 0x2d, 0xb0, 0x40, 0x00, 0x54, 0xb0, 0x40, 0x7f, 0x81, 0x22, 0xb0,
  0x40, 0x00, 0x48, 0xb0, 0x40, 0x7f, 0x81, 0x2c, 0xb0, 0x40, 0x00, 0x50, 0xb0, 0x40, 0x7f, 0x83, 0x09, 0xb0, 0x40,
  0x00, 0x2f, 0xb0, 0x40, 0x7f, 0x81, 0x3c, 0xb0, 0x40, 0x00, 0x45, 0xb0, 0x40, 0x7f, 0x85, 0x17, 0xb0, 0x40, 0x00,
  0x50, 0xb0, 0x40, 0x7f, 0x83, 0x09, 0xb0, 0x40, 0x00, 0x2f, 0xb0, 0x40, 0x7f, 0x81, 0x3c, 0xb0, 0x40, 0x00, 0x67,
  0xb0, 0x40, 0x7f, 0x84, 0x76, 0xb0, 0x40, 0x00, 0x81, 0x08, 0xb0, 0x40, 0x7f, 0x8f, 0x5b, 0xb0, 0x40, 0x00, 0x34,
  0xb0, 0x40, 0x7f, 0x81, 0x46, 0xb0, 0x40, 0x00, 0x2d, 0xb0, 0x40, 0x7f, 0x81, 0x43, 0xb0, 0x40, 0x00, 0x21, 0xb0,
  0x40, 0x7f, 0x81, 0x50, 0xb0, 0x40, 0x00, 0x29, 0xb0, 0x40, 0x7f, 0x81, 0x47, 0xb0, 0x40, 0x00, 0x20, 0xb0, 0x40,
  0x7f, 0x81, 0x50, 0xb0, 0x40, 0x00, 0x26, 0xb0, 0x40, 0x7f, 0x81, 0x3f, 0xb0, 0x40, 0x00, 0x34, 0xb0, 0x40, 0x7f,
  0x81, 0x46, 0xb0, 0x40, 0x00, 0x2d, 0xb0, 0x40, 0x7f, 0x81, 0x43, 0xb0, 0x40, 0x00, 0x21, 0xb0, 0x40, 0x7f, 0x81,
  0x50, 0xb0, 0x40, 0x00, 0x29, 0xb0, 0x40, 0x7f, 0x81, 0x47, 0xb0, 0x40, 0x00, 0x20, 0xb0, 0x40, 0x7f, 0x81, 0x50,
  0xb0, 0x40, 0x00, 0x26, 0xb0, 0x40, 0x7f, 0x81, 0x3f, 0xb0, 0x40, 0x00, 0x34, 0xb0, 0x40, 0x7f, 0x81, 0x46, 0xb0,
  0x40, 0x00, 0x2d, 0xb0, 0x40, 0x7f, 0x81, 0x43, 0xb0, 0x40, 0x00, 0x21, 0xb0, 0x40, 0x7f, 0x81, 0x50, 0xb0, 0x40,
  0x00, 0x29, 0xb0, 0x40, 0x7f, 0x81, 0x47, 0xb0, 0x40, 0x00, 0x20, 0xb0, 0x40, 0x7f, 0x81, 0x50, 0xb0, 0x40, 0x00,
  0x26, 0xb0, 0x40, 0x7f, 0x81, 0x3f, 0xb0, 0x40, 0x00, 0x34, 0xb0, 0x40, 0x7f, 0x81, 0x46, 0xb0, 0x40, 0x00, 0x2d,
  0xb0, 0x40, 0x7f, 0x81, 0x43, 0xb0, 0x40, 0x00, 0x21, 0xb0, 0x40, 0x7f, 0x81, 0x50, 0xb0, 0x40, 0x00, 0x29, 0xb0,
  0x40, 0x7f, 0x81, 0x47, 0xb0, 0x40, 0x00, 0x20, 0xb0, 0x40, 0x7f, 0x81, 0x50, 0xb0, 0x40, 0x00, 0x26, 0xb0, 0x40,
  0x7f, 0x81, 0x3f, 0xb0, 0x40, 0x00, 0x34, 0xb0, 0x40, 0x7f, 0x81, 0x46, 0xb0, 0x40, 0x00, 0x2d, 0xb0, 0x40, 0x7f,
  0x81, 0x43, 0xb0, 0x40, 0x00, 0x21, 0xb0, 0x40, 0x7f, 0x81, 0x50, 0xb0, 0x40, 0x00, 0x29, 0xb0, 0x40, 0x7f, 0x81,
  0x47, 0xb0, 0x40, 0x00, 0x20, 0xb0, 0x40, 0x7f, 0x81, 0x50, 0xb0, 0x40, 0x00, 0x26, 0xb0, 0x40, 0x7f, 0x81, 0x3f,
  0xb0, 0x40, 0x00, 0x34, 0xb0, 0x40, 0x7f, 0x81, 0x46, 0xb0, 0x40, 0x00, 0x2d, 0xb0, 0x40, 0x7f, 0x81, 0x43, 0xb0,
  0x40, 0x00, 0x21, 0xb0, 0x40, 0x7f, 0x81, 0x50, 0xb0, 0x40, 0x00, 0x29, 0xb0, 0x40, 0x7f, 0x81, 0x47, 0xb0, 0x40,
  0x00, 0x20, 0xb0, 0x40, 0x7f, 0x81, 0x50, 0xb0, 0x40, 0x00, 0x26, 0xb0, 0x40, 0x7f, 0x81, 0x3f, 0xb0, 0x40, 0x00,
  0x34, 0xb0, 0x40, 0x7f, 0x81, 0x46, 0xb0, 0x40, 0x00, 0x2d, 0xb0, 0x40, 0x7f, 0x81, 0x43, 0xb0, 0x40, 0x00, 0x21,
  0xb0, 0x40, 0x7f, 0x81, 0x50, 0xb0, 0x40, 0x00, 0x29, 0xb0, 0x40, 0x7f, 0x81, 0x47, 0xb0, 0x40, 0x00, 0x20, 0xb0,
  0x40, 0x7f, 0x81, 0x50, 0xb0, 0x40, 0x00, 0x26, 0xb0, 0x40, 0x7f, 0x81, 0x3f, 0xb0, 0x40, 0x00, 0x34, 0xb0, 0x40,
  0x7f, 0x81, 0x46, 0xb0, 0x40, 0x00, 0x2d, 0xb0, 0x40, 0x7f, 0x81, 0x43, 0xb0, 0x40, 0x00, 0x21, 0xb0, 0x40, 0x7f,
  0x81, 0x50, 0xb0, 0x40, 0x00, 0x29, 0xb0, 0x40, 0x7f, 0x81, 0x47, 0xb0, 0x40, 0x00, 0x20, 0xb0, 0x40, 0x7f, 0x81,
  0x50, 0xb0, 0x40, 0x00, 0x26, 0xb0, 0x40, 0x7f, 0x81, 0x3f, 0xb0, 0x40, 0x00, 0x34, 0xb0, 0x40, 0x7f, 0x81, 0x46,
  0xb0, 0x40, 0x00, 0x2d, 0xb0, 0x40, 0x7f, 0x81, 0x43, 0xb0, 0x40, 0x00, 0x21, 0xb0, 0x40, 0x7f, 0x81, 0x50, 0xb0,
  0x40, 0x00, 0x29, 0xb0, 0x40, 0x7f, 0x81, 0x47, 0xb0, 0x40, 0x00, 0x20, 0xb0, 0x40, 0x7f, 0x81, 0x50, 0xb0, 0x40,
  0x00, 0x26, 0xb0, 0x40, 0x7f, 0x81, 0x3f, 0xb0, 0x40, 0x00, 0x34, 0xb0, 0x40, 0x7f, 0x81, 0x46, 0xb0, 0x40, 0x00,
  0x2d, 0xb0, 0x40, 0x7f, 0x81, 0x43, 0xb0, 0x40, 0x00, 0x21, 0xb0, 0x40, 0x7f, 0x81, 0x50, 0xb0, 0x40, 0x00, 0x29,
  0xb0, 0x40, 0x7f, 0x81, 0x47, 0xb0, 0x40, 0x00, 0x20, 0xb0, 0x40, 0x7f, 0x81, 0x50, 0xb0, 0x40, 0x00, 0x26, 0xb0,
  0x40, 0x7f, 0x81, 0x3f, 0xb0, 0x40, 0x00, 0x34, 0xb0, 0x40, 0x7f, 0x81, 0x46, 0xb0, 0x40, 0x00, 0x2d, 0xb0, 0x40,
  0x7f, 0x81, 0x43, 0xb0, 0x40, 0x00, 0x21, 0xb0, 0x40, 0x7f, 0x81, 0x50, 0xb0, 0x40, 0x00, 0x29, 0xb0, 0x40, 0x7f,
  0x81, 0x47, 0xb0, 0x40, 0x00, 0x20, 0xb0, 0x40, 0x7f, 0x81, 0x50, 0xb0, 0x40, 0x00, 0x26, 0xb0, 0x40, 0x7f, 0x81,
  0x3f, 0xb0, 0x40, 0x00, 0x34, 0xb0, 0x40, 0x7f, 0x81, 0x46, 0xb0, 0x40, 0x00, 0x2d, 0xb0, 0x40, 0x7f, 0x81, 0x43,
  0xb0, 0x40, 0x00, 0x21, 0xb0, 0x40, 0x7f, 0x81, 0x50, 0xb0, 0x40, 0x00, 0x29, 0xb0, 0x40, 0x7f, 0x81, 0x47, 0xb0,
  0x40, 0x00, 0x20, 0xb0, 0x40, 0x7f, 0x81, 0x50, 0xb0, 0x40, 0x00, 0x26, 0xb0, 0x40, 0x7f, 0x81, 0x3f, 0xb0, 0x40,
  0x00, 0x34, 0xb0, 0x40, 0x7f, 0x81, 0x46, 0xb0, 0x40, 0x00, 0x2d, 0xb0, 0x40, 0x7f, 0x81, 0x43, 0xb0, 0x40, 0x00,
  0x21, 0xb0, 0x40, 0x7f, 0x81, 0x50, 0xb0, 0x40, 0x00, 0x29, 0xb0, 0x40, 0x7f, 0x81, 0x47, 0xb0, 0x40, 0x00, 0x20,
  0xb0, 0x40, 0x7f, 0x81, 0x50, 0xb0, 0x40, 0x00, 0x26, 0xb0, 0x40, 0x7f, 0x81, 0x3f, 0xb0, 0x40, 0x00, 0x34, 0xb0,
  0x40, 0x7f, 0x85, 0x27, 0xb0, 0x40, 0x00, 0x29, 0xb0, 0x40, 0x7f, 0x81, 0x47, 0xb0, 0x40, 0x00, 0x20, 0xb0, 0x40,
  0x7f, 0x81, 0x50, 0xb0, 0x40, 0x00, 0x26, 0xb0, 0x40, 0x7f, 0x81, 0x3f, 0xb0, 0x40, 0x00, 0x34, 0xb0, 0x40, 0x7f,
  0x81, 0x46, 0xb0, 0x40, 0x00, 0x2d, 0xb0, 0x40, 0x7f, 0x81, 0x43, 0xb0, 0x40, 0x00, 0x21, 0xb0, 0x40, 0x7f, 0x81,
  0x50, 0xb0, 0x40, 0x00, 0x29, 0xb0, 0x40, 0x7f, 0x81, 0x47, 0xb0, 0x40, 0x00, 0x20, 0xb0, 0x40, 0x7f, 0x81, 0x50,
  0xb0, 0x40, 0x00, 0x26, 0xb0, 0x40, 0x7f, 0x81, 0x3f, 0xb0, 0x40, 0x00, 0x34, 0xb0, 0x40, 0x7f, 0x81, 0x46, 0xb0,
  0x40, 0x00, 0x2d, 0xb0, 0x40, 0x7f, 0x83, 0x34, 0xb0, 0x40, 0x00, 0x29, 0xb0, 0x40, 0x7f, 0x89, 0x06, 0xb0, 0x40,
  0x00, 0x21, 0xb0, 0x40, 0x7f, 0x83, 0x40, 0xb0, 0x40, 0x00, 0x20, 0xb0, 0x40, 0x7f, 0x81, 0x50, 0xb0, 0x40, 0x00,
  0x26, 0xb0, 0x40, 0x7f, 0x81, 0x3f, 0xb0, 0x40, 0x00, 0x91, 0x40, 0xb0, 0x40, 0x7f, 0x85, 0x00, 0xb0, 0x40, 0x00,
  0x93, 0x19, 0xb0, 0x40, 0x7f, 0x81, 0x42, 0xb0, 0x40, 0x00, 0x4b, 0xb0, 0x40, 0x7f, 0x81, 0x1a, 0xb0, 0x40, 0x00,
  0x39, 0xb0, 0x40, 0x7f, 0x85, 0x21, 0xb0, 0x40, 0x00, 0x4c, 0xb0, 0x40, 0x7f, 0x84, 0x7a, 0xb0, 0x40, 0x00, 0x31,
  0xb0, 0x40, 0x7f, 0x83, 0x3b, 0xb0, 0x40, 0x00, 0x82, 0x01, 0xb0, 0x40, 0x7f, 0x81, 0x5e, 0xb0, 0x40, 0x00, 0x29,
  0xb0, 0x40, 0x7f, 0x83, 0x2c, 0xb0, 0x40, 0x00, 0x61, 0xb0, 0x40, 0x7f, 0x84, 0x7a, 0xb0, 0x40, 0x00, 0x62, 0xb0,
  0x40, 0x7f, 0x82, 0x7f, 0xb0, 0x40, 0x00, 0x3f, 0xb0, 0x40, 0x7f, 0x81, 0x25, 0xb0, 0x40, 0x00, 0x56, 0xb0, 0x40,
  0x7f, 0x81, 0x26, 0xb0, 0x40, 0x00, 0x3f, 0xb0, 0x40, 0x7f, 0x83, 0x21, 0xb0, 0x40, 0x00, 0x5b, 0xb0, 0x40, 0x7f,
  0x81, 0x13, 0xb0, 0x40, 0x00, 0x4c, 0xb0, 0x40, 0x7f, 0x83, 0x0a, 0xb0, 0x40, 0x00, 0x5c, 0xb0, 0x40, 0x7f, 0x81,
  0x1f, 0xb0, 0x40, 0x00, 0x4b, 0xb0, 0x40, 0x7f, 0x83, 0x17, 0xb0, 0x40, 0x00, 0x49, 0xb0, 0x40, 0x7f, 0x84, 0x7a,
  0xb0, 0x40, 0x00, 0x82, 0x0c, 0xb0, 0x40, 0x7f, 0x89, 0x17, 0xb0, 0x40, 0x00, 0x7c, 0xb0, 0x40, 0x7f, 0x8a, 0x21,
  0xb0, 0x40, 0x00, 0x3c, 0xb0, 0x40, 0x7f, 0x8a, 0x7e, 0xb0, 0x40, 0x00, 0x09, 0xb0, 0x40, 0x7f, 0x81, 0x52, 0xb0,
  0x40, 0x00, 0x20, 0xb0, 0x40, 0x7f, 0x83, 0x41, 0xb0, 0x40, 0x00, 0x36, 0xb0, 0x40, 0x7f, 0x83, 0x2c, 0xb0, 0x40,
  0x00, 0x1d, 0xb0, 0x40, 0x7f, 0x81, 0x4b, 0xb0, 0x40, 0x00, 0x4b, 0xb0, 0x40, 0x7f, 0x85, 0x0f, 0xb0, 0x40, 0x00,
  0x52, 0xb0, 0x40, 0x7f, 0x84, 0x74, 0xb0, 0x40, 0x00, 0x27, 0xb0, 0x40, 0x7f, 0x83, 0x3f, 0xb0, 0x40, 0x00, 0x1c,
  0xb0, 0x40, 0x7f, 0x83, 0x4b, 0xb0, 0x40, 0x00, 0x1f, 0xb0, 0x40, 0x7f, 0x83, 0x37, 0xb0, 0x40, 0x00, 0x25, 0xb0,
  0x40, 0x7f, 0x85, 0x33, 0xb0, 0x40, 0x00, 0x2c, 0xb0, 0x40, 0x7f, 0x83, 0x36, 0xb0, 0x40, 0x00, 0x27, 0xb0, 0x40,
  0x7f, 0x81, 0x3c, 0xb0, 0x40, 0x00, 0x4b, 0xb0, 0x40, 0x7f, 0x85, 0x0b, 0xb0, 0x40, 0x00, 0x6e, 0xb0, 0x40, 0x7f,
  0x84, 0x5c, 0xb0, 0x40, 0x00, 0x2e, 0xb0, 0x40, 0x7f, 0x85, 0x29, 0xb0, 0x40, 0x00, 0x24, 0xb0, 0x40, 0x7f, 0x85,
  0x25, 0xb0, 0x40, 0x00, 0x4b, 0xb0, 0x40, 0x7f, 0x83, 0x1d, 0xb0, 0x40, 0x00, 0x3f, 0xb0, 0x40, 0x7f, 0x81, 0x31,
  0xb0, 0x40, 0x00, 0x36, 0xb0, 0x40, 0x7f, 0x83, 0x2f, 0xb0, 0x40, 0x00, 0x42, 0xb0, 0x40, 0x7f, 0x81, 0x3e, 0xb0,
  0x40, 0x00, 0x33, 0xb0, 0x40, 0x7f, 0x85, 0x0c, 0xb0, 0x40, 0x00, 0x61, 0xb0, 0x40, 0x7f, 0x82, 0x7b, 0xb0, 0x40,
  0x00, 0x54, 0xb0, 0x40, 0x7f, 0x81, 0x14, 0xb0, 0x40, 0x00, 0x61, 0xb0, 0x40, 0x7f, 0x81, 0x1c, 0xb0, 0x40, 0x00,
  0x49, 0xb0, 0x40, 0x7f, 0x81, 0x27, 0xb0, 0x40, 0x00, 0x38, 0xb0, 0x40, 0x7f, 0x81, 0x38, 0xb0, 0x40, 0x00, 0x43,
  0xb0, 0x40, 0x7f, 0x81, 0x2c, 0xb0, 0x40, 0x00, 0x3f, 0xb0, 0x40, 0x7f, 0x81, 0x31, 0xb0, 0x40, 0x00, 0x44, 0xb0,
  0x40, 0x7f, 0x81, 0x20, 0xb0, 0x40, 0x00, 0x61, 0xb0, 0x40, 0x7f, 0x81, 0x1c, 0xb0, 0x40, 0x00, 0x49, 0xb0, 0x40,
  0x7f, 0x81, 0x27, 0xb0, 0x40, 0x00, 0x38, 0xb0, 0x40, 0x7f, 0x81, 0x38, 0xb0, 0x40, 0x00, 0x43, 0xb0, 0x40, 0x7f,
  0x81, 0x2c, 0xb0, 0x40, 0x00, 0x3f, 0xb0, 0x40, 0x7f, 0x81, 0x31, 0xb0, 0x40, 0x00, 0x44, 0xb0, 0x40, 0x7f, 0x81,
  0x20, 0xb0, 0x40, 0x00, 0x61, 0xb0, 0x40, 0x7f, 0x81, 0x1c, 0xb0, 0x40, 0x00, 0x49, 0xb0, 0x40, 0x7f, 0x81, 0x27,
  0xb0, 0x40, 0x00, 0x38, 0xb0, 0x40, 0x7f, 0x81, 0x38, 0xb0, 0x40, 0x00, 0x43, 0xb0, 0x40, 0x7f, 0x81, 0x2c, 0xb0,
  0x40, 0x00, 0x3f, 0xb0, 0x40, 0x7f, 0x81, 0x31, 0xb0, 0x40, 0x00, 0x44, 0xb0, 0x40, 0x7f, 0x81, 0x20, 0xb0, 0x40,
  0x00, 0x61, 0xb0, 0x40, 0x7f, 0x81, 0x1c, 0xb0, 0x40, 0x00, 0x49, 0xb0, 0x40, 0x7f, 0x81, 0x27, 0xb0, 0x40, 0x00,
  0x38, 0xb0, 0x40, 0x7f, 0x81, 0x38, 0xb0, 0x40, 0x00, 0x43, 0xb0, 0x40, 0x7f, 0x81, 0x2c, 0xb0, 0x40, 0x00, 0x3f,
  0xb0, 0x40, 0x7f, 0x81, 0x31, 0xb0, 0x40, 0x00, 0x44, 0xb0, 0x40, 0x7f, 0x81, 0x20, 0xb0, 0x40, 0x00, 0x61, 0xb0,
  0x40, 0x7f, 0x81, 0x1c, 0xb0, 0x40, 0x00, 0x49, 0xb0, 0x40, 0x7f, 0x81, 0x27, 0xb0, 0x40, 0x00, 0x38, 0xb0, 0x40,
  0x7f, 0x81, 0x38, 0xb0, 0x40, 0x00, 0x43, 0xb0, 0x40, 0x7f, 0x81, 0x2c, 0xb0, 0x40, 0x00, 0x3f, 0xb0, 0x40, 0x7f,
  0x81, 0x31, 0xb0, 0x40, 0x00, 0x44, 0xb0, 0x40, 0x7f, 0x81, 0x20, 0xb0, 0x40, 0x00, 0x8b, 0x20, 0xb0, 0x40, 0x00,
  0x4a, 0xb0, 0x40, 0x7f, 0x81, 0x2e, 0xb0, 0x40, 0x00, 0x26, 0xb0, 0x40, 0x7f, 0x81, 0x46, 0xb0, 0x40, 0x00, 0x38,
  0xb0, 0x40, 0x7f, 0x81, 0x37, 0xb0, 0x40, 0x00, 0x36, 0xb0, 0x40, 0x7f, 0x81, 0x41, 0xb0, 0x40, 0x00, 0x32, 0xb0,
  0x40, 0x7f, 0x81, 0x3d, 0xb0, 0x40, 0x00, 0x41, 0xb0, 0x40, 0x7f, 0x81, 0x26, 0xb0, 0x40, 0x00, 0x4a, 0xb0, 0x40,
  0x7f, 0x81, 0x2e, 0xb0, 0x40, 0x00, 0x26, 0xb0, 0x40, 0x7f, 0x81, 0x46, 0xb0, 0x40, 0x00, 0x38, 0xb0, 0x40, 0x7f,
  0x81, 0x37, 0xb0, 0x40, 0x00, 0x36, 0xb0, 0x40, 0x7f, 0x81, 0x41, 0xb0, 0x40, 0x00, 0x32, 0xb0, 0x40, 0x7f, 0x81,
  0x3d, 0xb0, 0x40, 0x00, 0x41, 0xb0, 0x40, 0x7f, 0x81, 0x26, 0xb0, 0x40, 0x00, 0x4a, 0xb0, 0x40, 0x7f, 0x81, 0x2e,
  0xb0, 0x40, 0x00, 0x26, 0xb0, 0x40, 0x7f, 0x81, 0x46, 0xb0, 0x40, 0x00, 0x38, 0xb0, 0x40, 0x7f, 0x81, 0x37, 0xb0,
  0x40, 0x00, 0x36, 0xb0, 0x40, 0x7f, 0x81, 0x41, 0xb0, 0x40, 0x00, 0x32, 0xb0, 0x40, 0x7f, 0x81, 0x3d, 0xb0, 0x40,
  0x00, 0x41, 0xb0, 0x40, 0x7f, 0x81, 0x26, 0xb0, 0x40, 0x00, 0x4a, 0xb0, 0x40, 0x7f, 0x81, 0x2e, 0xb0, 0x40, 0x00,
  0x26, 0xb0, 0x40, 0x7f, 0x81, 0x46, 0xb0, 0x40, 0x00, 0x38, 0xb0, 0x40, 0x7f, 0x81, 0x37, 0xb0, 0x40, 0x00, 0x36,
  0xb0, 0x40, 0x7f, 0x81, 0x41, 0xb0, 0x40, 0x00, 0x32, 0xb0, 0x40, 0x7f, 0x81, 0x3d, 0xb0, 0x40, 0x00, 0x41, 0xb0,
  0x40, 0x7f, 0x81, 0x26, 0xb0, 0x40, 0x00, 0x4a, 0xb0, 0x40, 0x7f, 0x81, 0x2e, 0xb0, 0x40, 0x00, 0x26, 0xb0, 0x40,
  0x7f, 0x81, 0x46, 0xb0, 0x40, 0x00, 0x38, 0xb0, 0x40, 0x7f, 0x81, 0x37, 0xb0, 0x40, 0x00, 0x36, 0xb0, 0x40, 0x7f,
  0x81, 0x41, 0xb0, 0x40, 0x00, 0x32, 0xb0, 0x40, 0x7f, 0x81, 0x3d, 0xb0, 0x40, 0x00, 0x41, 0xb0, 0x40, 0x7f, 0x81,
  0x26, 0xb0, 0x40, 0x00, 0x4a, 0xb0, 0x40, 0x7f, 0x81, 0x2e, 0xb0, 0x40, 0x00, 0x26, 0xb0, 0x40, 0x7f, 0x81, 0x46,
  0xb0, 0x40, 0x00, 0x38, 0xb0, 0x40, 0x7f, 0x81, 0x37, 0xb0, 0x40, 0x00, 0x36, 0xb0, 0x40, 0x7f, 0x81, 0x41, 0xb0,
  0x40, 0x00, 0x32, 0xb0, 0x40, 0x7f, 0x81, 0x3d, 0xb0, 0x40, 0x00, 0x41, 0xb0, 0x40, 0x7f, 0x81, 0x26, 0xb0, 0x40,
  0x00, 0x31, 0xb0, 0x40, 0x7f, 0x81, 0x47, 0xb0, 0x40, 0x00, 0x26, 0xb0, 0x40, 0x7f, 0x81, 0x46, 0xb0, 0x40, 0x00,
  0x38, 0xb0, 0x40, 0x7f, 0x81, 0x37, 0xb0, 0x40, 0x00, 0x36, 0xb0, 0x40, 0x7f, 0x81, 0x41, 0xb0, 0x40, 0x00, 0x32,
  0xb0, 0x40, 0x7f, 0x81, 0x3d, 0xb0, 0x40, 0x00, 0x41, 0xb0, 0x40, 0x7f, 0x81, 0x26, 0xb0, 0x40, 0x00, 0x2e, 0xb0,
  0x40, 0x7f, 0x81, 0x4a, 0xb0, 0x40, 0x00, 0x26, 0xb0, 0x40, 0x7f, 0x81, 0x46, 0xb0, 0x40, 0x00, 0x38, 0xb0, 0x40,
  0x7f, 0x81, 0x37, 0xb0, 0x40, 0x00, 0x36, 0xb0, 0x40, 0x7f, 0x81, 0x41, 0xb0, 0x40, 0x00, 0x32, 0xb0, 0x40, 0x7f,
  0x81, 0x3d, 0xb0, 0x40, 0x00, 0x41, 0xb0, 0x40, 0x7f, 0x81, 0x31, 0xb0, 0x40, 0x00, 0x29, 0xb0, 0x40, 0x7f, 0x81,
  0x43, 0xb0, 0x40, 0x00, 0x2d, 0xb0, 0x40, 0x7f, 0x81, 0x40, 0xb0, 0x40, 0x00, 0x27, 0xb0, 0x40, 0x7f, 0x81, 0x4c,
  0xb0, 0x40, 0x00, 0x2a, 0xb0, 0x40, 0x7f, 0x81, 0x45, 0xb0, 0x40, 0x00, 0x28, 0xb0, 0x40, 0x7f, 0x81, 0x49, 0xb0,
  0x40, 0x00, 0x30, 0xb0, 0x40, 0x7f, 0x81, 0x44, 0xb0, 0x40, 0x00, 0x29, 0xb0, 0x40, 0x7f, 0x81, 0x43, 0xb0, 0x40,
  0x00, 0x2d, 0xb0, 0x40, 0x7f, 0x81, 0x40, 0xb0, 0x40, 0x00, 0x27, 0xb0, 0x40, 0x7f, 0x81, 0x4c, 0xb0, 0x40, 0x00,
  0x2a, 0xb0, 0x40, 0x7f, 0x81, 0x45, 0xb0, 0x40, 0x00, 0x28, 0xb0, 0x40, 0x7f, 0x81, 0x49, 0xb0, 0x40, 0x00, 0x30,
  0xb0, 0x40, 0x7f, 0x81, 0x44, 0xb0, 0x40, 0x00, 0x29, 0xb0, 0x40, 0x7f, 0x81, 0x43, 0xb0, 0x40, 0x00, 0x2d, 0xb0,
  0x40, 0x7f, 0x81, 0x40, 0xb0, 0x40, 0x00, 0x27, 0xb0, 0x40, 0x7f, 0x81, 0x4c, 0xb0, 0x40, 0x00, 0x2a, 0xb0, 0x40,
  0x7f, 0x81, 0x45, 0xb0, 0x40, 0x00, 0x28, 0xb0, 0x40, 0x7f, 0x81, 0x49, 0xb0, 0x40, 0x00, 0x30, 0xb0, 0x40, 0x7f,
  0x81, 0x40, 0xb0, 0x40, 0x00, 0x2a, 0xb0, 0x40, 0x7f, 0x81, 0x45, 0xb0, 0x40, 0x00, 0x28, 0xb0, 0x40, 0x7f, 0x81,
  0x49, 0xb0, 0x40, 0x00, 0x30, 0xb0, 0x40, 0x7f, 0x81, 0x3e, 0xb0, 0x40, 0x00, 0x23, 0xb0, 0x40, 0x7f, 0x81, 0x50,
  0xb0, 0x40, 0x00, 0x1d, 0xb0, 0x40, 0x7f, 0x81, 0x52, 0xb0, 0x40, 0x00, 0x1e, 0xb0, 0x40, 0x7f, 0x81, 0x4e, 0xb0,
  0x40, 0x00, 0x81, 0x03, 0xb0, 0x40, 0x7f, 0x84, 0x58, 0xb0, 0x40, 0x00, 0x81, 0x20, 0xb0, 0x40, 0x7f, 0x84, 0x3d,
  0xb0, 0x40, 0x00, 0x21, 0xb0, 0x40, 0x7f, 0x83, 0x32, 0xb0, 0x40, 0x00, 0x32, 0xb0, 0x40, 0x7f, 0x81, 0x39, 0xb0,
  0x40, 0x00, 0x41, 0xb0, 0x40, 0x7f, 0x81, 0x2c, 0xb0, 0x40, 0x00, 0x2c, 0xb0, 0x40, 0x7f, 0x81, 0x43, 0xb0, 0x40,
  0x00, 0x73, 0xb0, 0x40, 0x7f, 0x78, 0xb0, 0x40, 0x00, 0x23, 0xb0, 0x40, 0x7f, 0x83, 0x48, 0xb0, 0x40, 0x00, 0x20,
  0xb0, 0x40, 0x7f, 0x52, 0xb0, 0x40, 0x00, 0x18, 0xb0, 0x40, 0x7f, 0x61, 0xb0, 0x40, 0x00, 0x31, 0xb0, 0x40, 0x7f,
  0x83, 0x65, 0xb0, 0x40, 0x00, 0x81, 0x4b, 0xb0, 0x40, 0x7f, 0x83, 0x4f, 0xb0, 0x40, 0x00, 0x17, 0xb0, 0x40, 0x7f,
  0x60, 0xb0, 0x40, 0x00, 0x20, 0xb0, 0x40, 0x7f, 0x5a, 0xb0, 0x40, 0x00, 0x60, 0xb0, 0x40, 0x7f, 0x83, 0x74, 0xb0,
  0x40, 0x00, 0x81, 0x45, 0xb0, 0x40, 0x7f, 0x90, 0x2d, 0xb0, 0x40, 0x00, 0x86, 0x21, 0xb0, 0x40, 0x7f, 0x8e, 0x2e,
  0xb0, 0x40, 0x00, 0x83, 0x54, 0xb0, 0x40, 0x7f, 0x81, 0x7d, 0xb0, 0x40, 0x00, 0x82, 0x41, 0xb0, 0x40, 0x7f, 0x8a,
  0x50, 0xb0, 0x40, 0x00, 0x40, 0xb0, 0x40, 0x7f, 0x85, 0x1e, 0xb0, 0x40, 0x00, 0x5c, 0xb0, 0x40, 0x7f, 0x81, 0x04,
  0xb0, 0x40, 0x00, 0x49, 0xb0, 0x40, 0x7f, 0x81, 0x27, 0xb0, 0x40, 0x00, 0x49, 0xb0, 0x40, 0x7f, 0x81, 0x1b, 0xb0,
  0x40, 0x00, 0x81, 0x70, 0xb0, 0x40, 0x7f, 0x8d, 0x10, 0xb0, 0x40, 0x00, 0x34, 0xb0, 0x40, 0x7f, 0x84, 0x2c, 0xb0,
  0x40, 0x00, 0x23, 0xb0, 0x40, 0x7f, 0x5b, 0xb0, 0x40, 0x00, 0x1a, 0xb0, 0x40, 0x7f, 0x81, 0x48, 0xb0, 0x40, 0x00,
  0x73, 0xb0, 0x40, 0x7f, 0x84, 0x69, 0xb0, 0x40, 0x00, 0x81, 0x20, 0xb0, 0x40, 0x7f, 0x82, 0x40, 0xb0, 0x40, 0x00,
  0x7d, 0xb0, 0x40, 0x7f, 0x81, 0x02, 0xb0, 0x40, 0x00, 0x41, 0xb0, 0x40, 0x7f, 0x83, 0x2c, 0xb0, 0x40, 0x00, 0x83,
  0x55, 0xb0, 0x40, 0x7f, 0x83, 0x46, 0xb0, 0x40, 0x00, 0x81, 0x12, 0xb0, 0x40, 0x7f, 0x84, 0x19, 0xb0, 0x40, 0x00,
  0x72, 0xb0, 0x40, 0x7f, 0x83, 0x13, 0xb0, 0x40, 0x00, 0x59, 0xb0, 0x40, 0x7f, 0x81, 0x22, 0xb0, 0x40, 0x00, 0x71,
  0xb0, 0x40, 0x7f, 0x84, 0x56, 0xb0, 0x40, 0x00, 0x49, 0xb0, 0x40, 0x7f, 0x81, 0x2e, 0xb0, 0x40, 0x00, 0x42, 0xb0,
  0x40, 0x7f, 0x81, 0x25, 0xb0, 0x40, 0x00, 0x44, 0xb0, 0x40, 0x7f, 0x81, 0x29, 0xb0, 0x40, 0x00, 0x4a, 0xb0, 0x40,
  0x7f, 0x81, 0x2e, 0xb0, 0x40, 0x00, 0x26, 0xb0, 0x40, 0x7f, 0x81, 0x46, 0xb0, 0x40, 0x00, 0x38, 0xb0, 0x40, 0x7f,
  0x81, 0x37, 0xb0, 0x40, 0x00, 0x36, 0xb0, 0x40, 0x7f, 0x81, 0x41, 0xb0, 0x40, 0x00, 0x32, 0xb0, 0x40, 0x7f, 0x81,
  0x3d, 0xb0, 0x40, 0x00, 0x41, 0xb0, 0x40, 0x7f, 0x81, 0x26, 0xb0, 0x40, 0x00, 0x4a, 0xb0, 0x40, 0x7f, 0x81, 0x2e,
  0xb0, 0x40, 0x00, 0x26, 0xb0, 0x40, 0x7f, 0x81, 0x46, 0xb0, 0x40, 0x00, 0x38, 0xb0, 0x40, 0x7f, 0x81, 0x37, 0xb0,
  0x40, 0x00, 0x36, 0xb0, 0x40, 0x7f, 0x81, 0x41, 0xb0, 0x40, 0x00, 0x32, 0xb0, 0x40, 0x7f, 0x81, 0x3d, 0xb0, 0x40,
  0x00, 0x41, 0xb0, 0x40, 0x7f, 0x81, 0x26, 0xb0, 0x40, 0x00, 0x31, 0xb0, 0x40, 0x7f, 0x81, 0x47, 0xb0, 0x40, 0x00,
  0x26, 0xb0, 0x40, 0x7f, 0x81, 0x46, 0xb0, 0x40, 0x00, 0x38, 0xb0, 0x40, 0x7f, 0x81, 0x37, 0xb0, 0x40, 0x00, 0x36,
  0xb0, 0x40, 0x7f, 0x81, 0x41, 0xb0, 0x40, 0x00, 0x32, 0xb0, 0x40, 0x7f, 0x81, 0x3d, 0xb0, 0x40, 0x00, 0x41, 0xb0,
  0x40, 0x7f, 0x81, 0x26, 0xb0, 0x40, 0x00, 0x2e, 0xb0, 0x40, 0x7f, 0x81, 0x4a, 0xb0, 0x40, 0x00, 0x26, 0xb0, 0x40,
  0x7f, 0x81, 0x46, 0xb0, 0x40, 0x00, 0x38, 0xb0, 0x40, 0x7f, 0x81, 0x37, 0xb0, 0x40, 0x00, 0x36, 0xb0, 0x40, 0x7f,
  0x81, 0x41, 0xb0, 0x40, 0x00, 0x32, 0xb0, 0x40, 0x7f, 0x81, 0x3d, 0xb0, 0x40, 0x00, 0x41, 0xb0, 0x40, 0x7f, 0x81,
  0x26, 0xb0, 0x40, 0x00, 0x2e, 0xb0, 0x40, 0x7f, 0x81, 0x4a, 0xb0, 0x40, 0x00, 0x26, 0xb0, 0x40, 0x7f, 0x81, 0x46,
  0xb0, 0x40, 0x00, 0x38, 0xb0, 0x40, 0x7f, 0x81, 0x37, 0xb0, 0x40, 0x00, 0x36, 0xb0, 0x40, 0x7f, 0x81, 0x41, 0xb0,
  0x40, 0x00, 0x32, 0xb0, 0x40, 0x7f, 0x81, 0x3d, 0xb0, 0x40, 0x00, 0x41, 0xb0, 0x40, 0x7f, 0x81, 0x26, 0xb0, 0x40,
  0x00, 0x2e, 0xb0, 0x40, 0x7f, 0x81, 0x4a, 0xb0, 0x40, 0x00, 0x26, 0xb0, 0x40, 0x7f, 0x81, 0x46, 0xb0, 0x40, 0x00,
  0x38, 0xb0, 0x40, 0x7f, 0x81, 0x37, 0xb0, 0x40, 0x00, 0x36, 0xb0, 0x40, 0x7f, 0x81, 0x41, 0xb0, 0x40, 0x00, 0x32,
  0xb0, 0x40, 0x7f, 0x81, 0x3d, 0xb0, 0x40, 0x00, 0x41, 0xb0, 0x40, 0x7f, 0x81, 0x26, 0xb0, 0x40, 0x00, 0x2e, 0xb0,
  0x40, 0x7f, 0x81, 0x4a, 0xb0, 0x40, 0x00, 0x26, 0xb0, 0x40, 0x7f, 0x81, 0x46, 0xb0, 0x40, 0x00, 0x38, 0xb0, 0x40,
  0x7f, 0x81, 0x37, 0xb0, 0x40, 0x00, 0x36, 0xb0, 0x40, 0x7f, 0x81, 0x41, 0xb0, 0x40, 0x00, 0x32, 0xb0, 0x40, 0x7f,
  0x81, 0x3d, 0xb0, 0x40, 0x00, 0x41, 0xb0, 0x40, 0x7f, 0x8c, 0x46, 0xb0, 0x40, 0x00, 0x00, 0xb0, 0x40, 0x00, 0x6c,
  0xb0, 0x40, 0x7f, 0x84, 0x2a, 0xb0, 0x40, 0x00, 0x5b, 0xb0, 0x40, 0x7f, 0x83, 0x0e, 0xb0, 0x40, 0x00, 0x6b, 0xb0,
  0x40, 0x7f, 0x81, 0x3c, 0xb0, 0x40, 0x00, 0x81, 0x35, 0xb0, 0x40, 0x7f, 0x82, 0x31, 0xb0, 0x40, 0x00, 0x72, 0xb0,
  0x40, 0x7f, 0x7e, 0xb0, 0x40, 0x00, 0x81, 0x3c, 0xb0, 0x40, 0x7f, 0x84, 0x08, 0xb0, 0x40, 0x00, 0x81, 0x05, 0xb0,
  0x40, 0x7f, 0x82, 0x67, 0xb0, 0x40, 0x00, 0x58, 0xb0, 0x40, 0x7f, 0x81, 0x1a, 0xb0, 0x40, 0x00, 0x56, 0xb0, 0x40,
  0x7f, 0x81, 0x18, 0xb0, 0x40, 0x00, 0x4f, 0xb0, 0x40, 0x7f, 0x81, 0x21, 0xb0, 0x40, 0x00, 0x3f, 0xb0, 0x40, 0x7f,
  0x81, 0x25, 0xb0, 0x40, 0x00, 0x81, 0x05, 0xb0, 0x40, 0x7f, 0x82, 0x67, 0xb0, 0x40, 0x00, 0x58, 0xb0, 0x40, 0x7f,
  0x81, 0x1a, 0xb0, 0x40, 0x00, 0x56, 0xb0, 0x40, 0x7f, 0x81, 0x18, 0xb0, 0x40, 0x00, 0x4f, 0xb0, 0x40, 0x7f, 0x81,
  0x21, 0xb0, 0x40, 0x00, 0x3f, 0xb0, 0x40, 0x7f, 0x74, 0xb0, 0x40, 0x00, 0x1d, 0xb0, 0x40, 0x7f, 0x85, 0x70, 0xb0,
  0x40, 0x00, 0x81, 0x22, 0xb0, 0x40, 0x7f, 0x84, 0x24, 0xb0, 0x40, 0x00, 0x81, 0x32, 0xb0, 0x40, 0x7f, 0x84, 0x28,
  0xb0, 0x40, 0x00, 0x81, 0x22, 0xb0, 0x40, 0x7f, 0x82, 0x3e, 0xb0, 0x40, 0x00, 0x7a, 0xb0, 0x40, 0x7f, 0x76, 0xb0,
  0x40, 0x00, 0x7f, 0xb0, 0x40, 0x7f, 0x71, 0xb0, 0x40, 0x00, 0x73, 0xb0, 0x40, 0x7f, 0x82, 0x63, 0xb0, 0x40, 0x00,
  0x81, 0x09, 0xb0, 0x40, 0x7f, 0x82, 0x63, 0xb0, 0x40, 0x00, 0x4e, 0xb0, 0x40, 0x7f, 0x81, 0x17, 0xb0, 0x40, 0x00,
  0x4b, 0xb0, 0x40, 0x7f, 0x81, 0x30, 0xb0, 0x40, 0x00, 0x42, 0xb0, 0x40, 0x7f, 0x85, 0x0e, 0xb0, 0x40, 0x00, 0x5f,
  0xb0, 0x40, 0x7f, 0x81, 0x08, 0xb0, 0x40, 0x00, 0x81, 0x6b, 0xb0, 0x40, 0x7f, 0x85, 0x55, 0xb0, 0x40, 0x00, 0x65,
  0xb0, 0x40, 0x7f, 0x84, 0x6a, 0xb0, 0x40, 0x00, 0x4f, 0xb0, 0x40, 0x7f, 0x81, 0x29, 0xb0, 0x40, 0x00, 0x3f, 0xb0,
  0x40, 0x7f, 0x88, 0x65, 0xb0, 0x40, 0x00, 0x20, 0xb0, 0x40, 0x7f, 0x85, 0x38, 0xb0, 0x40, 0x00, 0x2f, 0xb0, 0x40,
  0x7f, 0x85, 0x19, 0xb0, 0x40, 0x00, 0x2e, 0xb0, 0x40, 0x7f, 0x85, 0x30, 0xb0, 0x40, 0x00, 0x39, 0xb0, 0x40, 0x7f,
  0x83, 0x20, 0xb0, 0x40, 0x00, 0x3c, 0xb0, 0x40, 0x7f, 0x81, 0x33, 0xb0, 0x40, 0x00, 0x3a, 0xb0, 0x40, 0x7f, 0xa1,
  0x63, 0xb0, 0x40, 0x00, 0x81, 0x00, 0xb0, 0x40, 0x7f, 0x83, 0x53, 0xb0, 0x40, 0x00, 0x5b, 0xb0, 0x40, 0x7f, 0x83,
  0x0e, 0xb0, 0x40, 0x00, 0x6b, 0xb0, 0x40, 0x7f, 0x81, 0x3c, 0xb0, 0x40, 0x00, 0x81, 0x35, 0xb0, 0x40, 0x7f, 0x82,
  0x31, 0xb0, 0x40, 0x00, 0x72, 0xb0, 0x40, 0x7f, 0x7e, 0xb0, 0x40, 0x00, 0x81, 0x3c, 0xb0, 0x40, 0x7f, 0x82, 0x23,
  0xb0, 0x40, 0x00, 0x5c, 0xb0, 0x40, 0x7f, 0x81, 0x09, 0xb0, 0x40, 0x00, 0x34, 0xb0, 0x40, 0x7f, 0x81, 0x48, 0xb0,
  0x40, 0x00, 0x55, 0xb0, 0x40, 0x7f, 0x86, 0x6b, 0xb0, 0x40, 0x00, 0x83, 0x1f, 0xb0, 0x40, 0x7f, 0xa6, 0x45, 0xb0,
  0x40, 0x00, 0x00, 0xff, 0x2f, 0x00};
